id,size,loc,door_yn,roof_yn,window_cnt
집_10_여_00061.jpg,small,right,y,y,1 or 2
집_10_여_00093.jpg,small,center,y,y,1 or 2
집_10_여_00148.jpg,middle,center,y,y,1 or 2
집_10_여_00254.jpg,small,center,y,y,more than 3
집_10_여_00398.jpg,middle,center,y,y,1 or 2
집_10_여_00445.jpg,middle,center,y,y,more than 3
집_10_여_00457.jpg,middle,center,y,y,1 or 2
집_10_여_00656.jpg,middle,right,y,y,1 or 2
집_10_여_00675.jpg,middle,center,y,y,1 or 2
집_10_여_00794.jpg,middle,center,y,y,more than 3
집_10_여_00900.jpg,middle,center,y,y,1 or 2
집_10_여_00908.jpg,middle,center,y,y,1 or 2
집_10_여_00930.jpg,middle,center,y,y,1 or 2
집_10_여_01017.jpg,middle,left,y,y,1 or 2
집_10_여_01024.jpg,middle,center,y,y,1 or 2
집_10_여_01109.jpg,middle,center,y,y,more than 3
집_10_여_01170.jpg,middle,center,y,y,1 or 2
집_10_여_01262.jpg,middle,center,y,y,1 or 2
집_10_여_01281.jpg,middle,center,y,y,1 or 2
집_10_여_01312.jpg,middle,center,y,y,1 or 2
집_10_여_01479.jpg,small,left,y,y,more than 3
집_10_여_01493.jpg,middle,center,y,y,1 or 2
집_10_여_01550.jpg,middle,center,y,y,1 or 2
집_10_여_01660.jpg,middle,left,y,y,1 or 2
집_10_여_01743.jpg,small,center,y,y,1 or 2
집_10_여_01760.jpg,middle,center,y,y,1 or 2
집_10_여_01819.jpg,small,center,y,y,1 or 2
집_10_여_01892.jpg,middle,left,y,y,1 or 2
집_10_여_01896.jpg,middle,center,y,y,more than 3
집_10_여_01934.jpg,middle,left,y,y,1 or 2
집_10_여_01964.jpg,middle,center,y,y,1 or 2
집_10_여_02005.jpg,middle,center,y,y,1 or 2
집_10_여_02053.jpg,small,center,y,y,1 or 2
집_10_여_02119.jpg,small,center,y,y,1 or 2
집_10_여_02229.jpg,middle,center,y,y,more than 3
집_10_여_02293.jpg,middle,center,y,y,1 or 2
집_10_여_02337.jpg,big,center,y,y,1 or 2
집_10_여_02508.jpg,middle,center,y,y,1 or 2
집_10_여_02523.jpg,small,left,y,y,1 or 2
집_10_여_02529.jpg,middle,center,y,y,1 or 2
집_10_여_02748.jpg,small,center,y,y,1 or 2
집_10_여_02943.jpg,middle,center,y,y,1 or 2
집_10_여_02959.jpg,middle,left,y,y,1 or 2
집_10_여_03087.jpg,middle,center,y,y,more than 3
집_10_여_03097.jpg,small,left,y,y,1 or 2
집_10_여_03152.jpg,middle,center,y,y,1 or 2
집_10_여_03170.jpg,small,center,y,y,1 or 2
집_10_여_03197.jpg,middle,left,y,y,1 or 2
집_10_여_03237.jpg,middle,center,y,y,1 or 2
집_10_여_03258.jpg,small,center,y,y,1 or 2
집_10_여_03300.jpg,middle,center,y,y,1 or 2
집_10_여_03462.jpg,middle,center,y,y,1 or 2
집_10_여_03552.jpg,middle,center,y,y,1 or 2
집_10_여_03958.jpg,middle,center,y,y,1 or 2
집_10_여_04053.jpg,middle,center,y,y,1 or 2
집_10_여_04099.jpg,middle,right,y,y,1 or 2
집_10_여_04394.jpg,small,left,y,y,1 or 2
집_10_여_04508.jpg,middle,center,y,y,1 or 2
집_10_여_04781.jpg,middle,center,y,y,1 or 2
집_10_여_04847.jpg,middle,center,y,y,1 or 2
집_10_여_05003.jpg,middle,center,y,y,1 or 2
집_10_여_05149.jpg,middle,center,y,y,1 or 2
집_10_여_05388.jpg,middle,left,y,y,1 or 2
집_10_여_05435.jpg,middle,center,y,y,more than 3
집_10_여_05441.jpg,middle,left,y,y,1 or 2
집_10_여_05483.jpg,middle,center,y,y,1 or 2
집_10_여_05537.jpg,middle,center,y,y,1 or 2
집_10_여_05716.jpg,small,left,y,y,1 or 2
집_10_여_05733.jpg,middle,center,y,y,1 or 2
집_10_여_05871.jpg,big,center,y,y,more than 3
집_10_여_05966.jpg,small,right,y,y,1 or 2
집_10_여_06057.jpg,middle,center,y,y,more than 3
집_10_여_06186.jpg,small,right,y,y,1 or 2
집_10_여_06360.jpg,small,left,y,y,1 or 2
집_10_여_06416.jpg,small,center,y,y,1 or 2
집_10_여_06484.jpg,small,center,y,y,1 or 2
집_10_여_06694.jpg,small,left,y,y,1 or 2
집_10_여_06717.jpg,middle,center,y,y,1 or 2
집_10_여_06751.jpg,middle,center,y,y,1 or 2
집_10_여_06995.jpg,small,center,y,y,1 or 2
집_10_여_07120.jpg,middle,center,y,y,1 or 2
집_10_여_07144.jpg,middle,center,y,y,1 or 2
집_10_여_07359.jpg,middle,right,y,y,more than 3
집_10_여_07444.jpg,middle,center,y,y,1 or 2
집_10_여_07453.jpg,middle,center,y,y,1 or 2
집_10_여_07466.jpg,middle,center,y,y,1 or 2
집_10_여_07504.jpg,small,center,y,y,more than 3
집_10_여_07578.jpg,middle,left,y,y,1 or 2
집_10_여_07610.jpg,middle,center,y,y,1 or 2
집_10_여_07643.jpg,middle,center,y,y,1 or 2
집_10_여_07891.jpg,middle,center,y,y,1 or 2
집_10_여_07908.jpg,middle,center,y,y,1 or 2
집_10_여_07931.jpg,middle,left,y,y,more than 3
집_10_여_07932.jpg,middle,center,y,y,1 or 2
집_10_여_08184.jpg,middle,center,y,y,1 or 2
집_10_여_08185.jpg,middle,center,y,y,more than 3
집_10_여_08260.jpg,middle,center,y,y,1 or 2
집_10_여_08274.jpg,middle,center,y,y,more than 3
집_10_여_08295.jpg,middle,center,y,y,1 or 2
집_10_여_08302.jpg,middle,center,y,y,1 or 2
집_10_여_08325.jpg,small,right,y,y,more than 3
집_10_여_08476.jpg,middle,center,y,y,1 or 2
집_10_여_08735.jpg,middle,center,y,y,1 or 2
집_10_여_08757.jpg,middle,center,y,y,more than 3
집_10_여_08779.jpg,middle,center,y,y,1 or 2
집_10_여_08787.jpg,middle,right,y,y,1 or 2
집_10_여_09069.jpg,middle,center,y,y,1 or 2
집_10_여_09075.jpg,middle,center,y,y,1 or 2
집_10_여_09077.jpg,small,center,y,y,1 or 2
집_10_여_09155.jpg,small,right,y,y,1 or 2
집_10_여_09204.jpg,small,right,y,y,more than 3
집_10_여_09260.jpg,small,left,y,y,1 or 2
집_10_여_09300.jpg,middle,left,y,y,1 or 2
집_10_여_09356.jpg,middle,center,y,y,1 or 2
집_10_여_09359.jpg,middle,left,y,y,1 or 2
집_10_여_09368.jpg,middle,center,y,y,more than 3
집_10_여_09530.jpg,middle,center,y,y,more than 3
집_10_여_09924.jpg,small,center,y,y,1 or 2
집_10_여_09935.jpg,middle,center,y,y,1 or 2
집_10_여_09968.jpg,small,left,y,y,1 or 2
집_10_여_10042.jpg,middle,center,y,y,1 or 2
집_10_여_10062.jpg,middle,center,y,y,more than 3
집_10_여_10126.jpg,middle,center,y,y,more than 3
집_10_여_10227.jpg,small,center,y,y,1 or 2
집_10_여_10369.jpg,middle,right,y,y,1 or 2
집_10_여_10394.jpg,middle,center,y,y,1 or 2
집_10_여_10396.jpg,middle,left,y,y,1 or 2
집_10_여_10587.jpg,big,center,y,y,1 or 2
집_10_여_10671.jpg,small,center,y,y,1 or 2
집_10_여_10691.jpg,small,center,y,y,1 or 2
집_10_여_10832.jpg,small,left,y,y,1 or 2
집_10_여_10835.jpg,middle,center,y,y,1 or 2
집_10_여_10836.jpg,middle,center,y,y,1 or 2
집_10_여_11083.jpg,middle,center,y,y,1 or 2
집_10_여_11138.jpg,middle,center,y,y,1 or 2
집_10_여_11278.jpg,middle,center,y,y,1 or 2
집_10_여_11380.jpg,middle,center,y,y,1 or 2
집_10_여_11410.jpg,small,center,y,y,1 or 2
집_10_여_11582.jpg,middle,center,y,y,1 or 2
집_10_여_11723.jpg,small,center,y,y,1 or 2
집_10_여_11834.jpg,middle,center,y,y,more than 3
집_10_여_11850.jpg,middle,right,y,y,1 or 2
집_10_여_11892.jpg,middle,left,y,y,more than 3
집_10_여_11971.jpg,small,center,y,y,more than 3
집_10_여_12056.jpg,middle,center,y,y,1 or 2
집_10_여_12095.jpg,small,center,y,y,more than 3
집_10_여_12146.jpg,middle,center,y,y,1 or 2
집_10_여_12153.jpg,middle,center,y,y,1 or 2
집_10_여_12159.jpg,middle,center,y,y,more than 3
집_10_여_12249.jpg,middle,center,y,y,more than 3
집_10_여_12403.jpg,middle,center,y,y,1 or 2
집_10_여_12531.jpg,big,center,y,y,1 or 2
집_10_여_12574.jpg,small,center,y,y,1 or 2
집_10_여_12687.jpg,middle,center,y,y,1 or 2
집_10_여_12693.jpg,middle,center,y,y,1 or 2
집_10_여_12772.jpg,middle,center,y,y,more than 3
집_10_여_12854.jpg,small,center,y,y,more than 3
집_10_여_12985.jpg,middle,center,y,y,1 or 2
집_10_여_13023.jpg,small,right,y,y,1 or 2
집_10_여_13090.jpg,middle,center,y,y,1 or 2
집_10_여_13153.jpg,middle,center,y,y,1 or 2
집_10_여_13157.jpg,small,left,y,y,1 or 2
집_10_여_13188.jpg,middle,center,y,y,1 or 2
집_10_여_13640.jpg,small,center,y,y,1 or 2
집_10_여_13652.jpg,middle,center,y,y,1 or 2
집_10_여_13685.jpg,small,center,y,y,1 or 2
집_10_여_13695.jpg,big,center,y,y,1 or 2
집_10_여_13963.jpg,middle,center,y,y,1 or 2
집_10_남_00045.jpg,small,center,y,y,more than 3
집_10_남_00088.jpg,middle,center,y,y,more than 3
집_10_남_00095.jpg,small,center,y,y,1 or 2
집_10_남_00134.jpg,small,center,y,y,1 or 2
집_10_남_00154.jpg,middle,left,y,y,more than 3
집_10_남_00167.jpg,middle,center,y,y,1 or 2
집_10_남_00189.jpg,middle,center,y,y,1 or 2
집_10_남_00270.jpg,middle,center,y,y,more than 3
집_10_남_00470.jpg,small,center,y,y,1 or 2
집_10_남_00621.jpg,middle,center,y,y,1 or 2
집_10_남_00627.jpg,middle,center,y,y,1 or 2
집_10_남_00718.jpg,middle,center,y,y,1 or 2
집_10_남_00770.jpg,middle,right,y,y,1 or 2
집_10_남_00835.jpg,middle,center,y,y,1 or 2
집_10_남_00873.jpg,middle,center,y,y,1 or 2
집_10_남_00905.jpg,middle,center,y,y,1 or 2
집_10_남_00918.jpg,middle,center,y,y,1 or 2
집_10_남_01025.jpg,middle,center,y,y,1 or 2
집_10_남_01146.jpg,small,center,y,y,1 or 2
집_10_남_01190.jpg,middle,center,y,y,1 or 2
집_10_남_01267.jpg,middle,center,y,y,more than 3
집_10_남_01393.jpg,middle,center,y,y,1 or 2
집_10_남_01401.jpg,middle,center,y,y,1 or 2
집_10_남_01540.jpg,middle,center,y,y,1 or 2
집_10_남_01543.jpg,small,left,y,y,more than 3
집_10_남_01565.jpg,middle,left,y,y,1 or 2
집_10_남_01606.jpg,middle,center,y,y,1 or 2
집_10_남_01685.jpg,small,center,y,y,1 or 2
집_10_남_01755.jpg,middle,left,y,y,1 or 2
집_10_남_01808.jpg,small,center,y,y,1 or 2
집_10_남_01817.jpg,middle,center,y,y,1 or 2
집_10_남_01844.jpg,middle,left,y,y,1 or 2
집_10_남_01866.jpg,small,center,y,y,1 or 2
집_10_남_01907.jpg,middle,center,y,y,1 or 2
집_10_남_01959.jpg,middle,center,y,y,1 or 2
집_10_남_02011.jpg,middle,center,y,y,1 or 2
집_10_남_02037.jpg,middle,center,y,y,1 or 2
집_10_남_02367.jpg,middle,center,y,y,1 or 2
집_10_남_02375.jpg,middle,center,y,y,1 or 2
집_10_남_02479.jpg,small,center,y,y,more than 3
집_10_남_02609.jpg,small,right,y,y,1 or 2
집_10_남_02630.jpg,small,center,y,y,1 or 2
집_10_남_02637.jpg,small,center,y,y,1 or 2
집_10_남_02707.jpg,middle,center,y,y,1 or 2
집_10_남_02835.jpg,middle,center,y,y,1 or 2
집_10_남_02839.jpg,middle,center,y,y,1 or 2
집_10_남_02924.jpg,small,center,y,y,1 or 2
집_10_남_02954.jpg,middle,right,y,y,1 or 2
집_10_남_02970.jpg,middle,center,y,y,more than 3
집_10_남_03111.jpg,middle,center,y,y,1 or 2
집_10_남_03188.jpg,middle,center,y,y,1 or 2
집_10_남_03281.jpg,middle,left,y,y,1 or 2
집_10_남_03293.jpg,small,center,y,y,1 or 2
집_10_남_03360.jpg,small,right,y,y,1 or 2
집_10_남_03409.jpg,middle,center,y,y,1 or 2
집_10_남_03488.jpg,small,center,y,y,1 or 2
집_10_남_03516.jpg,middle,center,y,y,more than 3
집_10_남_03562.jpg,middle,left,y,y,1 or 2
집_10_남_03677.jpg,middle,center,y,y,1 or 2
집_10_남_03758.jpg,middle,center,y,y,more than 3
집_10_남_03762.jpg,middle,center,y,y,1 or 2
집_10_남_03806.jpg,middle,center,y,y,1 or 2
집_10_남_03899.jpg,middle,left,n,n,absence
집_10_남_04011.jpg,middle,center,y,y,1 or 2
집_10_남_04129.jpg,small,center,y,y,1 or 2
집_10_남_04191.jpg,middle,center,y,y,1 or 2
집_10_남_04196.jpg,small,left,y,y,1 or 2
집_10_남_04210.jpg,small,center,y,y,more than 3
집_10_남_04276.jpg,middle,center,y,y,1 or 2
집_10_남_04412.jpg,middle,center,y,y,1 or 2
집_10_남_04426.jpg,small,center,y,y,1 or 2
집_10_남_04535.jpg,middle,center,y,y,more than 3
집_10_남_04617.jpg,small,center,y,y,1 or 2
집_10_남_04672.jpg,small,center,y,y,1 or 2
집_10_남_04684.jpg,middle,center,y,y,1 or 2
집_10_남_04705.jpg,middle,center,y,y,1 or 2
집_10_남_04738.jpg,middle,left,y,y,1 or 2
집_10_남_04787.jpg,small,center,y,y,1 or 2
집_10_남_04799.jpg,small,center,y,y,1 or 2
집_10_남_04885.jpg,middle,center,y,y,1 or 2
집_10_남_04991.jpg,small,left,y,y,1 or 2
집_10_남_05006.jpg,middle,right,y,y,more than 3
집_10_남_05445.jpg,middle,center,y,y,more than 3
집_10_남_05503.jpg,middle,center,y,y,1 or 2
집_10_남_05589.jpg,middle,center,y,y,more than 3
집_10_남_05734.jpg,middle,center,y,y,1 or 2
집_10_남_05748.jpg,middle,center,y,y,1 or 2
집_10_남_05799.jpg,small,center,y,y,1 or 2
집_10_남_05924.jpg,small,center,y,y,1 or 2
집_10_남_05933.jpg,small,center,y,y,1 or 2
집_10_남_06021.jpg,middle,center,y,y,1 or 2
집_10_남_06040.jpg,big,center,y,y,1 or 2
집_10_남_06089.jpg,small,center,y,y,1 or 2
집_10_남_06134.jpg,small,center,y,y,1 or 2
집_10_남_06142.jpg,small,center,y,y,1 or 2
집_10_남_06156.jpg,small,left,y,y,1 or 2
집_10_남_06263.jpg,small,center,y,y,1 or 2
집_10_남_06282.jpg,small,center,y,y,1 or 2
집_10_남_06303.jpg,small,left,y,y,1 or 2
집_10_남_06409.jpg,middle,left,y,y,1 or 2
집_10_남_06493.jpg,small,left,y,y,1 or 2
집_10_남_06540.jpg,small,center,y,y,1 or 2
집_10_남_06564.jpg,middle,center,y,y,1 or 2
집_10_남_06568.jpg,small,center,y,y,1 or 2
집_10_남_06773.jpg,small,center,y,y,1 or 2
집_10_남_06780.jpg,small,left,y,y,1 or 2
집_10_남_06816.jpg,middle,center,y,y,1 or 2
집_10_남_06817.jpg,middle,center,y,y,1 or 2
집_10_남_06885.jpg,small,center,y,y,1 or 2
집_10_남_06907.jpg,middle,center,y,y,1 or 2
집_10_남_07053.jpg,small,center,y,y,1 or 2
집_10_남_07175.jpg,middle,left,y,y,1 or 2
집_10_남_07258.jpg,small,center,y,y,1 or 2
집_10_남_07365.jpg,small,center,y,y,1 or 2
집_10_남_07384.jpg,small,center,y,y,1 or 2
집_10_남_07493.jpg,small,left,y,y,1 or 2
집_10_남_07499.jpg,middle,center,y,y,1 or 2
집_10_남_07523.jpg,middle,center,y,y,1 or 2
집_10_남_07535.jpg,middle,center,y,y,1 or 2
집_10_남_07536.jpg,middle,center,y,y,1 or 2
집_10_남_07589.jpg,small,left,y,y,more than 3
집_10_남_07657.jpg,small,center,y,y,1 or 2
집_10_남_07834.jpg,small,center,y,y,1 or 2
집_10_남_07843.jpg,middle,center,y,y,1 or 2
집_10_남_07863.jpg,middle,left,y,y,1 or 2
집_10_남_07890.jpg,middle,center,y,y,1 or 2
집_10_남_07901.jpg,middle,center,y,y,1 or 2
집_10_남_07944.jpg,middle,center,y,y,1 or 2
집_10_남_08117.jpg,small,center,y,y,1 or 2
집_10_남_08127.jpg,middle,center,y,y,1 or 2
집_10_남_08138.jpg,middle,center,y,y,1 or 2
집_10_남_08335.jpg,middle,center,y,y,more than 3
집_10_남_08346.jpg,middle,center,y,y,absence
집_10_남_08421.jpg,middle,right,y,y,1 or 2
집_10_남_08447.jpg,middle,left,y,y,1 or 2
집_10_남_08554.jpg,small,left,y,y,1 or 2
집_10_남_08555.jpg,small,center,y,y,more than 3
집_10_남_08667.jpg,middle,center,y,y,1 or 2
집_10_남_08737.jpg,small,center,y,y,1 or 2
집_10_남_09086.jpg,middle,left,y,y,1 or 2
집_10_남_09197.jpg,middle,center,y,y,more than 3
집_10_남_09207.jpg,small,center,y,y,more than 3
집_10_남_09208.jpg,small,center,y,y,1 or 2
집_10_남_09214.jpg,middle,center,y,y,1 or 2
집_10_남_09286.jpg,middle,center,y,y,1 or 2
집_10_남_09307.jpg,small,center,y,y,1 or 2
집_10_남_09353.jpg,small,center,y,y,1 or 2
집_10_남_09426.jpg,middle,center,y,y,1 or 2
집_10_남_09433.jpg,small,center,y,y,1 or 2
집_10_남_09565.jpg,small,left,y,y,1 or 2
집_10_남_09592.jpg,middle,center,y,y,more than 3
집_10_남_09673.jpg,middle,center,y,y,1 or 2
집_10_남_09763.jpg,middle,right,y,y,1 or 2
집_10_남_09795.jpg,middle,center,y,y,1 or 2
집_10_남_09803.jpg,middle,center,y,y,1 or 2
집_10_남_09830.jpg,middle,center,y,y,1 or 2
집_10_남_09848.jpg,middle,center,y,y,1 or 2
집_10_남_09875.jpg,small,right,y,y,1 or 2
집_10_남_09883.jpg,middle,center,y,y,1 or 2
집_10_남_10014.jpg,small,center,y,y,1 or 2
집_10_남_10072.jpg,middle,center,y,y,1 or 2
집_10_남_10135.jpg,middle,center,y,y,1 or 2
집_10_남_10152.jpg,middle,center,y,y,1 or 2
집_10_남_10156.jpg,small,center,y,y,1 or 2
집_10_남_10192.jpg,middle,center,y,y,more than 3
집_10_남_10225.jpg,small,center,y,y,1 or 2
집_10_남_10483.jpg,small,center,y,y,1 or 2
집_10_남_10508.jpg,middle,center,y,y,1 or 2
집_10_남_10673.jpg,middle,center,y,y,1 or 2
집_10_남_10695.jpg,middle,left,y,y,1 or 2
집_10_남_10731.jpg,small,center,y,y,1 or 2
집_10_남_10769.jpg,middle,center,y,y,1 or 2
집_10_남_10966.jpg,middle,center,y,y,1 or 2
집_10_남_10997.jpg,middle,center,y,y,1 or 2
집_10_남_11020.jpg,middle,center,y,y,1 or 2
집_10_남_11030.jpg,small,center,y,y,1 or 2
집_10_남_11059.jpg,small,center,y,y,1 or 2
집_10_남_11109.jpg,small,right,y,y,1 or 2
집_10_남_11156.jpg,small,center,y,y,1 or 2
집_10_남_11208.jpg,middle,center,y,y,1 or 2
집_10_남_11263.jpg,middle,right,y,y,1 or 2
집_10_남_11342.jpg,middle,center,y,y,1 or 2
집_10_남_11343.jpg,small,center,y,y,1 or 2
집_10_남_11379.jpg,middle,center,y,y,1 or 2
집_10_남_11394.jpg,small,left,y,y,1 or 2
집_10_남_11397.jpg,middle,center,y,y,1 or 2
집_10_남_11400.jpg,small,left,y,y,more than 3
집_10_남_11426.jpg,middle,center,y,y,more than 3
집_10_남_11515.jpg,middle,right,y,y,1 or 2
집_10_남_11552.jpg,small,center,y,y,1 or 2
집_10_남_11570.jpg,middle,left,y,y,more than 3
집_10_남_11638.jpg,big,center,y,y,1 or 2
집_10_남_11715.jpg,middle,center,y,y,1 or 2
집_10_남_11743.jpg,middle,left,y,y,1 or 2
집_10_남_11750.jpg,middle,center,y,y,1 or 2
집_10_남_11752.jpg,middle,center,y,y,1 or 2
집_10_남_11780.jpg,small,center,y,y,1 or 2
집_10_남_11881.jpg,small,center,y,y,1 or 2
집_10_남_11951.jpg,small,center,y,y,more than 3
집_10_남_12002.jpg,small,center,y,y,1 or 2
집_10_남_12028.jpg,middle,center,y,y,more than 3
집_10_남_12043.jpg,middle,left,y,y,1 or 2
집_10_남_12044.jpg,small,center,n,y,1 or 2
집_10_남_12103.jpg,middle,center,y,y,1 or 2
집_10_남_12145.jpg,middle,left,y,y,1 or 2
집_10_남_12240.jpg,small,center,y,y,1 or 2
집_10_남_12280.jpg,middle,center,y,y,1 or 2
집_10_남_12307.jpg,small,left,y,y,1 or 2
집_10_남_12315.jpg,small,center,y,y,1 or 2
집_10_남_12380.jpg,small,center,y,y,1 or 2
집_10_남_12384.jpg,small,center,y,y,1 or 2
집_10_남_12392.jpg,middle,center,y,y,1 or 2
집_10_남_12394.jpg,middle,center,y,y,1 or 2
집_10_남_12408.jpg,small,center,y,y,1 or 2
집_10_남_12425.jpg,middle,center,y,y,1 or 2
집_10_남_12426.jpg,middle,center,y,y,more than 3
집_10_남_12465.jpg,small,center,y,y,1 or 2
집_10_남_12533.jpg,middle,center,y,y,1 or 2
집_10_남_12578.jpg,small,center,y,y,1 or 2
집_10_남_12626.jpg,middle,center,y,y,1 or 2
집_10_남_12908.jpg,middle,center,y,y,1 or 2
집_10_남_12943.jpg,middle,center,y,y,1 or 2
집_10_남_13216.jpg,middle,center,y,y,1 or 2
집_10_남_13221.jpg,small,center,y,y,1 or 2
집_10_남_13276.jpg,middle,center,y,y,1 or 2
집_10_남_13452.jpg,middle,center,y,y,1 or 2
집_10_남_13622.jpg,middle,center,y,y,more than 3
집_10_남_13680.jpg,middle,center,y,y,1 or 2
집_10_남_13732.jpg,middle,right,y,y,1 or 2
집_10_남_13846.jpg,small,center,y,y,more than 3
집_10_남_13905.jpg,middle,center,y,y,1 or 2
집_11_여_00053.jpg,middle,right,y,y,1 or 2
집_11_여_00055.jpg,middle,center,y,y,1 or 2
집_11_여_00115.jpg,middle,center,y,y,1 or 2
집_11_여_00235.jpg,middle,center,y,y,1 or 2
집_11_여_00256.jpg,middle,center,y,y,1 or 2
집_11_여_00383.jpg,small,center,y,y,1 or 2
집_11_여_00441.jpg,small,right,y,y,1 or 2
집_11_여_00444.jpg,middle,center,y,y,1 or 2
집_11_여_00460.jpg,middle,left,y,y,1 or 2
집_11_여_00508.jpg,small,center,y,y,1 or 2
집_11_여_00562.jpg,big,center,y,y,1 or 2
집_11_여_00637.jpg,big,center,y,y,1 or 2
집_11_여_00659.jpg,middle,center,y,y,1 or 2
집_11_여_00681.jpg,middle,center,y,y,1 or 2
집_11_여_01018.jpg,middle,center,y,y,1 or 2
집_11_여_01020.jpg,middle,center,y,y,1 or 2
집_11_여_01021.jpg,middle,center,y,y,1 or 2
집_11_여_01118.jpg,middle,center,y,y,more than 3
집_11_여_01124.jpg,middle,center,y,y,1 or 2
집_11_여_01151.jpg,small,left,y,y,1 or 2
집_11_여_01201.jpg,middle,left,y,y,1 or 2
집_11_여_01282.jpg,small,center,y,y,1 or 2
집_11_여_01324.jpg,small,center,y,y,1 or 2
집_11_여_01335.jpg,small,left,y,y,1 or 2
집_11_여_01375.jpg,small,right,y,y,1 or 2
집_11_여_01383.jpg,middle,center,y,y,more than 3
집_11_여_01398.jpg,small,right,y,y,1 or 2
집_11_여_01421.jpg,small,center,y,y,1 or 2
집_11_여_01490.jpg,middle,center,y,y,1 or 2
집_11_여_01532.jpg,small,center,y,y,1 or 2
집_11_여_01598.jpg,middle,center,y,y,1 or 2
집_11_여_01667.jpg,big,center,y,y,1 or 2
집_11_여_01729.jpg,middle,center,y,y,absence
집_11_여_01770.jpg,middle,center,y,y,1 or 2
집_11_여_01822.jpg,small,center,y,y,more than 3
집_11_여_01864.jpg,small,center,y,y,1 or 2
집_11_여_01961.jpg,big,center,y,y,1 or 2
집_11_여_01968.jpg,small,left,y,y,1 or 2
집_11_여_01991.jpg,middle,center,y,y,1 or 2
집_11_여_01997.jpg,small,center,y,y,1 or 2
집_11_여_02046.jpg,small,center,y,y,1 or 2
집_11_여_02157.jpg,big,center,y,y,1 or 2
집_11_여_02160.jpg,small,center,y,y,more than 3
집_11_여_02450.jpg,small,left,y,y,1 or 2
집_11_여_02488.jpg,middle,center,y,y,1 or 2
집_11_여_02509.jpg,small,center,y,y,1 or 2
집_11_여_02557.jpg,small,right,y,y,more than 3
집_11_여_02577.jpg,middle,center,y,y,1 or 2
집_11_여_02626.jpg,small,center,y,y,1 or 2
집_11_여_02705.jpg,small,left,y,y,1 or 2
집_11_여_02800.jpg,small,center,y,y,1 or 2
집_11_여_02842.jpg,middle,center,y,y,1 or 2
집_11_여_02881.jpg,small,center,y,y,1 or 2
집_11_여_03000.jpg,middle,center,y,y,1 or 2
집_11_여_03117.jpg,middle,center,y,y,more than 3
집_11_여_03130.jpg,small,left,y,y,1 or 2
집_11_여_03157.jpg,middle,center,y,y,1 or 2
집_11_여_03161.jpg,middle,center,y,y,1 or 2
집_11_여_03269.jpg,middle,center,y,y,1 or 2
집_11_여_03455.jpg,middle,left,y,y,1 or 2
집_11_여_03470.jpg,middle,center,y,y,more than 3
집_11_여_03498.jpg,middle,center,y,y,1 or 2
집_11_여_03518.jpg,middle,center,y,y,more than 3
집_11_여_03569.jpg,middle,center,y,y,1 or 2
집_11_여_03576.jpg,small,left,y,y,1 or 2
집_11_여_03605.jpg,middle,center,y,y,1 or 2
집_11_여_03633.jpg,middle,center,y,y,absence
집_11_여_03743.jpg,middle,center,y,y,1 or 2
집_11_여_03904.jpg,middle,center,y,y,1 or 2
집_11_여_04019.jpg,middle,center,y,y,1 or 2
집_11_여_04048.jpg,middle,center,y,y,1 or 2
집_11_여_04062.jpg,middle,center,y,y,more than 3
집_11_여_04144.jpg,middle,center,y,y,1 or 2
집_11_여_04168.jpg,middle,center,y,y,1 or 2
집_11_여_04223.jpg,middle,center,y,y,1 or 2
집_11_여_04233.jpg,middle,center,y,y,1 or 2
집_11_여_04285.jpg,middle,center,y,y,1 or 2
집_11_여_04390.jpg,small,center,y,y,1 or 2
집_11_여_04408.jpg,middle,center,y,y,1 or 2
집_11_여_04423.jpg,middle,center,y,y,1 or 2
집_11_여_04434.jpg,middle,center,y,y,1 or 2
집_11_여_04444.jpg,middle,left,y,y,1 or 2
집_11_여_04486.jpg,middle,center,y,y,more than 3
집_11_여_04533.jpg,big,center,y,y,1 or 2
집_11_여_04539.jpg,small,left,y,y,1 or 2
집_11_여_04621.jpg,small,center,y,y,1 or 2
집_11_여_04655.jpg,middle,center,y,y,1 or 2
집_11_여_04690.jpg,middle,center,y,y,1 or 2
집_11_여_04721.jpg,middle,center,y,y,1 or 2
집_11_여_04811.jpg,middle,center,y,y,1 or 2
집_11_여_04891.jpg,middle,center,y,y,1 or 2
집_11_여_04921.jpg,small,left,y,y,1 or 2
집_11_여_04936.jpg,middle,center,y,y,more than 3
집_11_여_04941.jpg,small,left,y,y,1 or 2
집_11_여_04964.jpg,small,left,y,y,1 or 2
집_11_여_04984.jpg,middle,center,y,y,more than 3
집_11_여_05078.jpg,middle,left,y,y,1 or 2
집_11_여_05133.jpg,small,left,y,y,1 or 2
집_11_여_05199.jpg,small,left,y,y,more than 3
집_11_여_05234.jpg,small,center,y,y,1 or 2
집_11_여_05404.jpg,middle,center,y,y,1 or 2
집_11_여_05427.jpg,small,center,y,y,1 or 2
집_11_여_05453.jpg,middle,center,y,y,1 or 2
집_11_여_05512.jpg,middle,center,y,y,1 or 2
집_11_여_05609.jpg,middle,center,y,y,1 or 2
집_11_여_05829.jpg,middle,center,y,y,1 or 2
집_11_여_05848.jpg,middle,center,y,y,1 or 2
집_11_여_05852.jpg,middle,center,y,y,1 or 2
집_11_여_05965.jpg,small,right,y,y,1 or 2
집_11_여_05987.jpg,middle,center,y,y,more than 3
집_11_여_06119.jpg,small,center,y,y,1 or 2
집_11_여_06218.jpg,small,center,y,y,1 or 2
집_11_여_06242.jpg,small,center,y,y,absence
집_11_여_06464.jpg,middle,center,y,y,more than 3
집_11_여_06516.jpg,middle,center,y,y,1 or 2
집_11_여_06551.jpg,middle,center,y,y,1 or 2
집_11_여_06763.jpg,small,right,y,y,more than 3
집_11_여_06785.jpg,small,left,y,y,1 or 2
집_11_여_06864.jpg,middle,center,y,y,1 or 2
집_11_여_06898.jpg,small,center,y,y,1 or 2
집_11_여_06927.jpg,small,right,y,y,more than 3
집_11_여_07116.jpg,small,center,y,y,more than 3
집_11_여_07217.jpg,middle,center,y,y,1 or 2
집_11_여_07526.jpg,middle,center,y,y,1 or 2
집_11_여_07534.jpg,middle,right,y,y,1 or 2
집_11_여_07839.jpg,middle,center,y,y,1 or 2
집_11_여_07896.jpg,middle,center,y,y,1 or 2
집_11_여_07965.jpg,middle,center,y,y,1 or 2
집_11_여_07974.jpg,middle,left,y,y,1 or 2
집_11_여_08091.jpg,middle,center,y,y,1 or 2
집_11_여_08157.jpg,middle,center,y,y,1 or 2
집_11_여_08194.jpg,small,center,y,y,1 or 2
집_11_여_08328.jpg,middle,center,y,y,1 or 2
집_11_여_08354.jpg,middle,center,y,y,1 or 2
집_11_여_08357.jpg,middle,left,y,y,1 or 2
집_11_여_08641.jpg,middle,center,y,y,1 or 2
집_11_여_08790.jpg,small,left,y,y,1 or 2
집_11_여_08991.jpg,middle,center,y,y,1 or 2
집_11_여_09147.jpg,middle,center,y,y,1 or 2
집_11_여_09376.jpg,small,left,y,y,more than 3
집_11_여_09419.jpg,middle,right,y,y,1 or 2
집_11_여_09482.jpg,middle,center,y,y,1 or 2
집_11_여_09522.jpg,small,left,y,y,1 or 2
집_11_여_09597.jpg,middle,center,y,y,1 or 2
집_11_여_09662.jpg,middle,center,y,y,1 or 2
집_11_여_09749.jpg,small,center,y,y,1 or 2
집_11_여_09774.jpg,small,center,y,y,1 or 2
집_11_여_09825.jpg,small,left,y,y,1 or 2
집_11_여_09847.jpg,small,center,y,y,1 or 2
집_11_여_09930.jpg,middle,center,y,y,1 or 2
집_11_여_10022.jpg,middle,center,y,y,1 or 2
집_11_여_10070.jpg,middle,center,y,y,1 or 2
집_11_여_10153.jpg,small,center,y,y,1 or 2
집_11_여_10188.jpg,small,left,y,y,1 or 2
집_11_여_10218.jpg,small,left,y,y,1 or 2
집_11_여_10219.jpg,middle,right,y,y,1 or 2
집_11_여_10235.jpg,small,center,y,y,1 or 2
집_11_여_10304.jpg,small,center,y,y,1 or 2
집_11_여_10322.jpg,small,center,n,y,1 or 2
집_11_여_10399.jpg,small,center,y,y,1 or 2
집_11_여_10418.jpg,middle,center,y,y,1 or 2
집_11_여_10422.jpg,small,right,y,y,1 or 2
집_11_여_10441.jpg,middle,center,y,y,1 or 2
집_11_여_10477.jpg,small,center,y,y,1 or 2
집_11_여_10482.jpg,middle,right,y,y,1 or 2
집_11_여_10501.jpg,middle,right,y,y,1 or 2
집_11_여_10520.jpg,middle,center,y,y,1 or 2
집_11_여_10601.jpg,middle,center,y,y,1 or 2
집_11_여_10667.jpg,small,right,y,y,1 or 2
집_11_여_10707.jpg,middle,center,y,y,1 or 2
집_11_여_10735.jpg,middle,center,y,y,1 or 2
집_11_여_10808.jpg,middle,center,y,y,1 or 2
집_11_여_10818.jpg,small,left,y,y,1 or 2
집_11_여_10892.jpg,middle,right,y,y,1 or 2
집_11_여_10921.jpg,small,center,y,y,1 or 2
집_11_여_10990.jpg,middle,center,y,y,1 or 2
집_11_여_11065.jpg,middle,center,y,y,1 or 2
집_11_여_11102.jpg,middle,left,y,y,1 or 2
집_11_여_11117.jpg,small,center,y,y,1 or 2
집_11_여_11142.jpg,middle,right,y,y,1 or 2
집_11_여_11195.jpg,middle,center,y,y,more than 3
집_11_여_11289.jpg,small,center,y,y,1 or 2
집_11_여_11346.jpg,middle,center,y,y,1 or 2
집_11_여_11440.jpg,middle,center,y,y,1 or 2
집_11_여_11467.jpg,middle,center,y,y,1 or 2
집_11_여_11510.jpg,middle,left,y,y,more than 3
집_11_여_11590.jpg,small,center,y,y,1 or 2
집_11_여_11600.jpg,middle,center,y,y,more than 3
집_11_여_11748.jpg,middle,center,y,y,1 or 2
집_11_여_11755.jpg,small,center,y,y,1 or 2
집_11_여_11902.jpg,middle,left,y,y,more than 3
집_11_여_11988.jpg,small,center,y,y,1 or 2
집_11_여_12278.jpg,middle,center,y,y,1 or 2
집_11_여_12358.jpg,middle,center,y,y,1 or 2
집_11_여_12474.jpg,middle,left,y,y,1 or 2
집_11_여_12494.jpg,middle,left,y,y,1 or 2
집_11_여_12508.jpg,small,center,y,y,1 or 2
집_11_여_12516.jpg,small,center,y,y,1 or 2
집_11_여_12520.jpg,middle,center,y,y,more than 3
집_11_여_12729.jpg,middle,center,y,y,more than 3
집_11_여_12892.jpg,middle,center,y,y,1 or 2
집_11_여_12901.jpg,middle,center,y,y,1 or 2
집_11_여_13016.jpg,middle,right,y,y,1 or 2
집_11_여_13099.jpg,middle,right,y,y,1 or 2
집_11_여_13161.jpg,middle,center,y,y,1 or 2
집_11_여_13310.jpg,middle,center,y,y,more than 3
집_11_여_13322.jpg,middle,center,y,y,1 or 2
집_11_여_13326.jpg,middle,center,y,y,1 or 2
집_11_여_13421.jpg,small,center,y,y,1 or 2
집_11_여_13426.jpg,small,left,y,y,1 or 2
집_11_여_13435.jpg,small,right,y,y,1 or 2
집_11_여_13460.jpg,middle,center,y,y,more than 3
집_11_여_13480.jpg,middle,center,y,y,1 or 2
집_11_여_13512.jpg,middle,center,y,y,1 or 2
집_11_여_13555.jpg,middle,left,y,y,1 or 2
집_11_여_13567.jpg,small,center,y,y,1 or 2
집_11_여_13599.jpg,small,center,y,y,more than 3
집_11_여_13669.jpg,middle,center,y,y,1 or 2
집_11_여_13674.jpg,middle,center,y,y,1 or 2
집_11_여_13869.jpg,middle,center,y,y,1 or 2
집_11_여_13906.jpg,small,center,y,y,1 or 2
집_11_여_13922.jpg,middle,center,y,y,1 or 2
집_11_여_13946.jpg,middle,center,y,y,1 or 2
집_11_남_00013.jpg,small,center,y,y,1 or 2
집_11_남_00038.jpg,small,center,y,y,1 or 2
집_11_남_00041.jpg,middle,center,y,y,1 or 2
집_11_남_00051.jpg,small,right,y,y,1 or 2
집_11_남_00058.jpg,middle,center,y,y,1 or 2
집_11_남_00063.jpg,middle,center,y,y,more than 3
집_11_남_00100.jpg,middle,center,y,y,1 or 2
집_11_남_00142.jpg,big,center,y,y,1 or 2
집_11_남_00169.jpg,small,left,y,y,1 or 2
집_11_남_00186.jpg,big,center,y,y,1 or 2
집_11_남_00202.jpg,small,center,n,y,1 or 2
집_11_남_00299.jpg,middle,center,y,y,1 or 2
집_11_남_00324.jpg,middle,center,y,y,1 or 2
집_11_남_00406.jpg,middle,center,n,y,more than 3
집_11_남_00466.jpg,middle,center,y,y,1 or 2
집_11_남_00685.jpg,middle,center,y,y,1 or 2
집_11_남_00705.jpg,small,center,y,y,1 or 2
집_11_남_00849.jpg,middle,center,y,y,1 or 2
집_11_남_00892.jpg,small,center,y,y,1 or 2
집_11_남_00915.jpg,middle,center,y,y,1 or 2
집_11_남_00972.jpg,small,right,y,y,1 or 2
집_11_남_01084.jpg,small,center,y,y,1 or 2
집_11_남_01086.jpg,big,center,y,y,more than 3
집_11_남_01105.jpg,small,center,y,y,more than 3
집_11_남_01175.jpg,middle,center,y,y,1 or 2
집_11_남_01189.jpg,small,left,y,y,1 or 2
집_11_남_01373.jpg,middle,center,y,y,1 or 2
집_11_남_01450.jpg,small,center,y,y,1 or 2
집_11_남_01651.jpg,middle,center,y,y,more than 3
집_11_남_01742.jpg,middle,center,y,y,1 or 2
집_11_남_01758.jpg,small,right,y,y,1 or 2
집_11_남_01779.jpg,middle,center,y,y,1 or 2
집_11_남_01804.jpg,small,left,y,y,more than 3
집_11_남_01826.jpg,small,left,y,y,1 or 2
집_11_남_01879.jpg,middle,center,y,y,1 or 2
집_11_남_01913.jpg,middle,center,y,y,1 or 2
집_11_남_01924.jpg,middle,center,y,y,more than 3
집_11_남_02012.jpg,middle,center,y,y,more than 3
집_11_남_02192.jpg,small,left,y,y,1 or 2
집_11_남_02225.jpg,middle,center,y,y,1 or 2
집_11_남_02309.jpg,small,right,y,y,1 or 2
집_11_남_02405.jpg,middle,center,y,y,1 or 2
집_11_남_02546.jpg,small,right,y,y,1 or 2
집_11_남_02562.jpg,middle,center,y,y,1 or 2
집_11_남_02674.jpg,middle,center,y,y,1 or 2
집_11_남_02711.jpg,small,center,y,y,1 or 2
집_11_남_02940.jpg,middle,center,y,y,1 or 2
집_11_남_03021.jpg,small,left,y,y,1 or 2
집_11_남_03103.jpg,middle,center,y,y,1 or 2
집_11_남_03210.jpg,middle,left,y,y,1 or 2
집_11_남_03313.jpg,small,left,y,y,1 or 2
집_11_남_03335.jpg,small,left,y,y,1 or 2
집_11_남_03373.jpg,middle,center,y,y,1 or 2
집_11_남_03383.jpg,small,center,y,y,1 or 2
집_11_남_03405.jpg,middle,center,y,y,1 or 2
집_11_남_03497.jpg,middle,center,y,y,1 or 2
집_11_남_03538.jpg,middle,center,y,y,more than 3
집_11_남_03554.jpg,middle,center,y,y,1 or 2
집_11_남_03640.jpg,middle,center,y,y,1 or 2
집_11_남_03654.jpg,small,left,y,y,1 or 2
집_11_남_03671.jpg,middle,center,y,y,1 or 2
집_11_남_03777.jpg,small,center,y,y,1 or 2
집_11_남_03820.jpg,middle,center,y,y,1 or 2
집_11_남_03907.jpg,small,center,y,y,1 or 2
집_11_남_03948.jpg,middle,left,y,y,more than 3
집_11_남_04069.jpg,middle,center,y,y,1 or 2
집_11_남_04107.jpg,small,left,y,y,1 or 2
집_11_남_04148.jpg,middle,center,y,y,more than 3
집_11_남_04151.jpg,middle,center,y,y,1 or 2
집_11_남_04163.jpg,middle,center,y,y,1 or 2
집_11_남_04171.jpg,middle,left,y,y,1 or 2
집_11_남_04260.jpg,small,center,y,y,1 or 2
집_11_남_04370.jpg,middle,center,y,y,1 or 2
집_11_남_04493.jpg,middle,center,y,y,1 or 2
집_11_남_04543.jpg,middle,left,y,y,1 or 2
집_11_남_04599.jpg,middle,left,y,y,1 or 2
집_11_남_04618.jpg,small,right,y,y,1 or 2
집_11_남_04645.jpg,middle,center,y,y,1 or 2
집_11_남_04673.jpg,small,left,y,y,1 or 2
집_11_남_04717.jpg,middle,center,y,y,1 or 2
집_11_남_04725.jpg,middle,center,y,y,more than 3
집_11_남_04752.jpg,small,center,y,y,1 or 2
집_11_남_04768.jpg,middle,center,y,y,1 or 2
집_11_남_04783.jpg,small,left,y,y,1 or 2
집_11_남_04823.jpg,middle,center,y,y,1 or 2
집_11_남_04852.jpg,middle,center,y,y,1 or 2
집_11_남_04930.jpg,middle,center,y,y,1 or 2
집_11_남_05116.jpg,middle,center,y,y,1 or 2
집_11_남_05128.jpg,middle,center,y,y,1 or 2
집_11_남_05211.jpg,middle,center,y,y,1 or 2
집_11_남_05237.jpg,small,center,y,y,1 or 2
집_11_남_05248.jpg,small,left,y,y,1 or 2
집_11_남_05407.jpg,middle,center,y,y,1 or 2
집_11_남_05446.jpg,small,center,y,y,1 or 2
집_11_남_05478.jpg,middle,center,y,y,1 or 2
집_11_남_05490.jpg,small,center,y,y,1 or 2
집_11_남_05555.jpg,middle,center,y,y,1 or 2
집_11_남_05613.jpg,middle,center,y,y,more than 3
집_11_남_05782.jpg,middle,center,y,y,absence
집_11_남_05803.jpg,middle,left,y,y,1 or 2
집_11_남_05864.jpg,middle,left,y,y,more than 3
집_11_남_05923.jpg,middle,center,y,y,1 or 2
집_11_남_05977.jpg,middle,center,y,y,1 or 2
집_11_남_06150.jpg,small,left,y,y,1 or 2
집_11_남_06174.jpg,middle,center,y,y,1 or 2
집_11_남_06277.jpg,middle,center,y,y,more than 3
집_11_남_06441.jpg,middle,center,y,y,1 or 2
집_11_남_06448.jpg,small,center,y,y,1 or 2
집_11_남_06480.jpg,middle,center,y,y,1 or 2
집_11_남_06513.jpg,middle,center,y,y,1 or 2
집_11_남_06608.jpg,middle,center,y,y,1 or 2
집_11_남_06629.jpg,small,center,y,y,1 or 2
집_11_남_06782.jpg,middle,center,y,y,more than 3
집_11_남_06829.jpg,middle,center,y,y,1 or 2
집_11_남_06957.jpg,middle,center,y,y,1 or 2
집_11_남_07026.jpg,small,left,y,y,1 or 2
집_11_남_07045.jpg,small,center,y,y,1 or 2
집_11_남_07054.jpg,middle,center,y,y,1 or 2
집_11_남_07067.jpg,middle,center,y,y,1 or 2
집_11_남_07098.jpg,middle,center,y,y,more than 3
집_11_남_07119.jpg,small,center,y,y,1 or 2
집_11_남_07136.jpg,middle,center,y,y,1 or 2
집_11_남_07232.jpg,middle,center,y,y,more than 3
집_11_남_07251.jpg,middle,center,y,y,1 or 2
집_11_남_07260.jpg,middle,center,y,y,1 or 2
집_11_남_07289.jpg,middle,center,y,y,1 or 2
집_11_남_07300.jpg,middle,center,y,y,1 or 2
집_11_남_07314.jpg,middle,center,y,y,1 or 2
집_11_남_07334.jpg,middle,center,y,y,1 or 2
집_11_남_07367.jpg,small,left,y,y,1 or 2
집_11_남_07435.jpg,middle,center,y,y,1 or 2
집_11_남_07447.jpg,middle,left,y,y,1 or 2
집_11_남_07505.jpg,small,center,y,y,1 or 2
집_11_남_07620.jpg,middle,center,y,y,1 or 2
집_11_남_07654.jpg,small,center,y,y,1 or 2
집_11_남_07720.jpg,small,center,y,y,more than 3
집_11_남_07742.jpg,middle,center,y,y,1 or 2
집_11_남_07771.jpg,small,left,y,y,1 or 2
집_11_남_07776.jpg,middle,center,y,y,1 or 2
집_11_남_07807.jpg,middle,center,y,y,1 or 2
집_11_남_07845.jpg,middle,center,y,y,1 or 2
집_11_남_08087.jpg,middle,left,y,y,1 or 2
집_11_남_08098.jpg,small,center,y,y,1 or 2
집_11_남_08148.jpg,middle,center,y,y,1 or 2
집_11_남_08170.jpg,small,left,y,y,1 or 2
집_11_남_08176.jpg,middle,center,y,y,1 or 2
집_11_남_08234.jpg,small,left,y,y,1 or 2
집_11_남_08314.jpg,middle,center,y,y,1 or 2
집_11_남_08373.jpg,middle,center,n,y,absence
집_11_남_08376.jpg,small,left,y,y,1 or 2
집_11_남_08409.jpg,small,left,y,y,1 or 2
집_11_남_08479.jpg,middle,center,y,y,more than 3
집_11_남_08493.jpg,middle,center,y,y,1 or 2
집_11_남_08564.jpg,middle,left,y,y,1 or 2
집_11_남_08582.jpg,middle,left,y,y,1 or 2
집_11_남_08604.jpg,small,left,y,y,1 or 2
집_11_남_08649.jpg,small,center,y,y,1 or 2
집_11_남_08654.jpg,middle,center,y,y,1 or 2
집_11_남_08704.jpg,middle,center,y,y,1 or 2
집_11_남_08729.jpg,small,center,y,y,1 or 2
집_11_남_08875.jpg,small,left,y,y,absence
집_11_남_08948.jpg,middle,center,y,y,1 or 2
집_11_남_08963.jpg,middle,center,y,y,1 or 2
집_11_남_09046.jpg,small,left,y,y,1 or 2
집_11_남_09085.jpg,small,left,y,y,1 or 2
집_11_남_09217.jpg,small,right,y,y,1 or 2
집_11_남_09246.jpg,small,left,y,y,more than 3
집_11_남_09343.jpg,small,center,y,y,1 or 2
집_11_남_09560.jpg,middle,center,y,y,1 or 2
집_11_남_09610.jpg,middle,left,y,y,1 or 2
집_11_남_09654.jpg,small,center,y,y,1 or 2
집_11_남_09681.jpg,middle,center,y,y,1 or 2
집_11_남_09716.jpg,middle,center,y,y,more than 3
집_11_남_09762.jpg,middle,center,y,y,1 or 2
집_11_남_09768.jpg,small,left,y,y,1 or 2
집_11_남_09880.jpg,middle,center,y,y,more than 3
집_11_남_09886.jpg,small,left,y,y,1 or 2
집_11_남_09910.jpg,small,left,y,y,1 or 2
집_11_남_09964.jpg,small,right,y,y,1 or 2
집_11_남_10001.jpg,middle,center,y,y,1 or 2
집_11_남_10137.jpg,small,left,y,y,1 or 2
집_11_남_10142.jpg,middle,center,y,y,1 or 2
집_11_남_10237.jpg,small,center,y,y,1 or 2
집_11_남_10361.jpg,middle,center,y,y,1 or 2
집_11_남_10424.jpg,middle,center,y,y,more than 3
집_11_남_10463.jpg,small,right,y,y,1 or 2
집_11_남_10577.jpg,small,center,y,y,1 or 2
집_11_남_10605.jpg,small,center,y,y,1 or 2
집_11_남_10628.jpg,small,center,y,y,1 or 2
집_11_남_10631.jpg,middle,center,y,y,1 or 2
집_11_남_10763.jpg,middle,center,y,y,1 or 2
집_11_남_10785.jpg,middle,center,y,y,1 or 2
집_11_남_10794.jpg,small,center,y,y,1 or 2
집_11_남_10947.jpg,middle,center,y,y,1 or 2
집_11_남_11068.jpg,middle,center,y,y,1 or 2
집_11_남_11069.jpg,small,center,y,y,1 or 2
집_11_남_11164.jpg,middle,center,y,y,1 or 2
집_11_남_11174.jpg,middle,center,y,y,1 or 2
집_11_남_11212.jpg,middle,center,y,y,1 or 2
집_11_남_11261.jpg,middle,center,y,y,1 or 2
집_11_남_11317.jpg,small,center,y,y,1 or 2
집_11_남_11339.jpg,small,left,y,y,1 or 2
집_11_남_11371.jpg,big,center,y,y,more than 3
집_11_남_11433.jpg,middle,center,y,y,1 or 2
집_11_남_11494.jpg,middle,center,y,y,1 or 2
집_11_남_11572.jpg,middle,left,y,y,1 or 2
집_11_남_11821.jpg,middle,center,y,y,1 or 2
집_11_남_11837.jpg,small,left,y,y,more than 3
집_11_남_11859.jpg,middle,center,y,y,1 or 2
집_11_남_11880.jpg,middle,center,y,y,more than 3
집_11_남_11920.jpg,middle,center,y,y,1 or 2
집_11_남_11950.jpg,middle,center,y,y,1 or 2
집_11_남_11969.jpg,small,left,y,y,1 or 2
집_11_남_12078.jpg,small,left,y,y,1 or 2
집_11_남_12109.jpg,middle,center,y,y,more than 3
집_11_남_12115.jpg,middle,center,y,y,1 or 2
집_11_남_12175.jpg,middle,center,y,y,1 or 2
집_11_남_12186.jpg,small,center,y,y,more than 3
집_11_남_12201.jpg,middle,center,y,y,1 or 2
집_11_남_12261.jpg,middle,center,y,y,1 or 2
집_11_남_12276.jpg,middle,center,y,y,1 or 2
집_11_남_12277.jpg,middle,center,y,y,1 or 2
집_11_남_12588.jpg,middle,center,y,y,1 or 2
집_11_남_12665.jpg,middle,center,y,y,1 or 2
집_11_남_12682.jpg,small,left,y,y,1 or 2
집_11_남_12689.jpg,middle,left,y,y,1 or 2
집_11_남_12734.jpg,middle,center,y,y,1 or 2
집_11_남_12740.jpg,small,left,y,y,1 or 2
집_11_남_12814.jpg,middle,left,y,y,more than 3
집_11_남_12820.jpg,middle,right,y,y,1 or 2
집_11_남_12837.jpg,small,center,y,y,1 or 2
집_11_남_12874.jpg,middle,center,y,y,1 or 2
집_11_남_13027.jpg,middle,center,y,y,1 or 2
집_11_남_13044.jpg,middle,center,y,y,1 or 2
집_11_남_13087.jpg,middle,left,y,y,1 or 2
집_11_남_13123.jpg,middle,right,y,y,more than 3
집_11_남_13422.jpg,middle,center,y,y,1 or 2
집_11_남_13440.jpg,small,center,y,y,1 or 2
집_11_남_13467.jpg,small,center,y,y,1 or 2
집_11_남_13529.jpg,middle,center,y,y,1 or 2
집_11_남_13536.jpg,middle,center,y,y,1 or 2
집_11_남_13547.jpg,small,center,y,y,1 or 2
집_11_남_13692.jpg,small,left,y,y,1 or 2
집_11_남_13836.jpg,small,left,y,y,1 or 2
집_11_남_13883.jpg,small,left,y,y,1 or 2
집_11_남_13947.jpg,middle,center,y,y,more than 3
집_11_남_13998.jpg,small,center,y,y,1 or 2
집_12_여_00010.jpg,small,center,y,y,more than 3
집_12_여_00221.jpg,middle,center,y,y,1 or 2
집_12_여_00440.jpg,middle,center,y,y,1 or 2
집_12_여_00454.jpg,middle,center,y,y,1 or 2
집_12_여_00481.jpg,middle,center,y,y,1 or 2
집_12_여_00533.jpg,middle,center,y,y,1 or 2
집_12_여_00593.jpg,middle,center,y,y,1 or 2
집_12_여_00605.jpg,small,center,y,y,1 or 2
집_12_여_00624.jpg,small,right,y,y,more than 3
집_12_여_00664.jpg,middle,center,y,y,1 or 2
집_12_여_00709.jpg,small,center,y,y,1 or 2
집_12_여_00737.jpg,middle,center,y,y,1 or 2
집_12_여_00742.jpg,middle,center,y,y,1 or 2
집_12_여_00781.jpg,middle,center,y,y,1 or 2
집_12_여_00832.jpg,middle,center,y,y,1 or 2
집_12_여_00910.jpg,middle,center,y,y,1 or 2
집_12_여_00923.jpg,small,center,y,y,1 or 2
집_12_여_00929.jpg,small,left,y,y,1 or 2
집_12_여_00938.jpg,middle,center,y,y,more than 3
집_12_여_01066.jpg,small,left,y,y,1 or 2
집_12_여_01107.jpg,small,center,y,y,1 or 2
집_12_여_01150.jpg,middle,center,y,y,1 or 2
집_12_여_01177.jpg,small,center,y,y,1 or 2
집_12_여_01235.jpg,middle,center,y,y,more than 3
집_12_여_01260.jpg,small,right,y,y,1 or 2
집_12_여_01290.jpg,middle,center,y,y,1 or 2
집_12_여_01336.jpg,middle,center,y,y,1 or 2
집_12_여_01385.jpg,small,left,y,y,1 or 2
집_12_여_01415.jpg,middle,center,y,y,1 or 2
집_12_여_01433.jpg,middle,center,y,y,more than 3
집_12_여_01508.jpg,middle,center,y,y,1 or 2
집_12_여_01518.jpg,small,center,y,y,more than 3
집_12_여_01530.jpg,small,center,y,y,1 or 2
집_12_여_01546.jpg,middle,center,y,y,1 or 2
집_12_여_01601.jpg,middle,left,y,y,1 or 2
집_12_여_01665.jpg,small,center,y,y,1 or 2
집_12_여_01701.jpg,small,center,y,y,1 or 2
집_12_여_01733.jpg,middle,left,y,y,1 or 2
집_12_여_01766.jpg,middle,center,y,y,1 or 2
집_12_여_01767.jpg,small,left,y,y,1 or 2
집_12_여_01801.jpg,small,center,y,y,1 or 2
집_12_여_01828.jpg,small,center,y,y,1 or 2
집_12_여_01859.jpg,middle,center,y,y,1 or 2
집_12_여_01901.jpg,middle,center,y,y,1 or 2
집_12_여_01936.jpg,middle,center,y,y,1 or 2
집_12_여_01952.jpg,middle,center,y,y,more than 3
집_12_여_02008.jpg,small,center,y,y,1 or 2
집_12_여_02036.jpg,middle,center,y,y,1 or 2
집_12_여_02087.jpg,middle,center,y,y,1 or 2
집_12_여_02149.jpg,middle,center,y,y,1 or 2
집_12_여_02178.jpg,middle,center,y,y,1 or 2
집_12_여_02369.jpg,small,center,y,y,1 or 2
집_12_여_02457.jpg,small,left,y,y,1 or 2
집_12_여_02517.jpg,middle,center,y,y,1 or 2
집_12_여_02537.jpg,small,left,y,y,1 or 2
집_12_여_02574.jpg,middle,center,y,y,more than 3
집_12_여_02581.jpg,small,center,y,y,1 or 2
집_12_여_02588.jpg,middle,center,y,y,1 or 2
집_12_여_02738.jpg,middle,center,y,y,1 or 2
집_12_여_02785.jpg,middle,left,y,y,1 or 2
집_12_여_02875.jpg,middle,center,y,y,1 or 2
집_12_여_02885.jpg,small,center,y,y,more than 3
집_12_여_02927.jpg,middle,center,y,y,1 or 2
집_12_여_03034.jpg,middle,center,y,y,1 or 2
집_12_여_03062.jpg,small,center,y,y,1 or 2
집_12_여_03129.jpg,middle,right,y,y,1 or 2
집_12_여_03144.jpg,middle,center,y,y,1 or 2
집_12_여_03196.jpg,small,center,y,y,1 or 2
집_12_여_03232.jpg,middle,center,y,y,1 or 2
집_12_여_03393.jpg,middle,center,y,y,more than 3
집_12_여_03398.jpg,middle,center,y,y,1 or 2
집_12_여_03410.jpg,middle,center,y,y,1 or 2
집_12_여_03474.jpg,small,left,y,y,1 or 2
집_12_여_03522.jpg,middle,center,y,y,1 or 2
집_12_여_03748.jpg,small,right,y,y,1 or 2
집_12_여_03920.jpg,middle,center,y,y,1 or 2
집_12_여_03940.jpg,middle,center,y,y,1 or 2
집_12_여_03945.jpg,small,center,y,y,1 or 2
집_12_여_03955.jpg,small,center,y,y,1 or 2
집_12_여_03963.jpg,small,center,y,y,1 or 2
집_12_여_03974.jpg,small,center,y,y,1 or 2
집_12_여_03998.jpg,middle,center,y,y,1 or 2
집_12_여_04024.jpg,middle,center,y,y,1 or 2
집_12_여_04145.jpg,middle,center,y,y,1 or 2
집_12_여_04174.jpg,middle,center,y,y,1 or 2
집_12_여_04219.jpg,middle,center,y,y,1 or 2
집_12_여_04254.jpg,small,center,y,y,1 or 2
집_12_여_04296.jpg,small,center,y,y,1 or 2
집_12_여_04325.jpg,middle,center,y,y,1 or 2
집_12_여_04347.jpg,middle,center,y,y,absence
집_12_여_04351.jpg,small,left,y,y,1 or 2
집_12_여_04406.jpg,middle,center,y,y,1 or 2
집_12_여_04419.jpg,middle,center,y,y,1 or 2
집_12_여_04448.jpg,middle,center,y,y,1 or 2
집_12_여_04457.jpg,middle,center,y,y,1 or 2
집_12_여_04536.jpg,small,left,y,y,1 or 2
집_12_여_04547.jpg,middle,center,y,y,1 or 2
집_12_여_04553.jpg,middle,center,y,y,1 or 2
집_12_여_04609.jpg,middle,center,y,y,1 or 2
집_12_여_04623.jpg,small,center,y,y,1 or 2
집_12_여_04697.jpg,middle,center,y,y,1 or 2
집_12_여_04723.jpg,small,left,y,y,1 or 2
집_12_여_04755.jpg,small,left,y,y,1 or 2
집_12_여_04790.jpg,middle,center,y,y,1 or 2
집_12_여_04833.jpg,middle,center,y,y,1 or 2
집_12_여_04950.jpg,small,left,y,y,1 or 2
집_12_여_05089.jpg,middle,center,y,y,1 or 2
집_12_여_05103.jpg,middle,center,y,y,more than 3
집_12_여_05164.jpg,middle,left,y,y,more than 3
집_12_여_05270.jpg,small,center,y,y,1 or 2
집_12_여_05326.jpg,middle,right,y,y,1 or 2
집_12_여_05351.jpg,small,right,y,y,more than 3
집_12_여_05382.jpg,small,center,y,y,more than 3
집_12_여_05498.jpg,small,center,y,y,more than 3
집_12_여_05547.jpg,middle,left,y,y,1 or 2
집_12_여_05608.jpg,small,center,y,y,1 or 2
집_12_여_05690.jpg,small,center,y,y,1 or 2
집_12_여_05784.jpg,middle,center,y,y,1 or 2
집_12_여_05867.jpg,middle,right,y,y,1 or 2
집_12_여_05946.jpg,small,left,y,y,1 or 2
집_12_여_05964.jpg,middle,right,y,y,1 or 2
집_12_여_06008.jpg,small,left,y,y,1 or 2
집_12_여_06165.jpg,middle,center,y,y,1 or 2
집_12_여_06169.jpg,middle,center,y,y,1 or 2
집_12_여_06278.jpg,small,left,y,y,1 or 2
집_12_여_06299.jpg,middle,right,y,y,1 or 2
집_12_여_06320.jpg,middle,left,y,y,1 or 2
집_12_여_06383.jpg,middle,left,y,y,1 or 2
집_12_여_06462.jpg,small,center,y,y,1 or 2
집_12_여_06521.jpg,middle,center,y,y,more than 3
집_12_여_06530.jpg,middle,left,y,y,more than 3
집_12_여_06536.jpg,middle,center,y,y,1 or 2
집_12_여_06705.jpg,middle,center,y,y,1 or 2
집_12_여_06767.jpg,small,center,y,y,more than 3
집_12_여_06896.jpg,middle,center,y,y,1 or 2
집_12_여_06903.jpg,middle,left,y,y,1 or 2
집_12_여_06904.jpg,middle,center,y,y,1 or 2
집_12_여_06924.jpg,small,left,y,y,1 or 2
집_12_여_07027.jpg,small,right,y,y,1 or 2
집_12_여_07037.jpg,small,left,y,y,1 or 2
집_12_여_07055.jpg,middle,left,y,y,1 or 2
집_12_여_07059.jpg,small,right,y,y,1 or 2
집_12_여_07066.jpg,middle,center,y,y,1 or 2
집_12_여_07078.jpg,middle,center,y,y,1 or 2
집_12_여_07081.jpg,middle,center,y,y,1 or 2
집_12_여_07191.jpg,small,left,y,y,1 or 2
집_12_여_07210.jpg,small,left,y,y,1 or 2
집_12_여_07242.jpg,middle,center,y,y,1 or 2
집_12_여_07254.jpg,big,center,y,y,1 or 2
집_12_여_07381.jpg,middle,center,y,y,1 or 2
집_12_여_07392.jpg,small,center,y,y,1 or 2
집_12_여_07475.jpg,small,center,y,y,1 or 2
집_12_여_07508.jpg,small,center,y,y,1 or 2
집_12_여_07581.jpg,middle,center,y,y,1 or 2
집_12_여_07584.jpg,big,center,y,y,1 or 2
집_12_여_07594.jpg,middle,center,y,y,1 or 2
집_12_여_07636.jpg,small,left,y,y,1 or 2
집_12_여_07655.jpg,small,center,y,y,more than 3
집_12_여_07662.jpg,small,center,y,y,1 or 2
집_12_여_07672.jpg,small,center,y,y,more than 3
집_12_여_07847.jpg,small,center,y,y,1 or 2
집_12_여_07874.jpg,small,center,y,y,more than 3
집_12_여_07888.jpg,middle,center,y,y,1 or 2
집_12_여_07921.jpg,middle,center,y,y,1 or 2
집_12_여_07935.jpg,small,center,y,y,1 or 2
집_12_여_07995.jpg,small,right,y,y,1 or 2
집_12_여_08022.jpg,middle,center,y,y,1 or 2
집_12_여_08039.jpg,middle,center,y,y,1 or 2
집_12_여_08104.jpg,small,center,y,y,1 or 2
집_12_여_08122.jpg,small,left,y,y,1 or 2
집_12_여_08131.jpg,small,center,y,y,1 or 2
집_12_여_08179.jpg,middle,right,y,y,more than 3
집_12_여_08193.jpg,big,center,y,y,1 or 2
집_12_여_08217.jpg,small,center,y,y,1 or 2
집_12_여_08358.jpg,big,center,y,y,1 or 2
집_12_여_08432.jpg,small,center,y,y,1 or 2
집_12_여_08490.jpg,middle,center,y,y,1 or 2
집_12_여_08644.jpg,middle,left,y,y,1 or 2
집_12_여_08651.jpg,middle,center,y,y,1 or 2
집_12_여_08726.jpg,small,right,y,y,1 or 2
집_12_여_08727.jpg,middle,left,y,y,1 or 2
집_12_여_08761.jpg,middle,center,y,y,more than 3
집_12_여_08765.jpg,middle,center,y,y,1 or 2
집_12_여_08784.jpg,small,left,y,y,1 or 2
집_12_여_08853.jpg,middle,center,y,y,more than 3
집_12_여_08971.jpg,middle,center,y,y,1 or 2
집_12_여_09011.jpg,middle,right,y,y,1 or 2
집_12_여_09013.jpg,middle,center,y,y,1 or 2
집_12_여_09072.jpg,middle,right,y,y,1 or 2
집_12_여_09151.jpg,big,center,y,y,1 or 2
집_12_여_09179.jpg,small,center,y,y,1 or 2
집_12_여_09192.jpg,middle,center,y,y,more than 3
집_12_여_09229.jpg,small,center,y,y,1 or 2
집_12_여_09266.jpg,small,center,y,y,1 or 2
집_12_여_09330.jpg,small,left,y,y,1 or 2
집_12_여_09427.jpg,middle,center,y,y,1 or 2
집_12_여_09438.jpg,middle,right,y,y,1 or 2
집_12_여_09477.jpg,small,center,y,y,more than 3
집_12_여_09499.jpg,small,left,y,y,1 or 2
집_12_여_09513.jpg,middle,center,y,y,1 or 2
집_12_여_09549.jpg,small,center,y,y,1 or 2
집_12_여_09552.jpg,middle,right,y,y,1 or 2
집_12_여_09655.jpg,small,center,y,y,1 or 2
집_12_여_09747.jpg,middle,center,y,y,1 or 2
집_12_여_09937.jpg,small,right,y,y,1 or 2
집_12_여_10002.jpg,small,left,y,y,1 or 2
집_12_여_10043.jpg,small,center,y,y,1 or 2
집_12_여_10081.jpg,middle,center,y,y,1 or 2
집_12_여_10213.jpg,middle,center,y,y,1 or 2
집_12_여_10223.jpg,middle,left,y,y,1 or 2
집_12_여_10324.jpg,middle,center,y,y,1 or 2
집_12_여_10335.jpg,middle,center,y,y,more than 3
집_12_여_10343.jpg,middle,left,y,y,1 or 2
집_12_여_10348.jpg,middle,center,y,y,1 or 2
집_12_여_10370.jpg,middle,left,y,y,1 or 2
집_12_여_10414.jpg,small,left,y,y,1 or 2
집_12_여_10511.jpg,middle,center,y,y,1 or 2
집_12_여_10528.jpg,middle,center,y,y,more than 3
집_12_여_10568.jpg,small,center,y,y,more than 3
집_12_여_10646.jpg,small,center,y,y,1 or 2
집_12_여_10723.jpg,small,center,y,y,1 or 2
집_12_여_10774.jpg,small,center,y,y,1 or 2
집_12_여_10846.jpg,middle,center,y,y,1 or 2
집_12_여_10859.jpg,middle,left,y,y,1 or 2
집_12_여_10871.jpg,small,center,y,y,1 or 2
집_12_여_10896.jpg,middle,right,y,y,1 or 2
집_12_여_10922.jpg,small,center,y,y,1 or 2
집_12_여_10964.jpg,small,center,y,y,1 or 2
집_12_여_10984.jpg,small,center,y,y,1 or 2
집_12_여_11041.jpg,middle,center,y,y,more than 3
집_12_여_11063.jpg,small,left,y,y,1 or 2
집_12_여_11099.jpg,small,center,y,y,1 or 2
집_12_여_11132.jpg,middle,center,y,y,more than 3
집_12_여_11198.jpg,middle,center,y,y,1 or 2
집_12_여_11204.jpg,middle,center,y,y,1 or 2
집_12_여_11266.jpg,middle,center,y,y,1 or 2
집_12_여_11291.jpg,middle,center,y,y,1 or 2
집_12_여_11332.jpg,small,center,y,y,1 or 2
집_12_여_11356.jpg,middle,right,y,y,1 or 2
집_12_여_11411.jpg,small,center,y,y,1 or 2
집_12_여_11454.jpg,middle,center,y,y,1 or 2
집_12_여_11455.jpg,small,right,y,y,1 or 2
집_12_여_11497.jpg,middle,right,y,y,1 or 2
집_12_여_11498.jpg,middle,center,y,y,1 or 2
집_12_여_11553.jpg,middle,center,y,y,1 or 2
집_12_여_11615.jpg,middle,center,y,y,1 or 2
집_12_여_11645.jpg,middle,left,y,y,more than 3
집_12_여_11649.jpg,middle,center,y,y,1 or 2
집_12_여_11667.jpg,small,center,y,y,1 or 2
집_12_여_11692.jpg,middle,center,y,y,1 or 2
집_12_여_11712.jpg,small,center,y,y,more than 3
집_12_여_11732.jpg,middle,left,y,y,1 or 2
집_12_여_11757.jpg,small,center,y,y,more than 3
집_12_여_11824.jpg,middle,center,y,y,more than 3
집_12_여_11905.jpg,middle,center,y,y,more than 3
집_12_여_11928.jpg,small,center,y,y,more than 3
집_12_여_11933.jpg,small,center,y,y,1 or 2
집_12_여_11983.jpg,small,center,y,y,1 or 2
집_12_여_12026.jpg,middle,center,y,y,1 or 2
집_12_여_12119.jpg,middle,center,y,y,1 or 2
집_12_여_12149.jpg,small,center,y,y,1 or 2
집_12_여_12184.jpg,small,center,y,y,more than 3
집_12_여_12351.jpg,middle,left,y,y,1 or 2
집_12_여_12369.jpg,small,center,y,y,more than 3
집_12_여_12385.jpg,small,center,y,y,1 or 2
집_12_여_12396.jpg,middle,center,y,y,1 or 2
집_12_여_12466.jpg,middle,center,y,y,1 or 2
집_12_여_12476.jpg,small,center,y,y,1 or 2
집_12_여_12477.jpg,middle,center,y,y,1 or 2
집_12_여_12501.jpg,small,center,y,y,1 or 2
집_12_여_12551.jpg,small,center,y,y,1 or 2
집_12_여_12558.jpg,small,center,y,y,1 or 2
집_12_여_12561.jpg,small,center,y,y,1 or 2
집_12_여_12562.jpg,small,center,y,y,1 or 2
집_12_여_12594.jpg,small,center,y,y,1 or 2
집_12_여_12616.jpg,middle,center,y,y,1 or 2
집_12_여_12763.jpg,small,center,y,y,1 or 2
집_12_여_12765.jpg,small,center,y,y,more than 3
집_12_여_12778.jpg,middle,right,y,y,1 or 2
집_12_여_12784.jpg,middle,center,y,y,more than 3
집_12_여_12824.jpg,middle,left,y,y,1 or 2
집_12_여_12873.jpg,middle,center,y,y,1 or 2
집_12_여_12926.jpg,small,left,y,y,1 or 2
집_12_여_12954.jpg,middle,center,y,y,1 or 2
집_12_여_13036.jpg,small,center,y,y,1 or 2
집_12_여_13133.jpg,middle,center,y,y,1 or 2
집_12_여_13145.jpg,middle,center,y,y,1 or 2
집_12_여_13171.jpg,middle,center,y,y,1 or 2
집_12_여_13247.jpg,middle,center,y,y,1 or 2
집_12_여_13254.jpg,small,center,y,y,1 or 2
집_12_여_13271.jpg,middle,center,y,y,1 or 2
집_12_여_13285.jpg,small,center,y,y,1 or 2
집_12_여_13319.jpg,small,center,y,y,1 or 2
집_12_여_13383.jpg,middle,center,y,y,1 or 2
집_12_여_13423.jpg,middle,center,y,y,1 or 2
집_12_여_13473.jpg,middle,center,y,y,1 or 2
집_12_여_13475.jpg,middle,center,y,y,1 or 2
집_12_여_13495.jpg,small,left,y,y,1 or 2
집_12_여_13503.jpg,small,left,y,y,1 or 2
집_12_여_13568.jpg,middle,center,y,y,1 or 2
집_12_여_13606.jpg,small,center,y,y,1 or 2
집_12_여_13648.jpg,middle,right,y,y,more than 3
집_12_여_13650.jpg,middle,center,y,y,more than 3
집_12_여_13672.jpg,small,center,y,y,1 or 2
집_12_여_13710.jpg,middle,left,y,y,1 or 2
집_12_여_13757.jpg,middle,center,y,y,1 or 2
집_12_여_13931.jpg,middle,center,y,y,1 or 2
집_12_여_13950.jpg,middle,center,y,y,1 or 2
집_12_여_13972.jpg,middle,center,y,y,more than 3
집_12_남_00062.jpg,small,center,y,y,1 or 2
집_12_남_00151.jpg,small,center,y,y,1 or 2
집_12_남_00170.jpg,middle,center,y,y,more than 3
집_12_남_00181.jpg,small,center,y,y,1 or 2
집_12_남_00184.jpg,small,center,y,y,1 or 2
집_12_남_00185.jpg,middle,center,y,y,1 or 2
집_12_남_00198.jpg,small,left,y,y,1 or 2
집_12_남_00205.jpg,small,center,y,y,1 or 2
집_12_남_00207.jpg,middle,center,y,y,1 or 2
집_12_남_00225.jpg,middle,left,y,y,more than 3
집_12_남_00431.jpg,middle,left,y,y,1 or 2
집_12_남_00545.jpg,middle,center,y,y,1 or 2
집_12_남_00639.jpg,middle,center,y,y,1 or 2
집_12_남_00755.jpg,small,center,y,y,1 or 2
집_12_남_00759.jpg,small,center,y,y,1 or 2
집_12_남_00802.jpg,middle,center,y,y,1 or 2
집_12_남_00803.jpg,middle,left,y,y,1 or 2
집_12_남_00883.jpg,small,center,y,y,1 or 2
집_12_남_00975.jpg,middle,center,y,y,1 or 2
집_12_남_01068.jpg,middle,center,y,y,more than 3
집_12_남_01114.jpg,middle,center,y,y,1 or 2
집_12_남_01217.jpg,small,center,y,y,more than 3
집_12_남_01314.jpg,small,center,y,y,1 or 2
집_12_남_01397.jpg,middle,right,y,y,1 or 2
집_12_남_01495.jpg,small,center,y,y,1 or 2
집_12_남_01523.jpg,middle,center,y,y,1 or 2
집_12_남_01566.jpg,middle,center,y,y,1 or 2
집_12_남_01622.jpg,middle,center,y,y,1 or 2
집_12_남_01752.jpg,middle,center,y,y,1 or 2
집_12_남_01809.jpg,small,center,y,y,1 or 2
집_12_남_01820.jpg,small,center,y,y,more than 3
집_12_남_01881.jpg,middle,center,y,y,1 or 2
집_12_남_01887.jpg,middle,center,y,y,1 or 2
집_12_남_01976.jpg,middle,center,y,y,1 or 2
집_12_남_02093.jpg,middle,left,y,y,1 or 2
집_12_남_02138.jpg,small,center,y,y,1 or 2
집_12_남_02215.jpg,middle,left,y,y,1 or 2
집_12_남_02228.jpg,small,center,y,y,1 or 2
집_12_남_02264.jpg,middle,center,y,y,1 or 2
집_12_남_02597.jpg,middle,center,y,y,1 or 2
집_12_남_02742.jpg,middle,center,y,y,1 or 2
집_12_남_02850.jpg,middle,center,y,y,1 or 2
집_12_남_02904.jpg,middle,center,y,y,1 or 2
집_12_남_02929.jpg,middle,center,y,y,1 or 2
집_12_남_02964.jpg,small,left,y,y,1 or 2
집_12_남_02977.jpg,middle,center,y,y,1 or 2
집_12_남_03108.jpg,middle,left,y,y,1 or 2
집_12_남_03169.jpg,middle,center,y,y,1 or 2
집_12_남_03186.jpg,small,center,y,y,1 or 2
집_12_남_03194.jpg,middle,left,y,y,1 or 2
집_12_남_03362.jpg,small,right,y,y,1 or 2
집_12_남_03397.jpg,small,center,y,y,1 or 2
집_12_남_03431.jpg,middle,center,y,y,1 or 2
집_12_남_03487.jpg,small,center,y,y,1 or 2
집_12_남_03508.jpg,middle,center,y,y,1 or 2
집_12_남_03573.jpg,small,center,y,y,1 or 2
집_12_남_03590.jpg,middle,center,y,y,1 or 2
집_12_남_03593.jpg,middle,center,y,y,1 or 2
집_12_남_03648.jpg,small,center,y,y,1 or 2
집_12_남_03650.jpg,small,center,y,y,1 or 2
집_12_남_03656.jpg,middle,center,y,y,1 or 2
집_12_남_03673.jpg,middle,center,y,y,1 or 2
집_12_남_03682.jpg,middle,center,y,y,1 or 2
집_12_남_03744.jpg,small,left,y,y,1 or 2
집_12_남_03800.jpg,middle,center,y,y,1 or 2
집_12_남_03905.jpg,small,center,y,y,1 or 2
집_12_남_03928.jpg,small,center,y,y,1 or 2
집_12_남_03970.jpg,middle,center,y,y,1 or 2
집_12_남_03980.jpg,small,center,y,y,1 or 2
집_12_남_03983.jpg,small,center,y,y,more than 3
집_12_남_04007.jpg,small,left,y,y,1 or 2
집_12_남_04032.jpg,middle,center,y,y,1 or 2
집_12_남_04060.jpg,middle,right,y,y,1 or 2
집_12_남_04070.jpg,small,left,y,y,1 or 2
집_12_남_04091.jpg,small,right,y,y,1 or 2
집_12_남_04104.jpg,middle,center,y,y,1 or 2
집_12_남_04200.jpg,small,center,y,y,1 or 2
집_12_남_04250.jpg,middle,center,y,y,more than 3
집_12_남_04262.jpg,small,left,y,y,1 or 2
집_12_남_04324.jpg,middle,center,y,y,1 or 2
집_12_남_04398.jpg,middle,center,y,y,1 or 2
집_12_남_04425.jpg,middle,center,n,y,1 or 2
집_12_남_04430.jpg,small,right,y,y,1 or 2
집_12_남_04453.jpg,small,center,y,y,1 or 2
집_12_남_04559.jpg,middle,center,y,y,1 or 2
집_12_남_04658.jpg,middle,center,y,y,1 or 2
집_12_남_04669.jpg,small,center,y,y,1 or 2
집_12_남_04675.jpg,middle,center,y,y,1 or 2
집_12_남_04747.jpg,middle,center,y,y,1 or 2
집_12_남_04827.jpg,middle,center,y,y,1 or 2
집_12_남_04849.jpg,middle,center,y,y,1 or 2
집_12_남_04969.jpg,middle,center,y,y,1 or 2
집_12_남_05010.jpg,middle,center,y,y,1 or 2
집_12_남_05016.jpg,small,center,y,y,1 or 2
집_12_남_05214.jpg,middle,center,y,y,1 or 2
집_12_남_05258.jpg,middle,left,y,y,1 or 2
집_12_남_05402.jpg,small,center,y,y,1 or 2
집_12_남_05432.jpg,small,left,y,y,1 or 2
집_12_남_05470.jpg,middle,center,y,y,more than 3
집_12_남_05493.jpg,small,left,y,y,1 or 2
집_12_남_05760.jpg,small,center,y,y,1 or 2
집_12_남_05797.jpg,small,center,y,y,1 or 2
집_12_남_05881.jpg,small,center,y,y,1 or 2
집_12_남_06062.jpg,middle,left,y,y,1 or 2
집_12_남_06086.jpg,middle,center,y,y,1 or 2
집_12_남_06257.jpg,middle,center,y,y,1 or 2
집_12_남_06273.jpg,small,center,y,y,1 or 2
집_12_남_06339.jpg,small,left,y,y,1 or 2
집_12_남_06341.jpg,middle,center,y,y,1 or 2
집_12_남_06378.jpg,small,center,y,y,1 or 2
집_12_남_06429.jpg,middle,center,y,y,more than 3
집_12_남_06494.jpg,middle,center,y,y,1 or 2
집_12_남_06529.jpg,small,center,y,y,1 or 2
집_12_남_06560.jpg,small,left,y,y,1 or 2
집_12_남_06615.jpg,middle,right,y,y,more than 3
집_12_남_06623.jpg,middle,center,y,y,1 or 2
집_12_남_06646.jpg,middle,center,y,y,more than 3
집_12_남_06655.jpg,middle,center,y,y,1 or 2
집_12_남_06815.jpg,middle,center,y,y,1 or 2
집_12_남_06858.jpg,small,center,y,y,1 or 2
집_12_남_06867.jpg,small,left,y,y,1 or 2
집_12_남_06908.jpg,small,center,y,y,1 or 2
집_12_남_06975.jpg,middle,left,y,y,1 or 2
집_12_남_06979.jpg,small,center,y,y,1 or 2
집_12_남_07035.jpg,middle,center,y,y,1 or 2
집_12_남_07058.jpg,middle,center,y,y,1 or 2
집_12_남_07083.jpg,middle,center,y,y,1 or 2
집_12_남_07241.jpg,middle,center,y,y,1 or 2
집_12_남_07273.jpg,small,left,y,y,1 or 2
집_12_남_07350.jpg,small,left,y,y,1 or 2
집_12_남_07423.jpg,middle,center,y,y,1 or 2
집_12_남_07564.jpg,small,left,y,y,1 or 2
집_12_남_07663.jpg,middle,center,y,y,1 or 2
집_12_남_07706.jpg,middle,left,y,y,more than 3
집_12_남_07714.jpg,small,center,y,y,1 or 2
집_12_남_07728.jpg,small,center,y,y,1 or 2
집_12_남_07757.jpg,middle,center,y,y,1 or 2
집_12_남_07787.jpg,small,center,y,y,1 or 2
집_12_남_07880.jpg,small,center,y,y,1 or 2
집_12_남_07915.jpg,middle,center,y,y,1 or 2
집_12_남_07978.jpg,small,center,y,y,more than 3
집_12_남_08077.jpg,small,left,y,y,1 or 2
집_12_남_08134.jpg,middle,left,y,y,more than 3
집_12_남_08135.jpg,big,center,y,y,more than 3
집_12_남_08240.jpg,middle,center,y,y,1 or 2
집_12_남_08344.jpg,small,center,y,y,1 or 2
집_12_남_08348.jpg,small,center,y,y,1 or 2
집_12_남_08387.jpg,middle,center,y,y,1 or 2
집_12_남_08389.jpg,middle,center,y,y,1 or 2
집_12_남_08443.jpg,middle,left,y,y,1 or 2
집_12_남_08464.jpg,small,center,y,y,1 or 2
집_12_남_08518.jpg,middle,center,y,y,1 or 2
집_12_남_08558.jpg,middle,center,y,y,1 or 2
집_12_남_08603.jpg,small,center,y,y,1 or 2
집_12_남_08610.jpg,small,center,y,y,1 or 2
집_12_남_08862.jpg,middle,center,y,y,1 or 2
집_12_남_08883.jpg,middle,right,y,y,1 or 2
집_12_남_08961.jpg,small,center,y,y,1 or 2
집_12_남_08969.jpg,middle,center,y,y,1 or 2
집_12_남_08972.jpg,middle,center,y,y,1 or 2
집_12_남_08987.jpg,small,center,y,y,1 or 2
집_12_남_09034.jpg,small,center,y,y,absence
집_12_남_09058.jpg,middle,left,y,y,more than 3
집_12_남_09083.jpg,middle,center,y,y,1 or 2
집_12_남_09107.jpg,small,center,y,y,1 or 2
집_12_남_09128.jpg,small,center,y,y,1 or 2
집_12_남_09165.jpg,small,center,y,y,1 or 2
집_12_남_09166.jpg,small,right,y,y,1 or 2
집_12_남_09298.jpg,middle,center,y,y,1 or 2
집_12_남_09355.jpg,middle,left,y,y,1 or 2
집_12_남_09358.jpg,middle,center,y,y,1 or 2
집_12_남_09387.jpg,middle,center,y,y,1 or 2
집_12_남_09394.jpg,small,center,y,y,1 or 2
집_12_남_09423.jpg,middle,center,y,y,1 or 2
집_12_남_09621.jpg,middle,center,y,y,1 or 2
집_12_남_09663.jpg,small,center,y,y,1 or 2
집_12_남_09741.jpg,small,center,y,y,1 or 2
집_12_남_09796.jpg,middle,left,y,y,1 or 2
집_12_남_09829.jpg,small,center,y,y,1 or 2
집_12_남_09852.jpg,middle,center,y,y,1 or 2
집_12_남_09868.jpg,middle,center,y,y,1 or 2
집_12_남_09938.jpg,small,left,y,y,1 or 2
집_12_남_10013.jpg,small,center,y,y,1 or 2
집_12_남_10110.jpg,middle,center,y,y,1 or 2
집_12_남_10179.jpg,small,left,y,y,1 or 2
집_12_남_10193.jpg,small,center,y,y,1 or 2
집_12_남_10300.jpg,middle,center,y,y,1 or 2
집_12_남_10338.jpg,middle,center,y,y,more than 3
집_12_남_10378.jpg,small,left,y,y,1 or 2
집_12_남_10403.jpg,middle,center,y,y,more than 3
집_12_남_10429.jpg,small,center,y,y,1 or 2
집_12_남_10438.jpg,middle,center,y,y,more than 3
집_12_남_10453.jpg,small,center,y,y,1 or 2
집_12_남_10545.jpg,middle,center,y,y,1 or 2
집_12_남_10599.jpg,middle,left,y,y,1 or 2
집_12_남_10637.jpg,middle,center,y,y,1 or 2
집_12_남_10701.jpg,small,left,y,y,1 or 2
집_12_남_10806.jpg,small,center,y,y,1 or 2
집_12_남_10861.jpg,middle,left,y,y,more than 3
집_12_남_10906.jpg,middle,center,y,y,1 or 2
집_12_남_11213.jpg,small,center,y,y,1 or 2
집_12_남_11300.jpg,small,center,y,y,1 or 2
집_12_남_11306.jpg,middle,left,y,y,1 or 2
집_12_남_11318.jpg,small,center,y,y,1 or 2
집_12_남_11353.jpg,small,center,y,y,more than 3
집_12_남_11407.jpg,middle,center,y,y,1 or 2
집_12_남_11435.jpg,small,left,y,y,1 or 2
집_12_남_11437.jpg,small,center,y,y,1 or 2
집_12_남_11504.jpg,middle,center,y,y,1 or 2
집_12_남_11627.jpg,middle,center,y,y,1 or 2
집_12_남_11659.jpg,small,center,y,y,1 or 2
집_12_남_11699.jpg,small,left,y,y,more than 3
집_12_남_11711.jpg,small,center,y,y,1 or 2
집_12_남_11786.jpg,middle,center,y,y,1 or 2
집_12_남_11811.jpg,middle,center,y,y,1 or 2
집_12_남_11888.jpg,small,center,y,y,1 or 2
집_12_남_11907.jpg,small,center,y,y,1 or 2
집_12_남_11935.jpg,middle,center,y,y,1 or 2
집_12_남_11977.jpg,small,center,y,y,more than 3
집_12_남_12010.jpg,small,center,y,y,1 or 2
집_12_남_12075.jpg,middle,center,y,y,1 or 2
집_12_남_12196.jpg,small,center,y,y,more than 3
집_12_남_12204.jpg,middle,center,y,y,1 or 2
집_12_남_12215.jpg,middle,center,y,y,1 or 2
집_12_남_12263.jpg,middle,center,y,y,1 or 2
집_12_남_12282.jpg,middle,center,y,y,1 or 2
집_12_남_12328.jpg,middle,right,y,y,1 or 2
집_12_남_12487.jpg,small,left,y,y,1 or 2
집_12_남_12493.jpg,small,center,y,y,1 or 2
집_12_남_12559.jpg,small,center,y,y,1 or 2
집_12_남_12565.jpg,small,left,y,y,1 or 2
집_12_남_12572.jpg,middle,right,y,y,1 or 2
집_12_남_12684.jpg,middle,center,y,y,1 or 2
집_12_남_12703.jpg,middle,right,y,y,more than 3
집_12_남_12787.jpg,small,center,y,y,1 or 2
집_12_남_12802.jpg,middle,center,y,y,1 or 2
집_12_남_12834.jpg,small,right,y,y,1 or 2
집_12_남_12887.jpg,middle,center,y,y,1 or 2
집_12_남_12922.jpg,middle,center,y,y,1 or 2
집_12_남_12968.jpg,middle,center,y,y,1 or 2
집_12_남_13076.jpg,middle,center,y,y,absence
집_12_남_13086.jpg,middle,center,y,y,1 or 2
집_12_남_13155.jpg,middle,center,y,y,more than 3
집_12_남_13185.jpg,small,center,y,y,more than 3
집_12_남_13243.jpg,small,left,y,y,1 or 2
집_12_남_13288.jpg,middle,center,y,y,1 or 2
집_12_남_13348.jpg,middle,center,y,y,1 or 2
집_12_남_13389.jpg,middle,center,y,y,1 or 2
집_12_남_13489.jpg,middle,center,y,y,1 or 2
집_12_남_13514.jpg,middle,center,y,y,1 or 2
집_12_남_13515.jpg,middle,center,y,y,1 or 2
집_12_남_13553.jpg,middle,center,y,y,1 or 2
집_12_남_13654.jpg,small,center,y,y,1 or 2
집_12_남_13670.jpg,middle,center,y,y,1 or 2
집_12_남_13689.jpg,middle,center,y,y,1 or 2
집_12_남_13722.jpg,small,left,y,y,1 or 2
집_12_남_13783.jpg,small,left,y,y,1 or 2
집_12_남_13826.jpg,small,left,y,y,1 or 2
집_12_남_13866.jpg,middle,center,y,y,1 or 2
집_12_남_13889.jpg,small,center,y,y,1 or 2
집_12_남_13912.jpg,small,left,y,y,1 or 2
집_12_남_13930.jpg,middle,center,y,y,1 or 2
집_13_여_00057.jpg,small,right,y,y,more than 3
집_13_여_00068.jpg,middle,center,y,y,1 or 2
집_13_여_00069.jpg,middle,center,y,y,1 or 2
집_13_여_00101.jpg,middle,center,y,y,1 or 2
집_13_여_00102.jpg,small,left,y,y,1 or 2
집_13_여_00109.jpg,middle,center,y,y,1 or 2
집_13_여_00117.jpg,small,left,y,y,1 or 2
집_13_여_00191.jpg,middle,center,y,y,more than 3
집_13_여_00208.jpg,small,center,y,y,1 or 2
집_13_여_00267.jpg,middle,center,y,y,more than 3
집_13_여_00360.jpg,small,right,y,y,1 or 2
집_13_여_00384.jpg,small,center,y,y,1 or 2
집_13_여_00425.jpg,middle,center,y,y,1 or 2
집_13_여_00486.jpg,middle,center,y,y,1 or 2
집_13_여_00567.jpg,middle,center,y,y,1 or 2
집_13_여_00817.jpg,middle,left,y,y,more than 3
집_13_여_00843.jpg,small,right,y,y,more than 3
집_13_여_00920.jpg,small,center,y,y,1 or 2
집_13_여_00989.jpg,small,center,y,y,more than 3
집_13_여_01069.jpg,small,left,y,y,1 or 2
집_13_여_01143.jpg,middle,center,n,y,more than 3
집_13_여_01147.jpg,middle,center,y,y,1 or 2
집_13_여_01188.jpg,middle,center,y,y,1 or 2
집_13_여_01322.jpg,small,left,y,y,1 or 2
집_13_여_01369.jpg,middle,center,y,y,1 or 2
집_13_여_01381.jpg,small,right,y,y,1 or 2
집_13_여_01463.jpg,middle,center,y,y,1 or 2
집_13_여_01496.jpg,middle,center,y,y,1 or 2
집_13_여_01541.jpg,small,left,y,y,1 or 2
집_13_여_01671.jpg,middle,center,y,y,1 or 2
집_13_여_01704.jpg,small,center,y,y,1 or 2
집_13_여_01736.jpg,middle,center,y,y,1 or 2
집_13_여_01771.jpg,middle,center,y,y,1 or 2
집_13_여_01774.jpg,middle,center,y,y,more than 3
집_13_여_01798.jpg,middle,center,y,y,1 or 2
집_13_여_01802.jpg,middle,center,y,y,1 or 2
집_13_여_01832.jpg,middle,center,y,y,more than 3
집_13_여_01872.jpg,middle,center,y,y,1 or 2
집_13_여_01932.jpg,middle,center,y,y,1 or 2
집_13_여_02017.jpg,small,center,y,y,1 or 2
집_13_여_02038.jpg,middle,center,y,y,more than 3
집_13_여_02098.jpg,middle,right,y,y,1 or 2
집_13_여_02187.jpg,small,center,y,y,1 or 2
집_13_여_02193.jpg,middle,right,y,y,1 or 2
집_13_여_02226.jpg,middle,center,y,y,1 or 2
집_13_여_02275.jpg,small,center,y,y,1 or 2
집_13_여_02286.jpg,small,right,y,y,more than 3
집_13_여_02288.jpg,middle,center,y,y,1 or 2
집_13_여_02382.jpg,middle,center,y,y,1 or 2
집_13_여_02409.jpg,middle,center,y,y,1 or 2
집_13_여_02421.jpg,small,left,y,y,1 or 2
집_13_여_02466.jpg,big,center,y,y,1 or 2
집_13_여_02486.jpg,small,left,y,y,1 or 2
집_13_여_02661.jpg,small,center,y,y,1 or 2
집_13_여_02673.jpg,small,left,y,y,1 or 2
집_13_여_02764.jpg,middle,center,y,y,1 or 2
집_13_여_02928.jpg,middle,center,y,y,1 or 2
집_13_여_02952.jpg,small,center,y,y,more than 3
집_13_여_02957.jpg,small,left,y,y,1 or 2
집_13_여_03020.jpg,small,center,y,y,1 or 2
집_13_여_03024.jpg,middle,center,y,y,more than 3
집_13_여_03051.jpg,middle,left,y,y,1 or 2
집_13_여_03065.jpg,middle,center,y,y,1 or 2
집_13_여_03202.jpg,small,left,y,y,1 or 2
집_13_여_03238.jpg,middle,center,y,y,1 or 2
집_13_여_03511.jpg,middle,center,y,y,1 or 2
집_13_여_03513.jpg,small,center,y,y,more than 3
집_13_여_03592.jpg,small,center,y,y,1 or 2
집_13_여_03709.jpg,small,center,y,y,more than 3
집_13_여_03742.jpg,middle,center,y,y,more than 3
집_13_여_03768.jpg,middle,center,y,y,1 or 2
집_13_여_03773.jpg,small,left,y,y,1 or 2
집_13_여_03799.jpg,middle,left,y,y,1 or 2
집_13_여_03895.jpg,middle,left,y,y,1 or 2
집_13_여_03932.jpg,small,center,y,y,1 or 2
집_13_여_04017.jpg,small,center,y,y,1 or 2
집_13_여_04051.jpg,middle,center,y,y,absence
집_13_여_04114.jpg,middle,center,y,y,1 or 2
집_13_여_04215.jpg,middle,center,y,y,1 or 2
집_13_여_04292.jpg,middle,left,y,y,more than 3
집_13_여_04480.jpg,middle,left,y,y,1 or 2
집_13_여_04491.jpg,small,center,y,y,1 or 2
집_13_여_04506.jpg,small,right,y,y,1 or 2
집_13_여_04601.jpg,middle,center,y,y,1 or 2
집_13_여_04750.jpg,small,center,y,y,1 or 2
집_13_여_04759.jpg,small,center,y,y,1 or 2
집_13_여_04919.jpg,middle,left,y,y,1 or 2
집_13_여_05024.jpg,big,center,y,y,1 or 2
집_13_여_05070.jpg,middle,center,y,y,1 or 2
집_13_여_05111.jpg,middle,center,y,y,1 or 2
집_13_여_05112.jpg,middle,center,y,y,1 or 2
집_13_여_05113.jpg,middle,center,y,y,1 or 2
집_13_여_05215.jpg,middle,center,y,y,1 or 2
집_13_여_05219.jpg,middle,center,y,y,more than 3
집_13_여_05285.jpg,small,center,y,y,1 or 2
집_13_여_05307.jpg,middle,center,y,y,1 or 2
집_13_여_05325.jpg,middle,center,y,y,1 or 2
집_13_여_05342.jpg,small,center,y,y,1 or 2
집_13_여_05358.jpg,small,center,y,y,1 or 2
집_13_여_05451.jpg,middle,center,y,y,1 or 2
집_13_여_05467.jpg,middle,center,y,y,1 or 2
집_13_여_05508.jpg,small,right,y,y,1 or 2
집_13_여_05509.jpg,middle,center,y,y,1 or 2
집_13_여_05593.jpg,middle,center,y,y,1 or 2
집_13_여_05618.jpg,small,center,y,y,1 or 2
집_13_여_05701.jpg,middle,center,y,y,1 or 2
집_13_여_05707.jpg,small,left,y,y,1 or 2
집_13_여_05843.jpg,middle,left,y,y,1 or 2
집_13_여_05874.jpg,middle,center,y,y,1 or 2
집_13_여_05928.jpg,middle,center,y,y,1 or 2
집_13_여_05936.jpg,small,center,y,y,1 or 2
집_13_여_06015.jpg,middle,center,y,y,1 or 2
집_13_여_06094.jpg,small,center,y,y,1 or 2
집_13_여_06104.jpg,small,center,y,y,1 or 2
집_13_여_06196.jpg,middle,center,y,y,1 or 2
집_13_여_06213.jpg,small,center,y,y,1 or 2
집_13_여_06244.jpg,big,center,y,y,more than 3
집_13_여_06266.jpg,small,right,y,y,more than 3
집_13_여_06487.jpg,small,center,y,y,1 or 2
집_13_여_06491.jpg,middle,center,y,y,1 or 2
집_13_여_06571.jpg,middle,left,y,y,1 or 2
집_13_여_06690.jpg,small,right,y,y,1 or 2
집_13_여_06696.jpg,small,center,y,y,1 or 2
집_13_여_06783.jpg,middle,center,y,y,1 or 2
집_13_여_06807.jpg,middle,center,y,y,1 or 2
집_13_여_06809.jpg,middle,center,y,y,1 or 2
집_13_여_06810.jpg,small,left,y,y,1 or 2
집_13_여_06876.jpg,middle,center,y,y,1 or 2
집_13_여_06895.jpg,middle,left,y,y,1 or 2
집_13_여_06944.jpg,middle,center,y,y,more than 3
집_13_여_06950.jpg,middle,right,y,y,1 or 2
집_13_여_06954.jpg,small,left,y,y,1 or 2
집_13_여_06961.jpg,middle,left,y,y,1 or 2
집_13_여_06987.jpg,middle,right,y,y,1 or 2
집_13_여_07052.jpg,big,center,y,y,1 or 2
집_13_여_07064.jpg,middle,center,y,y,1 or 2
집_13_여_07091.jpg,middle,center,y,y,1 or 2
집_13_여_07094.jpg,middle,center,y,y,1 or 2
집_13_여_07109.jpg,middle,left,y,y,1 or 2
집_13_여_07111.jpg,middle,center,y,y,1 or 2
집_13_여_07256.jpg,middle,center,y,y,1 or 2
집_13_여_07261.jpg,middle,center,y,y,1 or 2
집_13_여_07266.jpg,middle,center,y,y,1 or 2
집_13_여_07282.jpg,middle,center,y,y,1 or 2
집_13_여_07312.jpg,middle,center,y,y,1 or 2
집_13_여_07327.jpg,middle,center,y,y,1 or 2
집_13_여_07394.jpg,small,center,y,y,1 or 2
집_13_여_07467.jpg,middle,center,y,y,1 or 2
집_13_여_07482.jpg,small,center,y,y,1 or 2
집_13_여_07531.jpg,middle,left,y,y,1 or 2
집_13_여_07600.jpg,small,left,y,y,1 or 2
집_13_여_07627.jpg,middle,right,y,y,more than 3
집_13_여_07659.jpg,middle,center,y,y,1 or 2
집_13_여_07779.jpg,small,left,y,y,more than 3
집_13_여_07809.jpg,middle,center,y,y,1 or 2
집_13_여_07849.jpg,small,center,y,y,1 or 2
집_13_여_07856.jpg,middle,center,y,y,1 or 2
집_13_여_07861.jpg,small,center,y,y,1 or 2
집_13_여_07934.jpg,middle,center,y,y,1 or 2
집_13_여_07953.jpg,small,center,n,n,1 or 2
집_13_여_07988.jpg,middle,center,y,y,more than 3
집_13_여_07999.jpg,middle,center,y,y,1 or 2
집_13_여_08000.jpg,small,right,y,y,1 or 2
집_13_여_08001.jpg,middle,center,y,y,1 or 2
집_13_여_08120.jpg,small,left,y,y,1 or 2
집_13_여_08177.jpg,middle,center,y,y,1 or 2
집_13_여_08206.jpg,middle,center,y,y,1 or 2
집_13_여_08322.jpg,small,left,y,y,1 or 2
집_13_여_08623.jpg,middle,center,y,y,more than 3
집_13_여_08671.jpg,middle,center,y,y,1 or 2
집_13_여_08677.jpg,middle,center,y,y,1 or 2
집_13_여_08909.jpg,middle,center,y,y,1 or 2
집_13_여_09041.jpg,middle,center,y,y,1 or 2
집_13_여_09087.jpg,middle,left,y,y,1 or 2
집_13_여_09223.jpg,middle,center,n,y,absence
집_13_여_09257.jpg,middle,left,y,y,1 or 2
집_13_여_09267.jpg,small,center,y,y,1 or 2
집_13_여_09285.jpg,small,center,y,y,1 or 2
집_13_여_09296.jpg,middle,center,y,y,1 or 2
집_13_여_09360.jpg,middle,center,y,y,1 or 2
집_13_여_09364.jpg,middle,center,y,y,1 or 2
집_13_여_09432.jpg,small,center,y,y,1 or 2
집_13_여_09448.jpg,middle,center,y,y,1 or 2
집_13_여_09471.jpg,middle,center,y,y,1 or 2
집_13_여_09541.jpg,small,left,y,y,1 or 2
집_13_여_09556.jpg,middle,center,y,y,1 or 2
집_13_여_09701.jpg,middle,center,y,y,1 or 2
집_13_여_09819.jpg,middle,left,y,y,more than 3
집_13_여_10006.jpg,middle,center,y,y,1 or 2
집_13_여_10045.jpg,middle,center,y,y,1 or 2
집_13_여_10115.jpg,small,center,y,y,1 or 2
집_13_여_10206.jpg,middle,left,y,y,1 or 2
집_13_여_10351.jpg,middle,center,y,y,more than 3
집_13_여_10356.jpg,middle,left,y,y,1 or 2
집_13_여_10411.jpg,middle,left,y,y,1 or 2
집_13_여_10446.jpg,small,left,y,y,1 or 2
집_13_여_10451.jpg,small,center,y,y,more than 3
집_13_여_10456.jpg,small,left,y,y,1 or 2
집_13_여_10569.jpg,small,center,y,y,1 or 2
집_13_여_10622.jpg,small,left,y,y,1 or 2
집_13_여_10668.jpg,middle,center,y,y,1 or 2
집_13_여_10694.jpg,middle,center,y,y,1 or 2
집_13_여_10762.jpg,middle,left,y,y,1 or 2
집_13_여_10781.jpg,middle,center,y,y,1 or 2
집_13_여_10805.jpg,middle,center,y,y,1 or 2
집_13_여_10936.jpg,middle,center,y,y,1 or 2
집_13_여_11014.jpg,middle,center,y,y,more than 3
집_13_여_11073.jpg,small,left,y,y,1 or 2
집_13_여_11078.jpg,small,center,y,y,more than 3
집_13_여_11101.jpg,small,center,y,y,1 or 2
집_13_여_11110.jpg,small,center,y,y,1 or 2
집_13_여_11131.jpg,middle,left,y,y,1 or 2
집_13_여_11183.jpg,small,center,y,y,absence
집_13_여_11201.jpg,small,center,y,y,1 or 2
집_13_여_11207.jpg,middle,center,y,y,1 or 2
집_13_여_11240.jpg,small,center,y,y,1 or 2
집_13_여_11422.jpg,middle,right,y,y,1 or 2
집_13_여_11425.jpg,middle,right,y,y,1 or 2
집_13_여_11492.jpg,small,left,y,y,1 or 2
집_13_여_11506.jpg,small,center,y,y,1 or 2
집_13_여_11573.jpg,middle,left,y,y,1 or 2
집_13_여_11587.jpg,small,center,y,y,1 or 2
집_13_여_11619.jpg,middle,center,y,y,1 or 2
집_13_여_11787.jpg,small,right,y,y,1 or 2
집_13_여_11861.jpg,small,left,y,y,1 or 2
집_13_여_11876.jpg,small,center,y,y,1 or 2
집_13_여_11943.jpg,middle,center,y,y,1 or 2
집_13_여_12070.jpg,middle,center,y,y,1 or 2
집_13_여_12234.jpg,middle,center,y,y,1 or 2
집_13_여_12538.jpg,small,center,y,y,1 or 2
집_13_여_12557.jpg,middle,center,y,y,1 or 2
집_13_여_12619.jpg,middle,center,y,y,1 or 2
집_13_여_12670.jpg,middle,center,y,y,1 or 2
집_13_여_12768.jpg,middle,center,y,y,1 or 2
집_13_여_12769.jpg,big,center,y,y,1 or 2
집_13_여_12825.jpg,big,center,y,y,more than 3
집_13_여_12838.jpg,small,center,y,y,1 or 2
집_13_여_12880.jpg,middle,center,y,y,1 or 2
집_13_여_12944.jpg,small,left,y,y,1 or 2
집_13_여_12953.jpg,middle,center,y,y,more than 3
집_13_여_13209.jpg,small,right,y,y,1 or 2
집_13_여_13217.jpg,middle,center,y,y,1 or 2
집_13_여_13225.jpg,middle,right,y,y,more than 3
집_13_여_13253.jpg,small,left,y,y,1 or 2
집_13_여_13344.jpg,big,center,y,y,more than 3
집_13_여_13401.jpg,middle,right,y,y,1 or 2
집_13_여_13429.jpg,small,right,y,y,1 or 2
집_13_여_13491.jpg,middle,center,y,y,1 or 2
집_13_여_13524.jpg,middle,center,y,y,1 or 2
집_13_여_13540.jpg,middle,center,y,y,1 or 2
집_13_여_13668.jpg,small,center,y,y,1 or 2
집_13_여_13726.jpg,middle,center,y,y,1 or 2
집_13_여_13728.jpg,middle,center,y,y,1 or 2
집_13_여_13860.jpg,small,left,y,y,1 or 2
집_13_여_13896.jpg,middle,center,y,y,more than 3
집_13_여_13897.jpg,middle,center,y,y,1 or 2
집_13_여_13923.jpg,middle,center,y,y,1 or 2
집_13_여_13954.jpg,small,left,y,y,1 or 2
집_13_여_13966.jpg,middle,left,y,y,1 or 2
집_13_여_13973.jpg,middle,center,y,y,1 or 2
집_13_여_13982.jpg,middle,center,y,y,1 or 2
집_13_남_00021.jpg,small,center,y,y,1 or 2
집_13_남_00035.jpg,small,center,y,y,1 or 2
집_13_남_00072.jpg,small,center,y,y,more than 3
집_13_남_00120.jpg,small,center,y,y,1 or 2
집_13_남_00194.jpg,small,center,y,y,more than 3
집_13_남_00428.jpg,middle,left,y,y,1 or 2
집_13_남_00479.jpg,middle,center,y,y,1 or 2
집_13_남_00487.jpg,middle,center,y,y,1 or 2
집_13_남_00592.jpg,middle,center,y,y,1 or 2
집_13_남_00594.jpg,middle,center,y,y,1 or 2
집_13_남_00612.jpg,small,left,y,y,more than 3
집_13_남_00696.jpg,middle,center,y,y,1 or 2
집_13_남_00752.jpg,middle,center,y,y,more than 3
집_13_남_00841.jpg,middle,center,y,y,1 or 2
집_13_남_00909.jpg,small,center,y,y,1 or 2
집_13_남_00913.jpg,big,center,y,y,1 or 2
집_13_남_01008.jpg,middle,center,y,y,1 or 2
집_13_남_01186.jpg,middle,center,y,y,1 or 2
집_13_남_01237.jpg,middle,center,y,y,1 or 2
집_13_남_01304.jpg,middle,center,y,y,1 or 2
집_13_남_01403.jpg,middle,center,y,y,more than 3
집_13_남_01484.jpg,small,center,y,y,1 or 2
집_13_남_01498.jpg,middle,center,y,y,1 or 2
집_13_남_01512.jpg,small,left,y,y,more than 3
집_13_남_01576.jpg,small,center,y,y,1 or 2
집_13_남_01604.jpg,middle,center,y,y,1 or 2
집_13_남_01649.jpg,middle,center,y,y,1 or 2
집_13_남_01689.jpg,middle,left,y,y,1 or 2
집_13_남_01699.jpg,small,center,y,y,1 or 2
집_13_남_01885.jpg,middle,left,y,y,more than 3
집_13_남_01889.jpg,small,center,y,y,1 or 2
집_13_남_01898.jpg,middle,center,y,y,1 or 2
집_13_남_01911.jpg,small,left,y,y,1 or 2
집_13_남_01945.jpg,small,center,y,y,more than 3
집_13_남_02048.jpg,small,center,y,y,1 or 2
집_13_남_02210.jpg,middle,center,y,y,1 or 2
집_13_남_02271.jpg,middle,center,y,y,1 or 2
집_13_남_02281.jpg,middle,left,y,y,more than 3
집_13_남_02307.jpg,middle,center,y,y,1 or 2
집_13_남_02534.jpg,middle,center,y,y,1 or 2
집_13_남_02599.jpg,middle,center,y,y,1 or 2
집_13_남_02645.jpg,middle,left,y,y,more than 3
집_13_남_02760.jpg,small,center,y,y,1 or 2
집_13_남_02782.jpg,small,left,y,y,1 or 2
집_13_남_02808.jpg,small,left,y,y,1 or 2
집_13_남_02809.jpg,small,center,y,y,1 or 2
집_13_남_02882.jpg,middle,center,y,y,1 or 2
집_13_남_03080.jpg,middle,center,y,y,1 or 2
집_13_남_03093.jpg,small,left,y,y,1 or 2
집_13_남_03123.jpg,small,center,y,y,1 or 2
집_13_남_03168.jpg,small,center,y,y,1 or 2
집_13_남_03245.jpg,small,center,y,y,1 or 2
집_13_남_03548.jpg,small,center,y,y,1 or 2
집_13_남_03571.jpg,small,center,y,y,1 or 2
집_13_남_03641.jpg,middle,center,y,y,more than 3
집_13_남_03647.jpg,small,left,y,y,1 or 2
집_13_남_03732.jpg,small,center,y,y,1 or 2
집_13_남_03740.jpg,middle,center,y,y,1 or 2
집_13_남_03754.jpg,small,center,y,y,1 or 2
집_13_남_03813.jpg,small,left,y,y,1 or 2
집_13_남_03865.jpg,small,left,y,y,1 or 2
집_13_남_03882.jpg,middle,center,y,y,1 or 2
집_13_남_03909.jpg,middle,center,y,y,1 or 2
집_13_남_03914.jpg,middle,center,y,y,1 or 2
집_13_남_04009.jpg,middle,left,y,y,1 or 2
집_13_남_04178.jpg,middle,left,y,y,1 or 2
집_13_남_04549.jpg,middle,center,y,y,1 or 2
집_13_남_04641.jpg,middle,right,y,y,1 or 2
집_13_남_04685.jpg,small,center,y,y,1 or 2
집_13_남_04784.jpg,middle,center,y,y,1 or 2
집_13_남_04813.jpg,middle,center,y,y,1 or 2
집_13_남_04853.jpg,small,center,y,y,1 or 2
집_13_남_04912.jpg,middle,left,y,y,1 or 2
집_13_남_04951.jpg,middle,center,y,y,more than 3
집_13_남_04965.jpg,small,center,y,y,1 or 2
집_13_남_05059.jpg,middle,center,y,y,1 or 2
집_13_남_05177.jpg,small,center,y,y,1 or 2
집_13_남_05183.jpg,small,center,y,y,1 or 2
집_13_남_05245.jpg,small,left,y,y,1 or 2
집_13_남_05255.jpg,small,left,y,y,1 or 2
집_13_남_05300.jpg,small,center,y,y,1 or 2
집_13_남_05337.jpg,middle,left,y,y,1 or 2
집_13_남_05365.jpg,middle,center,y,y,1 or 2
집_13_남_05372.jpg,middle,center,y,y,1 or 2
집_13_남_05436.jpg,small,center,y,y,absence
집_13_남_05458.jpg,small,center,y,y,1 or 2
집_13_남_05647.jpg,middle,center,y,y,more than 3
집_13_남_05721.jpg,small,center,y,y,1 or 2
집_13_남_05724.jpg,middle,center,y,y,more than 3
집_13_남_05785.jpg,middle,center,y,y,1 or 2
집_13_남_05814.jpg,small,left,y,y,1 or 2
집_13_남_05859.jpg,middle,center,y,y,1 or 2
집_13_남_05885.jpg,middle,center,y,y,1 or 2
집_13_남_05918.jpg,small,center,y,y,1 or 2
집_13_남_06223.jpg,middle,center,y,y,1 or 2
집_13_남_06245.jpg,small,center,y,y,1 or 2
집_13_남_06368.jpg,middle,center,y,y,1 or 2
집_13_남_06386.jpg,middle,left,y,y,1 or 2
집_13_남_06447.jpg,middle,right,y,y,1 or 2
집_13_남_06495.jpg,big,center,y,y,1 or 2
집_13_남_06527.jpg,small,left,y,y,1 or 2
집_13_남_06613.jpg,small,left,y,y,1 or 2
집_13_남_06621.jpg,middle,center,y,y,1 or 2
집_13_남_06631.jpg,middle,center,y,y,1 or 2
집_13_남_06743.jpg,middle,center,y,y,1 or 2
집_13_남_06880.jpg,middle,center,y,y,1 or 2
집_13_남_06911.jpg,middle,center,y,y,1 or 2
집_13_남_06931.jpg,middle,left,y,y,1 or 2
집_13_남_06934.jpg,small,center,y,y,1 or 2
집_13_남_07105.jpg,middle,center,y,y,1 or 2
집_13_남_07110.jpg,middle,center,y,y,more than 3
집_13_남_07153.jpg,small,center,y,y,1 or 2
집_13_남_07157.jpg,middle,left,y,y,1 or 2
집_13_남_07236.jpg,middle,right,y,y,1 or 2
집_13_남_07248.jpg,small,right,y,y,1 or 2
집_13_남_07267.jpg,middle,left,y,y,1 or 2
집_13_남_07299.jpg,small,left,y,y,1 or 2
집_13_남_07373.jpg,small,center,y,y,1 or 2
집_13_남_07387.jpg,small,center,y,y,1 or 2
집_13_남_07391.jpg,middle,center,y,y,1 or 2
집_13_남_07471.jpg,small,right,y,y,1 or 2
집_13_남_07633.jpg,middle,right,y,y,1 or 2
집_13_남_07675.jpg,middle,left,y,y,1 or 2
집_13_남_07746.jpg,small,center,y,y,1 or 2
집_13_남_07785.jpg,small,center,y,y,1 or 2
집_13_남_07810.jpg,small,left,y,y,1 or 2
집_13_남_07821.jpg,middle,center,y,y,1 or 2
집_13_남_07884.jpg,small,left,y,y,1 or 2
집_13_남_08147.jpg,middle,center,y,y,1 or 2
집_13_남_08175.jpg,middle,center,y,y,1 or 2
집_13_남_08187.jpg,small,left,y,y,1 or 2
집_13_남_08388.jpg,small,left,y,y,1 or 2
집_13_남_08430.jpg,small,right,y,y,1 or 2
집_13_남_08466.jpg,middle,center,y,y,1 or 2
집_13_남_08561.jpg,middle,center,y,y,1 or 2
집_13_남_08578.jpg,small,center,y,y,1 or 2
집_13_남_08647.jpg,middle,center,y,y,1 or 2
집_13_남_08679.jpg,middle,center,y,y,1 or 2
집_13_남_08733.jpg,middle,left,y,y,1 or 2
집_13_남_08744.jpg,middle,left,y,y,1 or 2
집_13_남_08792.jpg,small,center,y,y,1 or 2
집_13_남_08823.jpg,middle,center,y,y,1 or 2
집_13_남_08829.jpg,middle,left,y,y,1 or 2
집_13_남_08832.jpg,small,center,y,y,more than 3
집_13_남_08840.jpg,middle,center,y,y,more than 3
집_13_남_08850.jpg,small,left,y,y,1 or 2
집_13_남_08944.jpg,small,center,y,y,1 or 2
집_13_남_08974.jpg,small,left,y,y,1 or 2
집_13_남_09019.jpg,middle,left,y,y,1 or 2
집_13_남_09035.jpg,middle,right,n,y,more than 3
집_13_남_09050.jpg,middle,center,y,y,1 or 2
집_13_남_09117.jpg,small,center,y,y,1 or 2
집_13_남_09351.jpg,middle,center,y,y,1 or 2
집_13_남_09388.jpg,middle,left,y,y,1 or 2
집_13_남_09413.jpg,small,left,y,y,1 or 2
집_13_남_09435.jpg,small,center,y,y,1 or 2
집_13_남_09469.jpg,middle,center,y,y,1 or 2
집_13_남_09501.jpg,middle,center,y,y,1 or 2
집_13_남_09521.jpg,middle,center,y,y,1 or 2
집_13_남_09540.jpg,middle,center,y,y,1 or 2
집_13_남_09759.jpg,small,center,y,y,1 or 2
집_13_남_09793.jpg,middle,center,y,y,absence
집_13_남_09861.jpg,middle,center,y,y,1 or 2
집_13_남_09878.jpg,middle,center,y,y,1 or 2
집_13_남_10016.jpg,big,center,y,y,more than 3
집_13_남_10112.jpg,middle,center,y,y,1 or 2
집_13_남_10170.jpg,middle,right,y,y,1 or 2
집_13_남_10220.jpg,small,center,y,y,1 or 2
집_13_남_10239.jpg,small,left,y,y,1 or 2
집_13_남_10271.jpg,small,center,y,y,1 or 2
집_13_남_10390.jpg,middle,center,y,y,more than 3
집_13_남_10437.jpg,small,center,n,y,1 or 2
집_13_남_10450.jpg,middle,center,y,y,1 or 2
집_13_남_10632.jpg,middle,center,y,y,1 or 2
집_13_남_10674.jpg,small,center,y,y,1 or 2
집_13_남_10686.jpg,middle,center,y,y,1 or 2
집_13_남_10692.jpg,small,center,y,y,1 or 2
집_13_남_10760.jpg,middle,center,y,y,more than 3
집_13_남_10784.jpg,big,center,y,y,1 or 2
집_13_남_10890.jpg,middle,center,y,y,more than 3
집_13_남_10902.jpg,small,center,y,y,more than 3
집_13_남_10931.jpg,middle,center,y,y,1 or 2
집_13_남_11161.jpg,small,center,y,y,1 or 2
집_13_남_11179.jpg,small,right,y,y,1 or 2
집_13_남_11202.jpg,small,left,y,y,1 or 2
집_13_남_11220.jpg,small,left,y,y,1 or 2
집_13_남_11301.jpg,small,center,y,y,more than 3
집_13_남_11401.jpg,small,center,y,y,1 or 2
집_13_남_11469.jpg,middle,center,y,y,more than 3
집_13_남_11512.jpg,middle,center,y,y,1 or 2
집_13_남_11549.jpg,small,center,y,y,1 or 2
집_13_남_11558.jpg,middle,center,y,y,more than 3
집_13_남_11610.jpg,small,left,y,y,1 or 2
집_13_남_11613.jpg,middle,center,y,y,1 or 2
집_13_남_11626.jpg,middle,center,y,y,1 or 2
집_13_남_11632.jpg,small,center,y,y,1 or 2
집_13_남_11658.jpg,middle,center,y,y,more than 3
집_13_남_11665.jpg,middle,center,y,y,1 or 2
집_13_남_11722.jpg,middle,center,y,y,1 or 2
집_13_남_11829.jpg,middle,center,y,y,1 or 2
집_13_남_12067.jpg,middle,left,y,y,1 or 2
집_13_남_12141.jpg,middle,center,y,y,1 or 2
집_13_남_12415.jpg,small,left,y,y,1 or 2
집_13_남_12608.jpg,middle,center,y,y,1 or 2
집_13_남_12646.jpg,small,center,y,y,1 or 2
집_13_남_12666.jpg,middle,center,y,y,more than 3
집_13_남_12762.jpg,small,left,y,y,1 or 2
집_13_남_12806.jpg,small,center,y,y,1 or 2
집_13_남_12808.jpg,middle,left,y,y,more than 3
집_13_남_12812.jpg,middle,left,y,y,1 or 2
집_13_남_12895.jpg,middle,center,y,y,1 or 2
집_13_남_13031.jpg,middle,center,y,y,1 or 2
집_13_남_13068.jpg,small,left,y,y,1 or 2
집_13_남_13094.jpg,middle,center,y,y,1 or 2
집_13_남_13203.jpg,middle,center,y,y,1 or 2
집_13_남_13249.jpg,small,left,y,y,1 or 2
집_13_남_13252.jpg,small,center,y,y,1 or 2
집_13_남_13359.jpg,small,left,y,y,1 or 2
집_13_남_13479.jpg,small,left,y,y,1 or 2
집_13_남_13621.jpg,small,center,y,y,1 or 2
집_13_남_13694.jpg,small,left,y,y,1 or 2
집_13_남_13698.jpg,small,right,y,y,1 or 2
집_13_남_13804.jpg,small,center,y,y,1 or 2
집_13_남_13948.jpg,small,left,y,y,1 or 2
집_7_여_01739.jpg,small,left,y,y,1 or 2
집_7_여_04666.jpg,middle,center,y,y,1 or 2
집_7_여_05473.jpg,middle,center,y,y,1 or 2
집_7_여_06525.jpg,middle,center,y,y,1 or 2
집_7_여_08080.jpg,middle,center,y,y,1 or 2
집_7_여_08340.jpg,middle,center,y,y,1 or 2
집_7_여_08739.jpg,middle,center,y,n,1 or 2
집_7_여_10830.jpg,middle,center,y,y,1 or 2
집_7_여_11523.jpg,small,left,y,y,1 or 2
집_7_여_11849.jpg,middle,center,y,y,1 or 2
집_7_여_12275.jpg,middle,center,y,y,1 or 2
집_7_남_00060.jpg,small,center,y,y,1 or 2
집_7_남_01443.jpg,middle,center,y,y,1 or 2
집_7_남_01446.jpg,small,center,y,y,1 or 2
집_7_남_04409.jpg,middle,left,y,y,1 or 2
집_7_남_04487.jpg,middle,center,y,y,1 or 2
집_7_남_05514.jpg,middle,center,y,y,1 or 2
집_7_남_06024.jpg,middle,center,y,y,1 or 2
집_7_남_09739.jpg,small,center,y,y,1 or 2
집_7_남_09798.jpg,small,center,y,y,1 or 2
집_7_남_10732.jpg,small,center,y,y,1 or 2
집_7_남_11965.jpg,middle,center,y,y,1 or 2
집_7_남_12090.jpg,small,center,y,y,1 or 2
집_7_남_12123.jpg,small,center,y,y,1 or 2
집_7_남_12503.jpg,middle,center,y,y,1 or 2
집_8_여_00066.jpg,middle,center,y,y,1 or 2
집_8_여_00092.jpg,middle,center,y,y,1 or 2
집_8_여_00317.jpg,middle,center,y,y,1 or 2
집_8_여_00400.jpg,middle,center,y,y,more than 3
집_8_여_00758.jpg,small,center,y,y,1 or 2
집_8_여_00784.jpg,big,center,y,y,1 or 2
집_8_여_00805.jpg,small,center,y,y,1 or 2
집_8_여_00866.jpg,middle,center,y,y,more than 3
집_8_여_00914.jpg,middle,center,y,y,1 or 2
집_8_여_01174.jpg,big,center,y,y,1 or 2
집_8_여_01241.jpg,middle,left,y,y,1 or 2
집_8_여_01309.jpg,middle,center,y,y,1 or 2
집_8_여_01505.jpg,middle,center,y,y,1 or 2
집_8_여_01603.jpg,middle,center,y,y,1 or 2
집_8_여_01897.jpg,small,center,y,y,1 or 2
집_8_여_02234.jpg,middle,center,y,y,1 or 2
집_8_여_02330.jpg,big,center,y,y,1 or 2
집_8_여_02440.jpg,middle,center,y,y,1 or 2
집_8_여_02456.jpg,big,center,y,y,1 or 2
집_8_여_02494.jpg,small,left,y,y,more than 3
집_8_여_02498.jpg,middle,center,y,y,more than 3
집_8_여_02931.jpg,middle,center,y,y,1 or 2
집_8_여_03221.jpg,middle,center,y,y,1 or 2
집_8_여_03252.jpg,middle,center,y,y,1 or 2
집_8_여_03385.jpg,middle,center,y,y,1 or 2
집_8_여_03429.jpg,small,left,y,y,1 or 2
집_8_여_03651.jpg,middle,right,y,y,1 or 2
집_8_여_03829.jpg,middle,left,y,y,1 or 2
집_8_여_03845.jpg,middle,center,y,y,1 or 2
집_8_여_03886.jpg,small,center,y,y,1 or 2
집_8_여_04010.jpg,middle,center,y,y,1 or 2
집_8_여_04025.jpg,middle,center,y,y,1 or 2
집_8_여_04095.jpg,middle,center,y,y,1 or 2
집_8_여_04299.jpg,middle,center,y,y,1 or 2
집_8_여_04665.jpg,middle,center,y,y,1 or 2
집_8_여_04772.jpg,middle,center,y,y,more than 3
집_8_여_04977.jpg,middle,center,y,y,1 or 2
집_8_여_05127.jpg,middle,right,y,y,1 or 2
집_8_여_05205.jpg,middle,right,y,y,1 or 2
집_8_여_05316.jpg,middle,right,y,y,1 or 2
집_8_여_05385.jpg,middle,center,y,y,1 or 2
집_8_여_05560.jpg,middle,center,y,y,1 or 2
집_8_여_05585.jpg,small,center,y,y,1 or 2
집_8_여_05765.jpg,middle,center,y,y,1 or 2
집_8_여_05836.jpg,middle,center,y,y,1 or 2
집_8_여_05920.jpg,small,center,y,y,1 or 2
집_8_여_06090.jpg,middle,center,y,y,1 or 2
집_8_여_06492.jpg,middle,left,y,y,1 or 2
집_8_여_06748.jpg,big,center,y,y,more than 3
집_8_여_06754.jpg,small,left,y,y,1 or 2
집_8_여_06772.jpg,big,center,y,y,1 or 2
집_8_여_06947.jpg,middle,center,y,y,1 or 2
집_8_여_07005.jpg,middle,center,y,y,1 or 2
집_8_여_07204.jpg,middle,center,y,y,more than 3
집_8_여_07639.jpg,middle,center,y,y,1 or 2
집_8_여_07792.jpg,middle,center,y,y,1 or 2
집_8_여_07793.jpg,small,center,y,y,1 or 2
집_8_여_07898.jpg,middle,center,y,y,more than 3
집_8_여_07962.jpg,big,center,y,y,1 or 2
집_8_여_08045.jpg,middle,center,y,y,1 or 2
집_8_여_08108.jpg,middle,center,y,y,1 or 2
집_8_여_08211.jpg,small,center,y,y,1 or 2
집_8_여_08251.jpg,middle,center,y,y,1 or 2
집_8_여_08258.jpg,middle,center,y,y,1 or 2
집_8_여_08473.jpg,middle,center,y,y,1 or 2
집_8_여_08701.jpg,middle,center,y,y,1 or 2
집_8_여_08899.jpg,small,left,y,y,1 or 2
집_8_여_08904.jpg,middle,center,y,y,1 or 2
집_8_여_08918.jpg,middle,center,y,y,1 or 2
집_8_여_09067.jpg,middle,center,y,y,1 or 2
집_8_여_09138.jpg,middle,center,y,y,more than 3
집_8_여_09177.jpg,small,center,y,y,1 or 2
집_8_여_09393.jpg,small,left,y,y,1 or 2
집_8_여_09578.jpg,middle,center,y,y,1 or 2
집_8_여_09809.jpg,middle,center,y,y,1 or 2
집_8_여_09956.jpg,middle,center,y,y,1 or 2
집_8_여_10066.jpg,small,center,y,y,1 or 2
집_8_여_10079.jpg,big,center,y,y,1 or 2
집_8_여_10093.jpg,big,center,y,y,1 or 2
집_8_여_10353.jpg,small,center,y,y,1 or 2
집_8_여_10489.jpg,middle,center,y,y,1 or 2
집_8_여_10709.jpg,small,center,y,y,1 or 2
집_8_여_10812.jpg,middle,center,y,y,1 or 2
집_8_여_11005.jpg,middle,center,y,y,1 or 2
집_8_여_11075.jpg,small,left,y,y,1 or 2
집_8_여_11123.jpg,middle,left,y,y,1 or 2
집_8_여_11170.jpg,middle,center,y,y,more than 3
집_8_여_11398.jpg,big,center,y,y,1 or 2
집_8_여_11432.jpg,middle,center,y,y,1 or 2
집_8_여_11661.jpg,middle,center,y,y,1 or 2
집_8_여_11678.jpg,middle,center,y,y,1 or 2
집_8_여_11742.jpg,middle,center,y,y,more than 3
집_8_여_11862.jpg,middle,center,y,y,1 or 2
집_8_여_11974.jpg,middle,center,y,y,1 or 2
집_8_여_11998.jpg,small,center,y,y,1 or 2
집_8_여_12093.jpg,middle,center,y,y,1 or 2
집_8_여_12156.jpg,middle,center,y,y,1 or 2
집_8_여_12197.jpg,middle,right,y,y,1 or 2
집_8_여_12438.jpg,middle,center,y,y,1 or 2
집_8_여_12454.jpg,small,center,y,y,1 or 2
집_8_여_12456.jpg,small,center,y,y,1 or 2
집_8_여_12534.jpg,middle,center,y,y,more than 3
집_8_여_12573.jpg,middle,center,y,y,1 or 2
집_8_여_12713.jpg,middle,center,y,y,1 or 2
집_8_여_12715.jpg,middle,left,y,y,absence
집_8_여_12791.jpg,big,center,y,y,1 or 2
집_8_여_13152.jpg,middle,center,y,y,1 or 2
집_8_여_13463.jpg,small,center,y,y,1 or 2
집_8_여_13581.jpg,middle,center,y,y,1 or 2
집_8_여_13646.jpg,small,center,y,y,more than 3
집_8_여_13675.jpg,small,center,y,y,1 or 2
집_8_여_13786.jpg,middle,center,y,y,1 or 2
집_8_여_13964.jpg,middle,center,y,y,1 or 2
집_8_남_00079.jpg,middle,center,y,y,1 or 2
집_8_남_00130.jpg,middle,center,y,y,1 or 2
집_8_남_00153.jpg,middle,center,y,y,1 or 2
집_8_남_00188.jpg,middle,center,y,y,1 or 2
집_8_남_00193.jpg,small,left,y,y,1 or 2
집_8_남_00213.jpg,small,center,y,y,1 or 2
집_8_남_00228.jpg,middle,center,y,y,1 or 2
집_8_남_00285.jpg,small,left,y,y,1 or 2
집_8_남_00293.jpg,middle,center,y,y,more than 3
집_8_남_00418.jpg,middle,right,y,y,1 or 2
집_8_남_00778.jpg,big,center,n,y,1 or 2
집_8_남_00926.jpg,middle,center,y,y,1 or 2
집_8_남_01027.jpg,small,center,y,y,1 or 2
집_8_남_01046.jpg,middle,center,y,y,1 or 2
집_8_남_01434.jpg,middle,center,y,y,1 or 2
집_8_남_01494.jpg,middle,center,y,y,1 or 2
집_8_남_01538.jpg,small,left,y,y,1 or 2
집_8_남_01612.jpg,middle,center,y,y,1 or 2
집_8_남_01659.jpg,small,center,y,y,1 or 2
집_8_남_01719.jpg,middle,center,y,y,more than 3
집_8_남_01749.jpg,middle,center,y,y,1 or 2
집_8_남_01795.jpg,small,center,y,y,1 or 2
집_8_남_01800.jpg,small,center,y,y,1 or 2
집_8_남_01994.jpg,small,center,y,y,more than 3
집_8_남_02051.jpg,middle,center,y,y,more than 3
집_8_남_02100.jpg,small,center,y,y,1 or 2
집_8_남_02140.jpg,middle,center,y,y,1 or 2
집_8_남_02297.jpg,middle,center,y,y,1 or 2
집_8_남_02391.jpg,small,center,y,y,1 or 2
집_8_남_02505.jpg,middle,center,y,y,1 or 2
집_8_남_02538.jpg,big,center,y,y,1 or 2
집_8_남_02675.jpg,middle,center,y,y,1 or 2
집_8_남_02683.jpg,big,center,y,y,1 or 2
집_8_남_02708.jpg,middle,center,y,y,1 or 2
집_8_남_02830.jpg,middle,center,y,y,1 or 2
집_8_남_02914.jpg,middle,center,y,y,1 or 2
집_8_남_03341.jpg,middle,center,y,y,1 or 2
집_8_남_03544.jpg,middle,center,y,y,1 or 2
집_8_남_03712.jpg,middle,center,y,y,1 or 2
집_8_남_03863.jpg,middle,center,y,y,1 or 2
집_8_남_04112.jpg,middle,center,y,y,1 or 2
집_8_남_04225.jpg,middle,center,y,y,more than 3
집_8_남_04293.jpg,middle,center,y,y,1 or 2
집_8_남_04354.jpg,small,center,y,y,1 or 2
집_8_남_04358.jpg,middle,center,y,y,more than 3
집_8_남_04372.jpg,middle,center,y,y,1 or 2
집_8_남_04387.jpg,middle,center,y,y,1 or 2
집_8_남_04807.jpg,big,center,y,y,1 or 2
집_8_남_04844.jpg,big,center,y,y,more than 3
집_8_남_04914.jpg,middle,center,y,y,1 or 2
집_8_남_04924.jpg,middle,center,y,y,1 or 2
집_8_남_04970.jpg,small,center,y,y,1 or 2
집_8_남_05020.jpg,middle,center,y,y,1 or 2
집_8_남_05050.jpg,middle,center,y,y,1 or 2
집_8_남_05085.jpg,small,center,y,y,1 or 2
집_8_남_05087.jpg,middle,center,y,y,1 or 2
집_8_남_05184.jpg,middle,center,y,y,more than 3
집_8_남_05254.jpg,middle,center,y,y,1 or 2
집_8_남_05328.jpg,middle,right,y,y,1 or 2
집_8_남_05578.jpg,middle,center,y,y,1 or 2
집_8_남_05675.jpg,middle,center,y,y,1 or 2
집_8_남_05714.jpg,middle,center,y,y,more than 3
집_8_남_05756.jpg,small,left,y,y,1 or 2
집_8_남_05930.jpg,middle,center,y,y,1 or 2
집_8_남_05982.jpg,middle,center,y,y,more than 3
집_8_남_06063.jpg,middle,center,y,y,more than 3
집_8_남_06193.jpg,small,center,y,y,1 or 2
집_8_남_06228.jpg,small,center,y,y,1 or 2
집_8_남_06236.jpg,middle,center,y,y,1 or 2
집_8_남_06262.jpg,big,center,y,y,1 or 2
집_8_남_06509.jpg,small,center,y,y,1 or 2
집_8_남_06632.jpg,middle,center,y,y,1 or 2
집_8_남_06635.jpg,middle,center,y,y,1 or 2
집_8_남_06661.jpg,middle,center,y,y,more than 3
집_8_남_06674.jpg,middle,center,y,y,more than 3
집_8_남_06700.jpg,middle,center,y,y,1 or 2
집_8_남_06755.jpg,middle,center,y,y,1 or 2
집_8_남_06935.jpg,middle,center,y,y,1 or 2
집_8_남_07008.jpg,middle,center,y,y,1 or 2
집_8_남_07063.jpg,middle,center,y,y,1 or 2
집_8_남_07096.jpg,small,left,y,y,more than 3
집_8_남_07178.jpg,middle,center,y,y,1 or 2
집_8_남_07313.jpg,small,center,y,y,1 or 2
집_8_남_07541.jpg,middle,center,y,y,1 or 2
집_8_남_07618.jpg,small,center,y,y,1 or 2
집_8_남_07622.jpg,small,right,y,y,more than 3
집_8_남_07719.jpg,middle,center,y,y,1 or 2
집_8_남_07768.jpg,middle,center,y,y,1 or 2
집_8_남_07917.jpg,middle,center,y,y,1 or 2
집_8_남_07936.jpg,middle,center,y,y,1 or 2
집_8_남_08031.jpg,small,center,y,y,more than 3
집_8_남_08203.jpg,small,left,y,y,1 or 2
집_8_남_08333.jpg,middle,center,y,y,1 or 2
집_8_남_08351.jpg,middle,center,y,y,1 or 2
집_8_남_08368.jpg,middle,left,y,y,1 or 2
집_8_남_08411.jpg,middle,center,y,y,more than 3
집_8_남_08422.jpg,middle,center,y,y,1 or 2
집_8_남_08483.jpg,middle,center,y,y,1 or 2
집_8_남_08499.jpg,middle,center,y,y,1 or 2
집_8_남_08536.jpg,middle,center,y,y,more than 3
집_8_남_08588.jpg,middle,center,y,y,1 or 2
집_8_남_08685.jpg,small,left,y,y,1 or 2
집_8_남_08775.jpg,small,center,y,y,1 or 2
집_8_남_08947.jpg,middle,center,y,y,1 or 2
집_8_남_09105.jpg,small,center,y,y,1 or 2
집_8_남_09149.jpg,middle,center,y,y,more than 3
집_8_남_09228.jpg,middle,center,y,y,1 or 2
집_8_남_09232.jpg,middle,center,y,y,1 or 2
집_8_남_09458.jpg,middle,left,y,y,1 or 2
집_8_남_09488.jpg,middle,center,y,y,1 or 2
집_8_남_09679.jpg,middle,center,y,y,1 or 2
집_8_남_09736.jpg,middle,center,y,y,1 or 2
집_8_남_09789.jpg,middle,center,y,y,1 or 2
집_8_남_09867.jpg,middle,center,y,y,1 or 2
집_8_남_09976.jpg,small,center,y,y,1 or 2
집_8_남_10290.jpg,middle,center,y,y,1 or 2
집_8_남_10406.jpg,small,center,y,y,1 or 2
집_8_남_10469.jpg,middle,center,y,y,1 or 2
집_8_남_10527.jpg,middle,center,y,y,1 or 2
집_8_남_10629.jpg,middle,center,y,y,1 or 2
집_8_남_10795.jpg,middle,center,y,y,more than 3
집_8_남_10920.jpg,middle,center,y,y,1 or 2
집_8_남_11060.jpg,middle,center,y,y,1 or 2
집_8_남_11133.jpg,middle,center,y,y,1 or 2
집_8_남_11227.jpg,middle,center,y,y,1 or 2
집_8_남_11406.jpg,middle,left,y,y,1 or 2
집_8_남_11424.jpg,small,left,y,y,1 or 2
집_8_남_11598.jpg,small,left,y,y,more than 3
집_8_남_11637.jpg,middle,center,y,y,1 or 2
집_8_남_11777.jpg,small,center,y,y,1 or 2
집_8_남_11809.jpg,middle,center,y,y,1 or 2
집_8_남_11830.jpg,small,center,y,y,1 or 2
집_8_남_11855.jpg,middle,center,y,y,1 or 2
집_8_남_11870.jpg,small,center,y,y,1 or 2
집_8_남_12042.jpg,middle,center,y,y,1 or 2
집_8_남_12116.jpg,middle,center,y,y,1 or 2
집_8_남_12226.jpg,middle,center,y,y,more than 3
집_8_남_12255.jpg,middle,center,y,y,more than 3
집_8_남_12259.jpg,middle,center,y,y,1 or 2
집_8_남_12478.jpg,middle,center,y,y,1 or 2
집_8_남_12571.jpg,middle,center,y,y,1 or 2
집_8_남_12618.jpg,middle,center,y,y,1 or 2
집_8_남_12662.jpg,middle,left,y,y,1 or 2
집_8_남_12747.jpg,middle,left,y,y,1 or 2
집_8_남_12826.jpg,middle,center,y,y,1 or 2
집_8_남_12863.jpg,middle,center,y,y,1 or 2
집_8_남_12865.jpg,middle,left,y,y,1 or 2
집_8_남_13298.jpg,small,center,y,y,1 or 2
집_8_남_13385.jpg,small,center,y,y,1 or 2
집_8_남_13500.jpg,middle,left,y,y,1 or 2
집_8_남_13509.jpg,middle,center,y,y,1 or 2
집_8_남_13546.jpg,middle,center,y,y,1 or 2
집_8_남_13583.jpg,small,center,y,y,1 or 2
집_8_남_13638.jpg,middle,center,y,y,1 or 2
집_8_남_13644.jpg,small,left,y,y,1 or 2
집_8_남_13762.jpg,small,left,y,y,1 or 2
집_8_남_13807.jpg,middle,center,y,y,1 or 2
집_8_남_13825.jpg,middle,center,y,y,1 or 2
집_8_남_13986.jpg,middle,center,y,y,1 or 2
집_9_여_00935.jpg,small,center,y,y,1 or 2
집_9_여_01266.jpg,middle,center,y,y,more than 3
집_9_여_01283.jpg,small,right,y,y,more than 3
집_9_여_01423.jpg,middle,center,y,y,1 or 2
집_9_여_01442.jpg,small,left,y,y,1 or 2
집_9_여_01473.jpg,small,left,y,y,1 or 2
집_9_여_01619.jpg,middle,center,y,y,more than 3
집_9_여_01725.jpg,small,center,y,y,more than 3
집_9_여_01781.jpg,middle,center,y,y,1 or 2
집_9_여_01970.jpg,small,center,y,y,1 or 2
집_9_여_02057.jpg,small,center,y,y,1 or 2
집_9_여_02063.jpg,middle,center,y,y,1 or 2
집_9_여_02105.jpg,middle,center,y,y,1 or 2
집_9_여_02331.jpg,small,center,y,y,more than 3
집_9_여_02384.jpg,middle,left,y,y,1 or 2
집_9_여_02468.jpg,middle,center,y,y,more than 3
집_9_여_02560.jpg,middle,center,y,y,1 or 2
집_9_여_02591.jpg,middle,center,y,y,1 or 2
집_9_여_02598.jpg,middle,center,y,y,1 or 2
집_9_여_02728.jpg,middle,center,y,y,1 or 2
집_9_여_03133.jpg,small,center,y,y,more than 3
집_9_여_03520.jpg,small,center,y,y,1 or 2
집_9_여_03997.jpg,middle,center,y,y,1 or 2
집_9_여_04045.jpg,middle,center,y,y,more than 3
집_9_여_04096.jpg,small,center,y,y,1 or 2
집_9_여_04474.jpg,small,left,y,y,1 or 2
집_9_여_04542.jpg,small,center,y,y,1 or 2
집_9_여_04631.jpg,middle,center,y,y,more than 3
집_9_여_04640.jpg,small,center,y,y,1 or 2
집_9_여_04814.jpg,middle,center,y,y,1 or 2
집_9_여_04880.jpg,middle,center,y,y,1 or 2
집_9_여_05013.jpg,middle,center,y,y,1 or 2
집_9_여_05072.jpg,middle,center,y,y,1 or 2
집_9_여_05207.jpg,middle,center,y,y,more than 3
집_9_여_05582.jpg,small,center,y,y,more than 3
집_9_여_05681.jpg,small,left,y,y,1 or 2
집_9_여_05706.jpg,middle,left,y,y,1 or 2
집_9_여_05989.jpg,middle,left,y,y,1 or 2
집_9_여_06036.jpg,middle,center,y,y,1 or 2
집_9_여_06170.jpg,middle,center,y,y,1 or 2
집_9_여_06181.jpg,middle,center,y,y,1 or 2
집_9_여_06201.jpg,middle,center,y,y,1 or 2
집_9_여_06206.jpg,small,left,y,y,1 or 2
집_9_여_06455.jpg,small,center,y,y,1 or 2
집_9_여_06553.jpg,middle,center,y,y,1 or 2
집_9_여_06703.jpg,middle,center,y,y,1 or 2
집_9_여_06808.jpg,small,center,y,y,1 or 2
집_9_여_06821.jpg,middle,center,y,y,1 or 2
집_9_여_07007.jpg,middle,center,y,y,more than 3
집_9_여_07108.jpg,middle,center,y,y,1 or 2
집_9_여_07360.jpg,middle,center,y,y,more than 3
집_9_여_07422.jpg,middle,left,y,y,1 or 2
집_9_여_07667.jpg,small,left,y,y,1 or 2
집_9_여_08010.jpg,middle,center,y,y,1 or 2
집_9_여_08154.jpg,small,center,y,y,1 or 2
집_9_여_08281.jpg,middle,center,y,y,1 or 2
집_9_여_08364.jpg,middle,center,y,y,more than 3
집_9_여_08612.jpg,middle,center,y,y,1 or 2
집_9_여_08664.jpg,middle,left,y,y,1 or 2
집_9_여_08711.jpg,small,left,y,y,1 or 2
집_9_여_08956.jpg,middle,center,y,y,more than 3
집_9_여_09239.jpg,middle,center,y,y,more than 3
집_9_여_09305.jpg,small,center,y,y,1 or 2
집_9_여_09310.jpg,small,left,y,y,1 or 2
집_9_여_09362.jpg,middle,center,n,y,1 or 2
집_9_여_09463.jpg,middle,center,y,y,1 or 2
집_9_여_09618.jpg,small,center,y,y,1 or 2
집_9_여_09820.jpg,small,center,y,y,1 or 2
집_9_여_10272.jpg,middle,center,y,y,more than 3
집_9_여_10299.jpg,small,center,y,y,1 or 2
집_9_여_10427.jpg,middle,center,y,y,1 or 2
집_9_여_10550.jpg,middle,center,y,y,1 or 2
집_9_여_10714.jpg,middle,center,y,y,1 or 2
집_9_여_11008.jpg,middle,center,y,y,more than 3
집_9_여_11130.jpg,middle,center,y,y,1 or 2
집_9_여_11546.jpg,middle,center,y,y,1 or 2
집_9_여_11580.jpg,middle,center,y,y,1 or 2
집_9_여_11806.jpg,small,center,y,y,1 or 2
집_9_여_12157.jpg,middle,center,y,y,1 or 2
집_9_여_12264.jpg,middle,center,y,y,more than 3
집_9_여_12342.jpg,small,left,y,y,1 or 2
집_9_여_12344.jpg,middle,center,y,y,1 or 2
집_9_여_12376.jpg,middle,center,y,y,1 or 2
집_9_여_12381.jpg,middle,center,y,y,1 or 2
집_9_여_12524.jpg,middle,center,y,y,1 or 2
집_9_여_12536.jpg,middle,center,y,y,more than 3
집_9_여_12935.jpg,middle,center,y,y,1 or 2
집_9_여_13121.jpg,big,center,y,y,1 or 2
집_9_여_13142.jpg,big,center,y,y,1 or 2
집_9_여_13408.jpg,small,left,y,y,1 or 2
집_9_여_13424.jpg,middle,center,y,y,more than 3
집_9_여_13466.jpg,small,center,y,y,more than 3
집_9_여_13586.jpg,small,left,y,y,1 or 2
집_9_여_13610.jpg,middle,left,y,y,1 or 2
집_9_여_13647.jpg,small,right,y,y,1 or 2
집_9_여_13700.jpg,middle,center,y,y,more than 3
집_9_여_13978.jpg,small,center,y,y,1 or 2
집_9_남_00222.jpg,middle,center,y,y,1 or 2
집_9_남_00291.jpg,middle,center,y,y,1 or 2
집_9_남_00359.jpg,middle,left,y,y,1 or 2
집_9_남_00485.jpg,middle,center,y,y,1 or 2
집_9_남_00553.jpg,small,center,y,y,1 or 2
집_9_남_00576.jpg,middle,center,y,y,1 or 2
집_9_남_00601.jpg,middle,center,y,y,1 or 2
집_9_남_00606.jpg,small,left,y,y,1 or 2
집_9_남_00633.jpg,middle,center,y,y,1 or 2
집_9_남_00642.jpg,middle,left,y,y,1 or 2
집_9_남_00769.jpg,middle,left,y,y,1 or 2
집_9_남_00775.jpg,middle,center,y,y,1 or 2
집_9_남_00776.jpg,small,center,y,y,1 or 2
집_9_남_00851.jpg,middle,center,y,y,1 or 2
집_9_남_00927.jpg,middle,center,y,y,1 or 2
집_9_남_00979.jpg,middle,left,y,y,1 or 2
집_9_남_01015.jpg,middle,center,y,y,1 or 2
집_9_남_01016.jpg,middle,center,y,y,1 or 2
집_9_남_01203.jpg,middle,center,y,y,1 or 2
집_9_남_01222.jpg,middle,center,y,y,1 or 2
집_9_남_01228.jpg,middle,center,y,y,1 or 2
집_9_남_01300.jpg,middle,center,y,y,1 or 2
집_9_남_01327.jpg,middle,center,y,y,1 or 2
집_9_남_01339.jpg,small,center,y,y,more than 3
집_9_남_01366.jpg,small,center,y,y,1 or 2
집_9_남_01413.jpg,middle,center,y,y,more than 3
집_9_남_01491.jpg,small,center,y,y,1 or 2
집_9_남_01683.jpg,middle,center,y,y,1 or 2
집_9_남_01717.jpg,small,center,y,y,absence
집_9_남_01747.jpg,middle,center,y,y,1 or 2
집_9_남_01829.jpg,middle,center,y,y,more than 3
집_9_남_01858.jpg,middle,left,y,y,1 or 2
집_9_남_01883.jpg,small,center,y,y,1 or 2
집_9_남_01930.jpg,middle,center,y,y,1 or 2
집_9_남_02122.jpg,middle,left,y,y,1 or 2
집_9_남_02141.jpg,small,center,y,y,1 or 2
집_9_남_02169.jpg,small,center,y,y,1 or 2
집_9_남_02259.jpg,small,center,y,y,1 or 2
집_9_남_02429.jpg,middle,center,y,y,1 or 2
집_9_남_02445.jpg,middle,center,y,y,1 or 2
집_9_남_02507.jpg,middle,left,y,y,1 or 2
집_9_남_02697.jpg,middle,center,y,y,1 or 2
집_9_남_02733.jpg,middle,center,y,y,more than 3
집_9_남_02774.jpg,middle,center,y,y,1 or 2
집_9_남_02836.jpg,middle,center,y,y,1 or 2
집_9_남_02844.jpg,small,center,y,y,more than 3
집_9_남_02859.jpg,middle,center,y,y,1 or 2
집_9_남_02922.jpg,middle,center,y,y,1 or 2
집_9_남_03068.jpg,middle,left,y,y,1 or 2
집_9_남_03143.jpg,middle,center,y,y,1 or 2
집_9_남_03166.jpg,middle,center,y,y,1 or 2
집_9_남_03180.jpg,middle,center,y,y,more than 3
집_9_남_03297.jpg,middle,center,y,y,1 or 2
집_9_남_03344.jpg,middle,center,y,y,1 or 2
집_9_남_03351.jpg,middle,center,y,y,1 or 2
집_9_남_03378.jpg,middle,left,y,y,1 or 2
집_9_남_03408.jpg,big,center,y,y,1 or 2
집_9_남_03447.jpg,small,center,y,y,1 or 2
집_9_남_03501.jpg,middle,left,y,y,1 or 2
집_9_남_03594.jpg,middle,right,y,y,1 or 2
집_9_남_03713.jpg,middle,center,y,y,1 or 2
집_9_남_03819.jpg,middle,center,y,y,1 or 2
집_9_남_03864.jpg,middle,left,y,y,1 or 2
집_9_남_03887.jpg,middle,center,y,y,1 or 2
집_9_남_03926.jpg,small,left,y,y,more than 3
집_9_남_03946.jpg,middle,center,y,y,1 or 2
집_9_남_04016.jpg,middle,center,y,y,1 or 2
집_9_남_04094.jpg,middle,center,y,y,1 or 2
집_9_남_04100.jpg,middle,center,y,y,1 or 2
집_9_남_04105.jpg,middle,center,y,y,1 or 2
집_9_남_04235.jpg,small,center,y,y,more than 3
집_9_남_04243.jpg,small,center,y,y,1 or 2
집_9_남_04301.jpg,middle,center,y,y,more than 3
집_9_남_04361.jpg,small,center,y,y,1 or 2
집_9_남_04439.jpg,middle,center,y,y,more than 3
집_9_남_04538.jpg,small,center,y,y,more than 3
집_9_남_04576.jpg,small,center,y,y,1 or 2
집_9_남_04942.jpg,small,center,y,y,1 or 2
집_9_남_05031.jpg,middle,center,y,y,1 or 2
집_9_남_05106.jpg,small,center,y,y,1 or 2
집_9_남_05118.jpg,middle,center,y,y,1 or 2
집_9_남_05120.jpg,middle,center,y,y,1 or 2
집_9_남_05276.jpg,middle,center,y,y,1 or 2
집_9_남_05284.jpg,middle,center,y,y,1 or 2
집_9_남_05468.jpg,small,center,y,y,more than 3
집_9_남_05570.jpg,middle,center,y,y,1 or 2
집_9_남_05622.jpg,middle,center,y,y,1 or 2
집_9_남_05646.jpg,middle,center,y,y,1 or 2
집_9_남_05657.jpg,middle,center,y,y,1 or 2
집_9_남_05772.jpg,small,center,y,y,more than 3
집_9_남_05947.jpg,small,center,y,y,1 or 2
집_9_남_06093.jpg,middle,center,y,y,1 or 2
집_9_남_06111.jpg,middle,center,y,y,1 or 2
집_9_남_06154.jpg,small,left,y,y,more than 3
집_9_남_06173.jpg,small,right,y,y,1 or 2
집_9_남_06265.jpg,middle,center,y,y,1 or 2
집_9_남_06312.jpg,middle,left,y,y,1 or 2
집_9_남_06393.jpg,middle,center,y,y,1 or 2
집_9_남_06411.jpg,middle,left,y,y,more than 3
집_9_남_06592.jpg,middle,center,y,y,1 or 2
집_9_남_06618.jpg,middle,center,y,y,1 or 2
집_9_남_06647.jpg,small,center,y,y,1 or 2
집_9_남_06720.jpg,small,center,y,y,1 or 2
집_9_남_06750.jpg,middle,center,y,y,1 or 2
집_9_남_06752.jpg,middle,center,y,y,1 or 2
집_9_남_06851.jpg,small,center,y,y,1 or 2
집_9_남_06877.jpg,small,center,y,y,1 or 2
집_9_남_06892.jpg,big,center,y,y,1 or 2
집_9_남_07042.jpg,small,center,y,y,1 or 2
집_9_남_07102.jpg,middle,left,y,y,1 or 2
집_9_남_07169.jpg,middle,center,y,y,1 or 2
집_9_남_07185.jpg,small,right,y,y,1 or 2
집_9_남_07235.jpg,middle,center,y,y,1 or 2
집_9_남_07418.jpg,middle,center,y,y,1 or 2
집_9_남_07419.jpg,small,left,n,y,more than 3
집_9_남_07542.jpg,big,center,y,y,1 or 2
집_9_남_07545.jpg,small,left,y,y,1 or 2
집_9_남_07549.jpg,middle,center,y,y,1 or 2
집_9_남_07596.jpg,middle,center,y,y,1 or 2
집_9_남_07608.jpg,middle,center,y,y,1 or 2
집_9_남_07650.jpg,middle,center,y,y,1 or 2
집_9_남_07678.jpg,middle,center,y,y,1 or 2
집_9_남_07702.jpg,small,left,y,y,1 or 2
집_9_남_07741.jpg,middle,center,y,y,1 or 2
집_9_남_07894.jpg,middle,left,y,y,1 or 2
집_9_남_08012.jpg,middle,center,y,y,more than 3
집_9_남_08038.jpg,small,left,y,y,1 or 2
집_9_남_08046.jpg,middle,center,y,y,1 or 2
집_9_남_08182.jpg,small,center,y,y,1 or 2
집_9_남_08183.jpg,small,left,y,y,1 or 2
집_9_남_08355.jpg,middle,center,y,y,1 or 2
집_9_남_08418.jpg,middle,center,y,y,1 or 2
집_9_남_08524.jpg,middle,center,y,y,1 or 2
집_9_남_08533.jpg,middle,center,y,y,1 or 2
집_9_남_08801.jpg,small,center,y,y,1 or 2
집_9_남_08843.jpg,middle,left,y,y,1 or 2
집_9_남_08861.jpg,middle,center,y,y,1 or 2
집_9_남_09238.jpg,middle,center,y,y,1 or 2
집_9_남_09248.jpg,middle,center,y,y,1 or 2
집_9_남_09338.jpg,middle,center,y,y,more than 3
집_9_남_09361.jpg,middle,center,y,y,1 or 2
집_9_남_09370.jpg,middle,center,y,y,1 or 2
집_9_남_09400.jpg,middle,center,y,y,1 or 2
집_9_남_09528.jpg,middle,center,y,y,1 or 2
집_9_남_09539.jpg,middle,right,y,y,1 or 2
집_9_남_09591.jpg,middle,left,y,y,1 or 2
집_9_남_09602.jpg,middle,center,y,y,1 or 2
집_9_남_09661.jpg,middle,center,y,y,more than 3
집_9_남_09895.jpg,middle,center,y,y,1 or 2
집_9_남_09947.jpg,small,left,y,y,1 or 2
집_9_남_10011.jpg,middle,center,y,y,1 or 2
집_9_남_10057.jpg,middle,center,y,y,1 or 2
집_9_남_10200.jpg,middle,center,y,y,1 or 2
집_9_남_10212.jpg,middle,center,y,y,more than 3
집_9_남_10216.jpg,small,left,y,y,1 or 2
집_9_남_10257.jpg,middle,center,y,y,1 or 2
집_9_남_10467.jpg,middle,left,y,y,1 or 2
집_9_남_10517.jpg,middle,center,y,y,1 or 2
집_9_남_10519.jpg,middle,center,y,y,1 or 2
집_9_남_10556.jpg,middle,right,y,y,1 or 2
집_9_남_10685.jpg,middle,center,y,y,1 or 2
집_9_남_10792.jpg,middle,left,y,y,1 or 2
집_9_남_10893.jpg,middle,left,y,y,1 or 2
집_9_남_10899.jpg,middle,center,y,y,more than 3
집_9_남_10946.jpg,small,center,y,y,1 or 2
집_9_남_10956.jpg,middle,center,y,y,1 or 2
집_9_남_10993.jpg,small,center,y,y,1 or 2
집_9_남_11122.jpg,middle,center,y,y,1 or 2
집_9_남_11209.jpg,small,center,y,y,1 or 2
집_9_남_11273.jpg,middle,center,y,y,1 or 2
집_9_남_11387.jpg,small,center,y,y,1 or 2
집_9_남_11439.jpg,middle,center,y,y,1 or 2
집_9_남_11491.jpg,middle,center,y,y,1 or 2
집_9_남_11569.jpg,middle,center,y,y,1 or 2
집_9_남_11577.jpg,middle,center,y,y,1 or 2
집_9_남_11660.jpg,middle,center,y,y,1 or 2
집_9_남_11664.jpg,small,center,y,y,1 or 2
집_9_남_11666.jpg,middle,center,y,y,1 or 2
집_9_남_11812.jpg,big,center,y,y,1 or 2
집_9_남_11938.jpg,middle,center,y,y,1 or 2
집_9_남_11980.jpg,middle,center,y,y,more than 3
집_9_남_12129.jpg,middle,center,y,y,1 or 2
집_9_남_12229.jpg,small,center,y,y,1 or 2
집_9_남_12288.jpg,small,left,y,y,1 or 2
집_9_남_12464.jpg,small,center,y,y,more than 3
집_9_남_12599.jpg,middle,center,y,y,1 or 2
집_9_남_12724.jpg,middle,center,y,y,1 or 2
집_9_남_12764.jpg,big,center,y,y,1 or 2
집_9_남_12883.jpg,small,center,y,y,1 or 2
집_9_남_12906.jpg,small,center,y,y,1 or 2
집_9_남_12967.jpg,middle,center,y,y,1 or 2
집_9_남_12982.jpg,small,center,y,y,more than 3
집_9_남_13067.jpg,middle,center,y,y,more than 3
집_9_남_13092.jpg,middle,right,y,y,1 or 2
집_9_남_13164.jpg,middle,center,y,y,1 or 2
집_9_남_13352.jpg,middle,center,y,y,1 or 2
집_9_남_13596.jpg,middle,center,y,y,1 or 2
집_9_남_13743.jpg,middle,center,y,y,1 or 2
집_9_남_13767.jpg,small,center,y,y,1 or 2
집_9_남_13815.jpg,small,center,y,y,more than 3
집_9_남_13934.jpg,big,center,y,y,1 or 2
