id,size,loc,arm_yn,eye_yn,leg_yn,mouth_yn
남자사람_10_여_00034.jpg,middle,center,y,y,y,y
남자사람_10_여_00103.jpg,big,center,y,y,y,y
남자사람_10_여_00191.jpg,small,center,y,y,y,y
남자사람_10_여_00311.jpg,small,center,y,y,y,y
남자사람_10_여_00319.jpg,middle,center,y,y,y,y
남자사람_10_여_00344.jpg,big,center,y,y,y,y
남자사람_10_여_00413.jpg,big,center,y,y,y,y
남자사람_10_여_00425.jpg,middle,center,y,y,y,y
남자사람_10_여_00461.jpg,middle,center,y,y,y,y
남자사람_10_여_00518.jpg,small,center,y,y,y,y
남자사람_10_여_00763.jpg,middle,center,y,y,y,y
남자사람_10_여_00791.jpg,big,center,y,y,y,y
남자사람_10_여_00829.jpg,middle,center,y,y,y,y
남자사람_10_여_00930.jpg,small,center,y,y,y,y
남자사람_10_여_00968.jpg,middle,center,y,y,y,y
남자사람_10_여_00980.jpg,big,center,y,y,y,y
남자사람_10_여_01084.jpg,middle,center,y,y,y,y
남자사람_10_여_01157.jpg,small,left,y,y,y,y
남자사람_10_여_01194.jpg,middle,center,y,y,y,y
남자사람_10_여_01431.jpg,small,center,y,y,y,y
남자사람_10_여_01497.jpg,middle,left,y,y,y,y
남자사람_10_여_01507.jpg,middle,center,y,y,y,y
남자사람_10_여_01601.jpg,middle,center,y,y,y,y
남자사람_10_여_01651.jpg,middle,center,y,y,y,y
남자사람_10_여_01663.jpg,middle,center,y,y,y,y
남자사람_10_여_01709.jpg,small,center,y,y,y,y
남자사람_10_여_01889.jpg,middle,center,y,y,y,y
남자사람_10_여_02036.jpg,big,center,y,y,y,y
남자사람_10_여_02148.jpg,middle,center,y,y,y,y
남자사람_10_여_02164.jpg,middle,center,y,y,y,y
남자사람_10_여_02283.jpg,small,center,y,y,y,y
남자사람_10_여_02285.jpg,middle,center,y,y,y,y
남자사람_10_여_02294.jpg,small,center,y,y,y,y
남자사람_10_여_02512.jpg,small,center,y,y,y,y
남자사람_10_여_02729.jpg,small,center,y,y,y,y
남자사람_10_여_02832.jpg,middle,center,y,y,y,y
남자사람_10_여_03075.jpg,middle,center,y,y,y,y
남자사람_10_여_03112.jpg,middle,center,y,y,y,y
남자사람_10_여_03182.jpg,middle,center,y,y,y,y
남자사람_10_여_03200.jpg,small,center,y,y,y,y
남자사람_10_여_03205.jpg,big,center,y,y,y,y
남자사람_10_여_03221.jpg,middle,center,y,y,y,y
남자사람_10_여_03225.jpg,small,center,y,y,y,y
남자사람_10_여_03251.jpg,middle,center,y,n,y,y
남자사람_10_여_03382.jpg,middle,center,y,y,y,y
남자사람_10_여_03457.jpg,middle,center,y,y,y,y
남자사람_10_여_03822.jpg,small,center,y,y,y,n
남자사람_10_여_03850.jpg,middle,center,y,y,y,y
남자사람_10_여_03912.jpg,small,center,y,y,y,y
남자사람_10_여_04234.jpg,middle,left,y,y,y,y
남자사람_10_여_04329.jpg,middle,left,y,y,y,y
남자사람_10_여_04495.jpg,small,center,y,y,y,y
남자사람_10_여_04522.jpg,middle,center,y,y,y,y
남자사람_10_여_04714.jpg,small,center,y,y,y,y
남자사람_10_여_04795.jpg,big,center,y,y,y,y
남자사람_10_여_05188.jpg,small,center,y,y,y,y
남자사람_10_여_05239.jpg,small,center,y,y,y,y
남자사람_10_여_05254.jpg,small,center,y,y,y,y
남자사람_10_여_05306.jpg,middle,center,y,y,y,y
남자사람_10_여_05329.jpg,middle,center,y,y,y,y
남자사람_10_여_05491.jpg,small,center,y,y,y,y
남자사람_10_여_05522.jpg,middle,center,y,y,y,y
남자사람_10_여_05604.jpg,middle,center,y,y,y,y
남자사람_10_여_05714.jpg,small,center,y,y,y,y
남자사람_10_여_05828.jpg,small,center,y,y,y,y
남자사람_10_여_06067.jpg,middle,center,y,y,y,y
남자사람_10_여_06258.jpg,small,center,y,y,y,y
남자사람_10_여_06288.jpg,middle,center,y,y,y,y
남자사람_10_여_06381.jpg,middle,center,y,y,y,y
남자사람_10_여_06583.jpg,middle,center,y,y,y,y
남자사람_10_여_06596.jpg,big,center,y,y,y,y
남자사람_10_여_06607.jpg,small,center,y,y,y,y
남자사람_10_여_06891.jpg,small,center,y,y,y,y
남자사람_10_여_06908.jpg,middle,center,y,y,y,y
남자사람_10_여_06932.jpg,big,center,y,y,y,y
남자사람_10_여_07065.jpg,middle,center,y,y,y,y
남자사람_10_여_07077.jpg,small,center,y,y,y,y
남자사람_10_여_07117.jpg,small,center,y,y,y,y
남자사람_10_여_07131.jpg,middle,center,y,y,y,y
남자사람_10_여_07159.jpg,middle,center,y,y,y,y
남자사람_10_여_07199.jpg,middle,center,y,y,y,y
남자사람_10_여_07202.jpg,middle,center,y,y,y,y
남자사람_10_여_07220.jpg,middle,center,y,y,y,y
남자사람_10_여_07456.jpg,middle,center,y,y,y,y
남자사람_10_여_07487.jpg,small,center,y,y,y,y
남자사람_10_여_07574.jpg,small,center,y,y,y,y
남자사람_10_여_07590.jpg,small,center,y,y,y,y
남자사람_10_여_07702.jpg,small,center,y,y,y,y
남자사람_10_여_07703.jpg,small,center,y,y,y,y
남자사람_10_여_07744.jpg,middle,center,y,y,y,y
남자사람_10_여_07768.jpg,middle,center,y,y,y,y
남자사람_10_여_07769.jpg,middle,center,y,y,y,y
남자사람_10_여_07773.jpg,middle,center,y,y,y,y
남자사람_10_여_07806.jpg,small,center,y,y,y,y
남자사람_10_여_07853.jpg,small,center,y,y,y,y
남자사람_10_여_08094.jpg,small,center,y,y,y,y
남자사람_10_여_08103.jpg,small,center,y,y,y,y
남자사람_10_여_08150.jpg,small,center,y,y,y,y
남자사람_10_여_08188.jpg,big,center,y,y,y,y
남자사람_10_여_08621.jpg,middle,center,y,y,y,y
남자사람_10_여_08652.jpg,small,center,y,y,y,y
남자사람_10_여_08656.jpg,small,center,y,y,y,y
남자사람_10_여_08708.jpg,middle,center,y,y,y,y
남자사람_10_여_08877.jpg,big,center,y,y,y,y
남자사람_10_여_09021.jpg,small,center,y,y,y,y
남자사람_10_여_09051.jpg,middle,center,y,y,y,y
남자사람_10_여_09124.jpg,small,center,y,y,y,y
남자사람_10_여_09149.jpg,small,center,y,y,y,y
남자사람_10_여_09153.jpg,small,center,y,y,y,y
남자사람_10_여_09383.jpg,small,center,y,y,y,n
남자사람_10_여_09714.jpg,small,center,y,y,y,y
남자사람_10_여_09741.jpg,middle,center,y,y,y,y
남자사람_10_여_09775.jpg,small,center,y,y,y,y
남자사람_10_여_09814.jpg,middle,center,y,y,y,y
남자사람_10_여_09842.jpg,middle,center,y,y,y,y
남자사람_10_여_09946.jpg,small,center,y,y,y,y
남자사람_10_여_09996.jpg,middle,center,y,y,y,y
남자사람_10_여_10108.jpg,middle,center,y,y,y,y
남자사람_10_여_10145.jpg,middle,center,y,y,y,y
남자사람_10_여_10177.jpg,middle,center,y,y,y,y
남자사람_10_여_10339.jpg,small,center,y,y,y,y
남자사람_10_여_10416.jpg,small,center,y,y,y,y
남자사람_10_여_10436.jpg,small,center,y,y,y,y
남자사람_10_여_10554.jpg,middle,center,y,y,y,y
남자사람_10_여_10575.jpg,middle,center,y,y,y,y
남자사람_10_여_10579.jpg,middle,center,y,y,y,y
남자사람_10_여_10800.jpg,middle,center,y,y,y,y
남자사람_10_여_10819.jpg,middle,center,y,y,y,y
남자사람_10_여_10974.jpg,middle,center,y,y,y,y
남자사람_10_여_11139.jpg,small,center,y,y,y,y
남자사람_10_여_11163.jpg,middle,center,y,y,y,y
남자사람_10_여_11317.jpg,middle,center,y,y,y,y
남자사람_10_여_11359.jpg,small,center,y,y,y,y
남자사람_10_여_11455.jpg,small,center,y,y,y,y
남자사람_10_여_11473.jpg,small,center,y,y,y,y
남자사람_10_여_11543.jpg,big,center,y,y,y,y
남자사람_10_여_11603.jpg,small,center,y,y,y,y
남자사람_10_여_11728.jpg,middle,center,y,y,y,y
남자사람_10_여_11738.jpg,middle,center,y,y,y,y
남자사람_10_여_11744.jpg,big,center,y,y,y,y
남자사람_10_여_11750.jpg,middle,center,y,y,y,y
남자사람_10_여_11780.jpg,middle,center,y,y,y,y
남자사람_10_여_11907.jpg,middle,center,y,y,y,y
남자사람_10_여_12087.jpg,middle,center,y,y,y,y
남자사람_10_여_12207.jpg,middle,center,y,y,y,y
남자사람_10_여_12231.jpg,middle,center,y,y,y,y
남자사람_10_여_12315.jpg,big,center,y,y,y,y
남자사람_10_여_12324.jpg,middle,center,y,y,y,y
남자사람_10_여_12405.jpg,middle,center,y,y,y,y
남자사람_10_여_12471.jpg,big,center,y,y,y,y
남자사람_10_여_12578.jpg,big,center,y,y,y,y
남자사람_10_여_12695.jpg,small,center,y,y,y,y
남자사람_10_여_12809.jpg,middle,center,y,y,y,y
남자사람_10_여_12824.jpg,middle,center,y,y,y,y
남자사람_10_여_12853.jpg,middle,center,y,y,y,y
남자사람_10_여_12890.jpg,small,center,y,y,y,y
남자사람_10_여_13469.jpg,big,center,y,y,y,y
남자사람_10_여_13473.jpg,small,center,y,y,y,y
남자사람_10_여_13501.jpg,big,center,y,y,y,y
남자사람_10_여_13504.jpg,middle,center,y,y,y,y
남자사람_10_여_13658.jpg,small,center,y,y,y,y
남자사람_10_여_13660.jpg,middle,center,y,y,y,y
남자사람_10_여_13704.jpg,middle,center,y,y,y,y
남자사람_10_여_13718.jpg,middle,center,y,y,y,y
남자사람_10_여_13719.jpg,big,center,y,y,y,y
남자사람_10_여_13722.jpg,middle,center,y,y,y,y
남자사람_10_여_13774.jpg,small,center,y,y,y,y
남자사람_10_여_13864.jpg,middle,left,y,y,y,y
남자사람_10_여_13895.jpg,middle,center,y,y,y,y
남자사람_10_여_13909.jpg,middle,center,y,y,y,y
남자사람_10_남_00031.jpg,big,center,y,y,y,y
남자사람_10_남_00054.jpg,small,center,y,y,y,y
남자사람_10_남_00058.jpg,big,center,y,y,y,y
남자사람_10_남_00110.jpg,middle,center,y,y,y,y
남자사람_10_남_00122.jpg,big,center,y,y,y,y
남자사람_10_남_00132.jpg,big,center,y,y,y,y
남자사람_10_남_00193.jpg,middle,center,y,y,y,y
남자사람_10_남_00257.jpg,middle,center,y,y,y,y
남자사람_10_남_00451.jpg,middle,center,y,y,y,y
남자사람_10_남_00607.jpg,middle,center,y,y,y,y
남자사람_10_남_00624.jpg,small,center,y,y,y,y
남자사람_10_남_00658.jpg,small,center,y,y,y,y
남자사람_10_남_00686.jpg,big,center,y,y,y,y
남자사람_10_남_00781.jpg,middle,center,y,y,y,y
남자사람_10_남_00792.jpg,middle,center,y,y,y,y
남자사람_10_남_00811.jpg,small,center,y,y,y,y
남자사람_10_남_00812.jpg,small,center,y,y,y,y
남자사람_10_남_00936.jpg,middle,center,y,y,y,y
남자사람_10_남_00962.jpg,small,center,y,y,y,y
남자사람_10_남_01002.jpg,middle,center,y,y,y,y
남자사람_10_남_01113.jpg,small,center,y,y,y,y
남자사람_10_남_01191.jpg,small,center,y,y,y,y
남자사람_10_남_01199.jpg,big,center,y,y,y,y
남자사람_10_남_01287.jpg,middle,center,y,y,y,y
남자사람_10_남_01289.jpg,small,center,y,y,y,y
남자사람_10_남_01322.jpg,small,center,y,y,y,y
남자사람_10_남_01346.jpg,small,center,y,y,y,y
남자사람_10_남_01385.jpg,small,center,y,y,y,y
남자사람_10_남_01416.jpg,small,center,y,y,y,y
남자사람_10_남_01461.jpg,middle,center,y,y,y,y
남자사람_10_남_01466.jpg,middle,center,y,y,y,y
남자사람_10_남_01467.jpg,big,center,y,y,y,y
남자사람_10_남_01530.jpg,middle,center,y,y,y,y
남자사람_10_남_01532.jpg,big,center,y,y,y,y
남자사람_10_남_01560.jpg,middle,center,y,y,y,y
남자사람_10_남_01606.jpg,middle,center,y,y,y,y
남자사람_10_남_01614.jpg,small,center,y,y,y,y
남자사람_10_남_01993.jpg,small,center,y,y,y,y
남자사람_10_남_02020.jpg,big,center,y,y,y,y
남자사람_10_남_02079.jpg,middle,center,y,y,y,y
남자사람_10_남_02097.jpg,big,center,y,y,y,y
남자사람_10_남_02163.jpg,small,center,y,y,y,y
남자사람_10_남_02170.jpg,middle,right,y,y,y,y
남자사람_10_남_02272.jpg,middle,left,y,y,y,y
남자사람_10_남_02375.jpg,big,center,y,y,y,y
남자사람_10_남_02379.jpg,big,center,y,y,y,y
남자사람_10_남_02413.jpg,big,center,y,y,y,y
남자사람_10_남_02470.jpg,small,center,y,y,y,y
남자사람_10_남_02479.jpg,small,center,y,y,y,y
남자사람_10_남_02632.jpg,middle,center,y,y,y,y
남자사람_10_남_02689.jpg,small,center,y,y,y,y
남자사람_10_남_02762.jpg,small,center,y,y,y,y
남자사람_10_남_02767.jpg,big,center,y,y,y,y
남자사람_10_남_02828.jpg,small,center,y,y,y,y
남자사람_10_남_02856.jpg,middle,center,y,y,y,y
남자사람_10_남_03039.jpg,big,right,y,y,y,y
남자사람_10_남_03153.jpg,middle,center,y,y,y,y
남자사람_10_남_03208.jpg,middle,center,y,y,y,y
남자사람_10_남_03377.jpg,middle,center,y,y,y,y
남자사람_10_남_03445.jpg,small,center,y,y,y,y
남자사람_10_남_03456.jpg,big,center,y,y,y,y
남자사람_10_남_03497.jpg,middle,center,y,y,y,y
남자사람_10_남_03588.jpg,middle,center,y,y,y,y
남자사람_10_남_03758.jpg,middle,center,y,y,y,y
남자사람_10_남_03855.jpg,middle,center,y,y,y,y
남자사람_10_남_03882.jpg,middle,center,y,y,y,y
남자사람_10_남_03892.jpg,small,center,y,y,y,y
남자사람_10_남_03945.jpg,small,center,y,y,y,y
남자사람_10_남_04067.jpg,middle,center,y,y,y,y
남자사람_10_남_04160.jpg,big,center,y,y,y,y
남자사람_10_남_04195.jpg,middle,center,y,y,y,y
남자사람_10_남_04321.jpg,middle,center,y,y,y,y
남자사람_10_남_04410.jpg,middle,center,y,y,y,y
남자사람_10_남_04455.jpg,small,center,y,y,y,y
남자사람_10_남_04461.jpg,big,center,y,y,y,y
남자사람_10_남_04469.jpg,middle,center,y,y,y,y
남자사람_10_남_04513.jpg,middle,center,y,y,y,y
남자사람_10_남_04596.jpg,middle,center,y,y,y,y
남자사람_10_남_04613.jpg,middle,center,y,y,y,y
남자사람_10_남_04661.jpg,middle,center,y,y,y,y
남자사람_10_남_04740.jpg,middle,center,y,y,y,y
남자사람_10_남_04760.jpg,middle,center,y,y,y,y
남자사람_10_남_05168.jpg,small,left,y,y,y,y
남자사람_10_남_05190.jpg,middle,center,y,y,y,y
남자사람_10_남_05291.jpg,middle,center,y,y,y,y
남자사람_10_남_05555.jpg,small,center,y,y,y,y
남자사람_10_남_05560.jpg,middle,center,y,y,y,y
남자사람_10_남_05578.jpg,small,center,y,y,y,y
남자사람_10_남_05692.jpg,small,center,y,y,y,y
남자사람_10_남_05708.jpg,middle,center,y,y,y,y
남자사람_10_남_05838.jpg,middle,center,y,y,y,y
남자사람_10_남_05851.jpg,small,center,y,y,y,y
남자사람_10_남_05970.jpg,small,center,y,y,y,y
남자사람_10_남_05987.jpg,small,center,y,y,y,y
남자사람_10_남_05991.jpg,middle,center,y,y,y,y
남자사람_10_남_06034.jpg,middle,center,y,y,y,y
남자사람_10_남_06129.jpg,middle,center,y,y,y,y
남자사람_10_남_06149.jpg,small,left,y,y,y,y
남자사람_10_남_06166.jpg,middle,center,y,y,y,y
남자사람_10_남_06186.jpg,small,center,y,y,y,y
남자사람_10_남_06280.jpg,big,center,y,y,y,y
남자사람_10_남_06337.jpg,middle,center,y,y,y,y
남자사람_10_남_06397.jpg,middle,center,y,y,y,y
남자사람_10_남_06400.jpg,middle,center,y,y,y,y
남자사람_10_남_06440.jpg,middle,center,y,y,y,y
남자사람_10_남_06467.jpg,small,left,y,y,y,y
남자사람_10_남_06484.jpg,middle,center,y,y,y,y
남자사람_10_남_06493.jpg,small,center,y,y,y,y
남자사람_10_남_06595.jpg,small,center,y,y,y,y
남자사람_10_남_06615.jpg,small,center,y,y,y,y
남자사람_10_남_06726.jpg,middle,center,y,y,y,y
남자사람_10_남_06792.jpg,small,center,y,y,y,y
남자사람_10_남_06828.jpg,big,center,y,y,y,y
남자사람_10_남_06993.jpg,middle,center,y,y,y,y
남자사람_10_남_07056.jpg,middle,center,y,y,y,y
남자사람_10_남_07133.jpg,middle,right,y,y,y,y
남자사람_10_남_07141.jpg,big,center,y,y,y,y
남자사람_10_남_07162.jpg,middle,center,y,y,y,y
남자사람_10_남_07165.jpg,middle,center,y,y,y,y
남자사람_10_남_07166.jpg,big,center,y,y,y,y
남자사람_10_남_07194.jpg,middle,center,y,y,y,y
남자사람_10_남_07263.jpg,small,center,y,y,y,y
남자사람_10_남_07406.jpg,small,center,y,y,y,y
남자사람_10_남_07449.jpg,middle,center,y,y,y,y
남자사람_10_남_07500.jpg,middle,center,y,y,y,y
남자사람_10_남_07542.jpg,middle,center,y,y,y,y
남자사람_10_남_07559.jpg,small,center,y,y,y,y
남자사람_10_남_07581.jpg,middle,center,y,y,y,y
남자사람_10_남_07777.jpg,middle,center,y,y,y,y
남자사람_10_남_07804.jpg,middle,center,y,y,y,y
남자사람_10_남_07808.jpg,small,center,y,y,y,y
남자사람_10_남_07872.jpg,small,center,y,y,y,y
남자사람_10_남_07878.jpg,middle,center,y,y,y,y
남자사람_10_남_07938.jpg,middle,center,y,y,y,y
남자사람_10_남_07958.jpg,big,center,y,y,y,y
남자사람_10_남_08060.jpg,small,center,y,y,y,y
남자사람_10_남_08068.jpg,small,center,y,y,y,y
남자사람_10_남_08191.jpg,middle,center,y,y,y,y
남자사람_10_남_08195.jpg,middle,center,y,y,y,y
남자사람_10_남_08490.jpg,big,center,y,y,y,y
남자사람_10_남_08566.jpg,small,center,y,y,y,y
남자사람_10_남_08576.jpg,middle,center,y,y,y,y
남자사람_10_남_08585.jpg,middle,center,y,y,y,y
남자사람_10_남_08597.jpg,small,center,y,y,y,y
남자사람_10_남_08627.jpg,small,center,y,y,y,y
남자사람_10_남_08651.jpg,middle,right,y,y,y,y
남자사람_10_남_08772.jpg,middle,center,y,y,y,y
남자사람_10_남_08862.jpg,middle,center,y,y,y,y
남자사람_10_남_08891.jpg,small,center,y,y,y,y
남자사람_10_남_09018.jpg,middle,center,y,y,y,y
남자사람_10_남_09030.jpg,small,center,y,y,y,y
남자사람_10_남_09123.jpg,middle,center,y,y,y,y
남자사람_10_남_09217.jpg,small,center,y,y,y,y
남자사람_10_남_09223.jpg,big,center,y,y,y,y
남자사람_10_남_09224.jpg,small,center,y,y,y,y
남자사람_10_남_09243.jpg,small,right,y,y,y,y
남자사람_10_남_09262.jpg,middle,center,y,y,y,y
남자사람_10_남_09278.jpg,small,center,y,y,y,y
남자사람_10_남_09288.jpg,big,center,y,y,y,y
남자사람_10_남_09415.jpg,small,center,y,y,y,y
남자사람_10_남_09423.jpg,middle,center,y,y,y,y
남자사람_10_남_09455.jpg,middle,center,y,y,y,y
남자사람_10_남_09489.jpg,middle,center,y,y,y,y
남자사람_10_남_09504.jpg,middle,center,y,y,y,y
남자사람_10_남_09574.jpg,small,center,y,y,y,y
남자사람_10_남_09617.jpg,big,center,y,y,y,y
남자사람_10_남_09776.jpg,middle,center,y,y,y,y
남자사람_10_남_09781.jpg,middle,center,y,y,y,y
남자사람_10_남_09931.jpg,middle,center,y,y,y,y
남자사람_10_남_09976.jpg,middle,center,y,y,y,y
남자사람_10_남_10024.jpg,big,center,y,y,y,y
남자사람_10_남_10050.jpg,middle,center,y,y,y,y
남자사람_10_남_10228.jpg,middle,center,y,y,y,y
남자사람_10_남_10236.jpg,small,center,y,y,y,y
남자사람_10_남_10275.jpg,big,center,y,y,y,y
남자사람_10_남_10333.jpg,big,center,y,y,y,y
남자사람_10_남_10362.jpg,big,center,y,y,y,y
남자사람_10_남_10393.jpg,middle,center,y,y,y,y
남자사람_10_남_10470.jpg,middle,center,y,y,y,y
남자사람_10_남_10495.jpg,middle,center,y,y,y,y
남자사람_10_남_10598.jpg,small,center,y,y,y,y
남자사람_10_남_10715.jpg,middle,center,y,y,y,y
남자사람_10_남_10719.jpg,middle,center,y,y,y,y
남자사람_10_남_10755.jpg,middle,center,y,y,y,y
남자사람_10_남_10769.jpg,small,center,y,y,y,y
남자사람_10_남_10778.jpg,big,center,y,y,y,y
남자사람_10_남_10789.jpg,middle,center,y,y,y,y
남자사람_10_남_10808.jpg,small,center,y,y,y,y
남자사람_10_남_10822.jpg,small,center,y,y,y,y
남자사람_10_남_10872.jpg,big,center,y,y,y,y
남자사람_10_남_10879.jpg,middle,center,y,y,y,y
남자사람_10_남_10942.jpg,middle,center,y,y,y,y
남자사람_10_남_10998.jpg,middle,center,y,y,y,y
남자사람_10_남_11015.jpg,middle,center,y,y,y,y
남자사람_10_남_11063.jpg,middle,center,y,y,y,y
남자사람_10_남_11064.jpg,small,center,y,y,y,y
남자사람_10_남_11075.jpg,middle,center,y,y,y,y
남자사람_10_남_11155.jpg,big,center,y,y,y,y
남자사람_10_남_11237.jpg,small,center,y,y,y,y
남자사람_10_남_11291.jpg,big,center,y,y,y,y
남자사람_10_남_11350.jpg,middle,center,y,y,y,y
남자사람_10_남_11406.jpg,middle,center,y,y,y,y
남자사람_10_남_11415.jpg,middle,center,y,y,y,y
남자사람_10_남_11486.jpg,middle,center,y,y,y,y
남자사람_10_남_11574.jpg,middle,center,y,y,y,y
남자사람_10_남_11727.jpg,big,center,y,y,y,y
남자사람_10_남_11784.jpg,middle,center,y,y,y,y
남자사람_10_남_11898.jpg,big,center,y,y,y,y
남자사람_10_남_11919.jpg,middle,center,y,y,y,y
남자사람_10_남_12002.jpg,small,left,y,y,y,y
남자사람_10_남_12022.jpg,middle,center,y,y,y,y
남자사람_10_남_12024.jpg,small,center,y,y,y,y
남자사람_10_남_12026.jpg,middle,center,y,y,y,y
남자사람_10_남_12079.jpg,big,center,y,y,y,y
남자사람_10_남_12086.jpg,middle,center,y,y,y,y
남자사람_10_남_12101.jpg,middle,center,y,y,y,y
남자사람_10_남_12143.jpg,small,center,y,y,y,y
남자사람_10_남_12237.jpg,middle,center,y,y,y,y
남자사람_10_남_12300.jpg,middle,center,y,y,y,y
남자사람_10_남_12332.jpg,middle,center,y,y,y,y
남자사람_10_남_12675.jpg,middle,center,y,y,y,y
남자사람_10_남_12718.jpg,middle,center,y,y,y,y
남자사람_10_남_12910.jpg,big,center,y,y,y,y
남자사람_10_남_12917.jpg,middle,center,y,y,y,y
남자사람_10_남_12935.jpg,small,center,y,y,y,y
남자사람_10_남_13072.jpg,small,center,y,y,y,y
남자사람_10_남_13254.jpg,big,center,y,y,y,y
남자사람_10_남_13273.jpg,small,center,y,y,y,y
남자사람_10_남_13292.jpg,middle,center,y,y,y,y
남자사람_10_남_13462.jpg,middle,center,y,y,y,y
남자사람_10_남_13488.jpg,small,center,y,y,y,y
남자사람_10_남_13591.jpg,small,center,y,y,y,y
남자사람_10_남_13614.jpg,big,center,y,y,y,y
남자사람_10_남_13699.jpg,middle,center,y,y,y,y
남자사람_10_남_13812.jpg,small,center,y,y,y,y
남자사람_10_남_13873.jpg,middle,center,y,y,y,y
남자사람_10_남_13940.jpg,middle,center,y,y,y,y
남자사람_10_남_13952.jpg,small,center,y,y,y,y
남자사람_11_여_00002.jpg,middle,center,y,y,y,y
남자사람_11_여_00042.jpg,small,center,y,y,y,y
남자사람_11_여_00047.jpg,middle,center,y,y,y,y
남자사람_11_여_00059.jpg,middle,center,y,y,y,y
남자사람_11_여_00129.jpg,big,center,y,y,y,y
남자사람_11_여_00164.jpg,middle,center,y,y,y,y
남자사람_11_여_00201.jpg,middle,center,y,y,y,y
남자사람_11_여_00245.jpg,small,center,y,y,y,y
남자사람_11_여_00290.jpg,middle,center,y,y,y,y
남자사람_11_여_00540.jpg,middle,center,y,y,y,y
남자사람_11_여_00580.jpg,small,left,y,y,y,y
남자사람_11_여_00584.jpg,small,center,y,y,y,y
남자사람_11_여_00648.jpg,middle,center,y,n,y,y
남자사람_11_여_00664.jpg,middle,right,y,y,y,y
남자사람_11_여_00671.jpg,small,center,y,y,y,y
남자사람_11_여_00764.jpg,middle,center,y,y,y,y
남자사람_11_여_00796.jpg,small,center,y,y,y,y
남자사람_11_여_00833.jpg,middle,left,y,y,y,y
남자사람_11_여_00845.jpg,middle,center,y,y,y,y
남자사람_11_여_00916.jpg,middle,center,y,y,y,y
남자사람_11_여_00929.jpg,middle,center,y,y,y,y
남자사람_11_여_00942.jpg,middle,center,y,y,y,y
남자사람_11_여_00955.jpg,small,center,y,y,y,y
남자사람_11_여_01028.jpg,middle,center,y,y,y,y
남자사람_11_여_01034.jpg,middle,center,y,y,y,y
남자사람_11_여_01105.jpg,small,center,y,y,y,y
남자사람_11_여_01143.jpg,middle,center,y,y,y,y
남자사람_11_여_01248.jpg,big,center,y,y,y,y
남자사람_11_여_01268.jpg,middle,center,y,y,y,y
남자사람_11_여_01337.jpg,big,center,y,y,y,y
남자사람_11_여_01408.jpg,small,center,y,y,y,y
남자사람_11_여_01546.jpg,small,center,y,y,y,y
남자사람_11_여_01561.jpg,small,center,y,y,y,y
남자사람_11_여_01594.jpg,small,center,y,y,y,y
남자사람_11_여_01603.jpg,middle,center,y,y,y,y
남자사람_11_여_01620.jpg,small,right,y,y,y,y
남자사람_11_여_01789.jpg,middle,center,y,y,y,y
남자사람_11_여_01800.jpg,middle,center,y,y,y,y
남자사람_11_여_02145.jpg,middle,center,y,y,y,y
남자사람_11_여_02197.jpg,small,center,y,y,y,n
남자사람_11_여_02266.jpg,middle,center,y,y,y,y
남자사람_11_여_02325.jpg,small,center,y,y,y,y
남자사람_11_여_02345.jpg,big,center,y,y,y,y
남자사람_11_여_02370.jpg,middle,center,y,y,y,y
남자사람_11_여_02424.jpg,middle,center,y,y,y,y
남자사람_11_여_02478.jpg,small,center,y,y,y,y
남자사람_11_여_02510.jpg,big,center,y,y,y,y
남자사람_11_여_02555.jpg,middle,center,y,y,y,y
남자사람_11_여_02618.jpg,middle,center,y,y,y,y
남자사람_11_여_02630.jpg,middle,center,y,y,y,y
남자사람_11_여_02739.jpg,middle,center,y,y,y,y
남자사람_11_여_02761.jpg,small,center,y,y,y,y
남자사람_11_여_02771.jpg,small,center,y,y,y,y
남자사람_11_여_02900.jpg,middle,center,y,y,y,y
남자사람_11_여_03169.jpg,big,center,y,y,y,y
남자사람_11_여_03179.jpg,middle,center,y,y,y,y
남자사람_11_여_03212.jpg,middle,center,y,y,y,y
남자사람_11_여_03218.jpg,small,center,y,y,y,y
남자사람_11_여_03237.jpg,small,center,y,y,y,y
남자사람_11_여_03253.jpg,big,center,y,y,y,y
남자사람_11_여_03258.jpg,small,center,y,y,y,y
남자사람_11_여_03303.jpg,small,left,y,y,y,y
남자사람_11_여_03400.jpg,middle,center,y,y,y,y
남자사람_11_여_03453.jpg,middle,center,y,y,y,y
남자사람_11_여_03514.jpg,middle,center,y,y,y,y
남자사람_11_여_03558.jpg,big,center,y,y,y,y
남자사람_11_여_03597.jpg,middle,center,y,y,y,y
남자사람_11_여_03708.jpg,middle,center,y,y,y,y
남자사람_11_여_03776.jpg,middle,left,y,y,y,y
남자사람_11_여_03861.jpg,middle,center,y,y,y,y
남자사람_11_여_03865.jpg,small,center,y,y,y,n
남자사람_11_여_03947.jpg,middle,center,y,y,y,y
남자사람_11_여_04043.jpg,small,center,y,y,y,y
남자사람_11_여_04092.jpg,big,center,y,y,y,y
남자사람_11_여_04099.jpg,big,center,y,y,y,y
남자사람_11_여_04107.jpg,middle,center,y,y,y,y
남자사람_11_여_04143.jpg,middle,center,y,y,y,y
남자사람_11_여_04224.jpg,middle,center,y,y,y,y
남자사람_11_여_04255.jpg,small,center,y,y,y,y
남자사람_11_여_04267.jpg,middle,center,y,y,y,y
남자사람_11_여_04348.jpg,middle,center,y,y,y,y
남자사람_11_여_04407.jpg,middle,center,y,y,y,y
남자사람_11_여_04448.jpg,middle,center,y,y,y,y
남자사람_11_여_04498.jpg,middle,center,y,y,y,y
남자사람_11_여_04530.jpg,middle,center,y,y,y,y
남자사람_11_여_04566.jpg,middle,center,y,y,y,y
남자사람_11_여_04593.jpg,middle,center,y,y,y,y
남자사람_11_여_04595.jpg,middle,center,y,y,y,y
남자사람_11_여_04631.jpg,big,center,y,y,y,y
남자사람_11_여_04702.jpg,middle,center,y,y,y,y
남자사람_11_여_04726.jpg,middle,center,y,y,y,y
남자사람_11_여_04797.jpg,small,center,y,y,y,y
남자사람_11_여_04825.jpg,middle,center,y,y,y,y
남자사람_11_여_04944.jpg,middle,center,y,y,y,y
남자사람_11_여_05030.jpg,middle,center,y,y,y,y
남자사람_11_여_05266.jpg,middle,center,y,y,y,y
남자사람_11_여_05293.jpg,middle,center,y,y,y,y
남자사람_11_여_05319.jpg,middle,center,y,y,y,y
남자사람_11_여_05397.jpg,small,center,y,y,y,y
남자사람_11_여_05542.jpg,big,center,y,y,y,y
남자사람_11_여_05667.jpg,big,center,y,y,y,y
남자사람_11_여_05703.jpg,middle,center,y,y,y,y
남자사람_11_여_05732.jpg,middle,center,y,y,y,y
남자사람_11_여_05755.jpg,small,center,y,y,y,y
남자사람_11_여_05792.jpg,big,center,y,y,y,y
남자사람_11_여_05931.jpg,middle,center,y,y,y,y
남자사람_11_여_06040.jpg,middle,center,y,y,y,y
남자사람_11_여_06056.jpg,middle,left,y,y,y,y
남자사람_11_여_06249.jpg,middle,center,y,y,y,y
남자사람_11_여_06321.jpg,middle,center,y,y,y,y
남자사람_11_여_06327.jpg,middle,center,y,y,y,y
남자사람_11_여_06488.jpg,middle,center,y,y,y,y
남자사람_11_여_06502.jpg,small,center,y,y,y,y
남자사람_11_여_06658.jpg,small,center,y,y,y,y
남자사람_11_여_06659.jpg,middle,center,y,y,y,y
남자사람_11_여_06696.jpg,middle,center,y,y,y,y
남자사람_11_여_06825.jpg,middle,center,y,y,y,y
남자사람_11_여_06954.jpg,middle,center,y,y,y,y
남자사람_11_여_07156.jpg,middle,center,y,y,y,y
남자사람_11_여_07169.jpg,small,center,y,y,y,y
남자사람_11_여_07360.jpg,middle,center,y,y,y,y
남자사람_11_여_07440.jpg,middle,center,y,y,y,y
남자사람_11_여_07464.jpg,middle,center,y,y,y,y
남자사람_11_여_07486.jpg,middle,center,y,y,y,y
남자사람_11_여_07642.jpg,big,center,y,y,y,y
남자사람_11_여_07686.jpg,middle,center,y,y,y,y
남자사람_11_여_07720.jpg,middle,center,y,y,y,y
남자사람_11_여_07874.jpg,middle,left,y,y,y,y
남자사람_11_여_07884.jpg,middle,center,y,y,y,y
남자사람_11_여_07895.jpg,middle,center,y,y,y,y
남자사람_11_여_08251.jpg,small,center,y,y,y,y
남자사람_11_여_08371.jpg,middle,left,y,y,y,y
남자사람_11_여_08479.jpg,middle,center,y,y,y,y
남자사람_11_여_08588.jpg,middle,center,y,y,y,y
남자사람_11_여_08802.jpg,small,center,y,y,y,y
남자사람_11_여_08819.jpg,small,left,y,y,y,y
남자사람_11_여_08901.jpg,small,center,y,y,y,y
남자사람_11_여_08927.jpg,middle,center,y,y,y,y
남자사람_11_여_08993.jpg,middle,center,y,y,y,y
남자사람_11_여_09102.jpg,small,center,y,y,y,n
남자사람_11_여_09236.jpg,middle,center,y,y,y,y
남자사람_11_여_09238.jpg,small,center,y,y,y,y
남자사람_11_여_09266.jpg,middle,center,y,y,y,y
남자사람_11_여_09298.jpg,middle,center,y,y,y,y
남자사람_11_여_09392.jpg,small,center,y,y,y,y
남자사람_11_여_09496.jpg,middle,left,y,y,y,y
남자사람_11_여_09546.jpg,big,center,y,y,y,y
남자사람_11_여_09576.jpg,middle,center,y,y,y,y
남자사람_11_여_09603.jpg,small,center,y,y,y,y
남자사람_11_여_09607.jpg,middle,center,y,y,y,y
남자사람_11_여_09612.jpg,small,center,y,y,y,y
남자사람_11_여_09625.jpg,middle,center,y,y,y,y
남자사람_11_여_09725.jpg,small,center,y,y,y,y
남자사람_11_여_09739.jpg,small,center,y,y,y,y
남자사람_11_여_09875.jpg,small,center,y,y,y,y
남자사람_11_여_09952.jpg,middle,center,y,y,y,y
남자사람_11_여_09964.jpg,small,left,y,y,y,y
남자사람_11_여_09986.jpg,middle,center,y,y,y,y
남자사람_11_여_10041.jpg,small,center,y,y,y,y
남자사람_11_여_10070.jpg,middle,center,y,y,y,y
남자사람_11_여_10116.jpg,middle,center,y,y,y,y
남자사람_11_여_10123.jpg,small,center,y,y,y,y
남자사람_11_여_10179.jpg,middle,center,y,y,y,y
남자사람_11_여_10243.jpg,small,center,y,y,y,y
남자사람_11_여_10262.jpg,middle,center,y,y,y,y
남자사람_11_여_10270.jpg,big,center,y,y,y,y
남자사람_11_여_10335.jpg,big,center,y,y,y,y
남자사람_11_여_10354.jpg,small,center,y,y,y,y
남자사람_11_여_10428.jpg,middle,left,y,y,y,y
남자사람_11_여_10437.jpg,small,center,y,y,y,y
남자사람_11_여_10492.jpg,middle,center,y,y,y,y
남자사람_11_여_10519.jpg,middle,center,y,y,y,y
남자사람_11_여_10576.jpg,middle,center,y,y,y,y
남자사람_11_여_10594.jpg,small,center,y,y,y,y
남자사람_11_여_10614.jpg,middle,center,y,y,y,y
남자사람_11_여_10647.jpg,middle,center,y,y,y,y
남자사람_11_여_10756.jpg,middle,center,y,y,y,y
남자사람_11_여_10814.jpg,small,center,y,y,y,y
남자사람_11_여_10865.jpg,middle,right,y,y,y,y
남자사람_11_여_10932.jpg,middle,center,y,y,y,y
남자사람_11_여_10967.jpg,small,center,y,y,y,y
남자사람_11_여_11034.jpg,middle,center,y,y,y,y
남자사람_11_여_11084.jpg,middle,center,y,y,y,y
남자사람_11_여_11257.jpg,middle,center,y,y,y,y
남자사람_11_여_11267.jpg,small,center,y,y,y,y
남자사람_11_여_11417.jpg,big,center,y,y,y,y
남자사람_11_여_11462.jpg,middle,center,y,y,y,y
남자사람_11_여_11630.jpg,middle,center,y,y,y,y
남자사람_11_여_11689.jpg,small,center,y,y,y,y
남자사람_11_여_11764.jpg,middle,left,y,y,y,y
남자사람_11_여_11805.jpg,middle,center,y,y,y,y
남자사람_11_여_11809.jpg,middle,center,y,y,y,y
남자사람_11_여_11810.jpg,middle,center,y,y,y,y
남자사람_11_여_11824.jpg,middle,center,y,y,y,y
남자사람_11_여_11926.jpg,big,center,y,y,y,y
남자사람_11_여_12005.jpg,big,center,y,y,y,y
남자사람_11_여_12008.jpg,small,center,y,y,y,y
남자사람_11_여_12116.jpg,small,center,y,y,y,y
남자사람_11_여_12225.jpg,middle,center,y,y,y,y
남자사람_11_여_12316.jpg,small,center,y,y,y,y
남자사람_11_여_12392.jpg,middle,center,y,y,y,y
남자사람_11_여_12431.jpg,middle,center,y,y,y,y
남자사람_11_여_12432.jpg,middle,center,y,y,y,y
남자사람_11_여_12490.jpg,middle,center,y,y,y,y
남자사람_11_여_12504.jpg,middle,center,y,y,y,y
남자사람_11_여_12508.jpg,middle,center,y,y,y,y
남자사람_11_여_12521.jpg,middle,center,y,y,y,y
남자사람_11_여_12533.jpg,big,center,y,y,y,y
남자사람_11_여_12567.jpg,small,left,y,y,y,y
남자사람_11_여_12617.jpg,middle,center,y,y,y,y
남자사람_11_여_12645.jpg,big,center,y,y,y,y
남자사람_11_여_12655.jpg,middle,center,y,y,y,n
남자사람_11_여_12757.jpg,big,center,y,y,y,y
남자사람_11_여_12762.jpg,middle,center,y,y,y,y
남자사람_11_여_12953.jpg,middle,center,y,y,y,y
남자사람_11_여_12994.jpg,small,center,y,y,y,y
남자사람_11_여_13044.jpg,small,center,y,y,y,y
남자사람_11_여_13077.jpg,small,center,y,y,y,y
남자사람_11_여_13172.jpg,middle,center,y,y,y,y
남자사람_11_여_13297.jpg,small,center,y,y,y,y
남자사람_11_여_13330.jpg,middle,center,y,y,y,y
남자사람_11_여_13333.jpg,big,center,y,y,y,y
남자사람_11_여_13339.jpg,middle,center,y,y,y,y
남자사람_11_여_13340.jpg,middle,center,y,y,y,y
남자사람_11_여_13349.jpg,middle,center,y,y,y,y
남자사람_11_여_13364.jpg,small,center,y,y,y,y
남자사람_11_여_13382.jpg,middle,center,y,y,y,y
남자사람_11_여_13412.jpg,middle,center,y,y,y,y
남자사람_11_여_13698.jpg,middle,center,y,y,y,y
남자사람_11_여_13798.jpg,middle,center,y,y,y,y
남자사람_11_여_13920.jpg,small,center,y,y,y,y
남자사람_11_남_00000.jpg,middle,center,y,y,y,y
남자사람_11_남_00012.jpg,middle,center,y,y,y,y
남자사람_11_남_00064.jpg,middle,left,y,y,y,y
남자사람_11_남_00114.jpg,small,center,y,y,y,y
남자사람_11_남_00165.jpg,middle,center,y,y,y,y
남자사람_11_남_00212.jpg,big,center,y,y,y,y
남자사람_11_남_00472.jpg,small,center,y,y,y,y
남자사람_11_남_00477.jpg,big,center,y,y,y,y
남자사람_11_남_00574.jpg,middle,left,y,y,y,y
남자사람_11_남_00585.jpg,middle,center,y,y,y,y
남자사람_11_남_00642.jpg,middle,center,y,y,y,y
남자사람_11_남_00708.jpg,middle,center,y,y,y,y
남자사람_11_남_00804.jpg,big,center,y,y,y,y
남자사람_11_남_00861.jpg,middle,center,y,y,y,y
남자사람_11_남_00867.jpg,middle,center,y,y,y,y
남자사람_11_남_00874.jpg,middle,center,y,y,y,y
남자사람_11_남_00885.jpg,middle,center,y,y,y,y
남자사람_11_남_01023.jpg,middle,center,y,y,y,y
남자사람_11_남_01116.jpg,big,center,y,y,y,y
남자사람_11_남_01273.jpg,small,center,y,y,y,y
남자사람_11_남_01355.jpg,big,center,y,y,y,y
남자사람_11_남_01394.jpg,small,center,y,y,y,y
남자사람_11_남_01425.jpg,small,center,y,y,y,y
남자사람_11_남_01496.jpg,small,center,y,y,y,y
남자사람_11_남_01558.jpg,middle,center,y,y,y,y
남자사람_11_남_01570.jpg,small,center,y,y,y,y
남자사람_11_남_01577.jpg,middle,center,y,y,y,y
남자사람_11_남_01579.jpg,small,center,y,y,y,y
남자사람_11_남_01740.jpg,big,center,y,y,y,y
남자사람_11_남_01921.jpg,middle,center,y,y,y,y
남자사람_11_남_01942.jpg,middle,center,y,y,y,y
남자사람_11_남_02010.jpg,middle,center,y,y,y,y
남자사람_11_남_02124.jpg,small,center,y,y,y,y
남자사람_11_남_02268.jpg,small,center,y,y,y,y
남자사람_11_남_02278.jpg,middle,center,y,y,y,y
남자사람_11_남_02387.jpg,middle,center,y,y,y,y
남자사람_11_남_02409.jpg,middle,center,y,y,y,y
남자사람_11_남_02648.jpg,small,center,y,y,y,y
남자사람_11_남_02690.jpg,middle,center,y,y,y,y
남자사람_11_남_02730.jpg,middle,center,y,y,y,y
남자사람_11_남_02812.jpg,middle,center,y,y,y,y
남자사람_11_남_02872.jpg,small,center,y,y,y,y
남자사람_11_남_02980.jpg,big,center,y,y,y,y
남자사람_11_남_02988.jpg,middle,center,y,y,y,y
남자사람_11_남_03013.jpg,middle,center,y,y,y,y
남자사람_11_남_03050.jpg,middle,center,y,y,y,y
남자사람_11_남_03116.jpg,middle,center,y,y,y,y
남자사람_11_남_03142.jpg,big,center,y,y,y,y
남자사람_11_남_03175.jpg,small,center,y,y,y,y
남자사람_11_남_03311.jpg,middle,center,y,y,y,y
남자사람_11_남_03314.jpg,middle,center,y,y,y,y
남자사람_11_남_03325.jpg,middle,right,y,y,y,y
남자사람_11_남_03482.jpg,middle,center,y,y,y,y
남자사람_11_남_03553.jpg,big,center,y,y,y,y
남자사람_11_남_03618.jpg,middle,center,y,y,y,y
남자사람_11_남_03666.jpg,middle,center,y,y,y,y
남자사람_11_남_03814.jpg,big,center,y,y,y,y
남자사람_11_남_03866.jpg,middle,center,y,y,y,y
남자사람_11_남_03935.jpg,small,center,y,y,y,y
남자사람_11_남_03943.jpg,small,center,y,y,y,y
남자사람_11_남_04002.jpg,small,center,y,y,y,y
남자사람_11_남_04026.jpg,small,center,y,y,y,y
남자사람_11_남_04125.jpg,small,center,y,y,y,y
남자사람_11_남_04194.jpg,big,center,y,y,y,y
남자사람_11_남_04309.jpg,middle,center,y,y,y,y
남자사람_11_남_04340.jpg,middle,center,y,y,y,y
남자사람_11_남_04370.jpg,big,center,y,y,y,y
남자사람_11_남_04420.jpg,middle,center,y,y,y,y
남자사람_11_남_04471.jpg,middle,left,y,y,y,y
남자사람_11_남_04494.jpg,middle,center,y,y,y,y
남자사람_11_남_04581.jpg,middle,center,y,y,y,y
남자사람_11_남_04620.jpg,middle,center,y,y,y,y
남자사람_11_남_04624.jpg,big,center,y,y,y,y
남자사람_11_남_04627.jpg,small,left,y,y,y,y
남자사람_11_남_04662.jpg,middle,center,y,y,y,y
남자사람_11_남_04706.jpg,small,center,y,y,y,y
남자사람_11_남_04720.jpg,middle,center,y,y,y,y
남자사람_11_남_04854.jpg,middle,center,y,y,y,y
남자사람_11_남_05060.jpg,small,center,y,y,y,y
남자사람_11_남_05081.jpg,middle,center,y,y,y,y
남자사람_11_남_05138.jpg,big,center,y,y,y,y
남자사람_11_남_05152.jpg,small,center,y,y,y,y
남자사람_11_남_05179.jpg,small,center,y,y,y,y
남자사람_11_남_05264.jpg,small,center,y,y,y,y
남자사람_11_남_05388.jpg,middle,center,y,y,y,y
남자사람_11_남_05398.jpg,small,center,y,y,y,y
남자사람_11_남_05403.jpg,middle,center,y,y,y,y
남자사람_11_남_05475.jpg,middle,center,y,y,y,y
남자사람_11_남_05547.jpg,middle,center,y,y,y,y
남자사람_11_남_05721.jpg,big,center,y,y,y,y
남자사람_11_남_05741.jpg,middle,center,y,y,y,y
남자사람_11_남_05804.jpg,middle,center,y,y,y,y
남자사람_11_남_05855.jpg,middle,center,y,y,y,y
남자사람_11_남_05940.jpg,middle,center,y,y,y,y
남자사람_11_남_06099.jpg,big,center,y,y,y,y
남자사람_11_남_06115.jpg,small,left,y,y,y,y
남자사람_11_남_06218.jpg,big,center,y,y,y,y
남자사람_11_남_06389.jpg,small,center,y,y,y,y
남자사람_11_남_06424.jpg,middle,right,y,y,y,y
남자사람_11_남_06509.jpg,middle,right,y,y,y,y
남자사람_11_남_06526.jpg,middle,center,y,y,y,y
남자사람_11_남_06560.jpg,middle,center,y,y,y,y
남자사람_11_남_06574.jpg,middle,center,y,y,y,y
남자사람_11_남_06636.jpg,middle,center,y,y,y,y
남자사람_11_남_06665.jpg,small,center,y,y,y,y
남자사람_11_남_06730.jpg,small,center,y,y,y,y
남자사람_11_남_06767.jpg,small,left,y,y,y,y
남자사람_11_남_06784.jpg,middle,center,y,y,y,y
남자사람_11_남_06802.jpg,middle,center,y,y,y,y
남자사람_11_남_06804.jpg,big,center,y,y,y,y
남자사람_11_남_06858.jpg,middle,center,y,y,y,y
남자사람_11_남_06879.jpg,middle,center,y,y,y,y
남자사람_11_남_06899.jpg,small,center,y,y,y,y
남자사람_11_남_06988.jpg,middle,center,y,y,y,y
남자사람_11_남_07034.jpg,middle,center,y,y,y,y
남자사람_11_남_07042.jpg,middle,center,y,y,y,y
남자사람_11_남_07080.jpg,middle,center,y,y,y,y
남자사람_11_남_07088.jpg,middle,center,y,y,y,y
남자사람_11_남_07118.jpg,middle,left,y,y,y,y
남자사람_11_남_07137.jpg,middle,center,y,y,y,y
남자사람_11_남_07155.jpg,small,center,y,y,y,y
남자사람_11_남_07181.jpg,small,center,y,y,y,y
남자사람_11_남_07214.jpg,middle,center,y,y,y,y
남자사람_11_남_07280.jpg,middle,center,y,y,y,y
남자사람_11_남_07534.jpg,middle,center,y,y,y,y
남자사람_11_남_07595.jpg,big,center,y,y,y,y
남자사람_11_남_07677.jpg,big,center,y,y,y,y
남자사람_11_남_07719.jpg,small,center,y,y,y,y
남자사람_11_남_07742.jpg,middle,center,y,y,y,y
남자사람_11_남_07755.jpg,small,center,y,y,y,y
남자사람_11_남_07783.jpg,middle,left,y,y,y,y
남자사람_11_남_07860.jpg,big,left,y,y,y,y
남자사람_11_남_07957.jpg,small,center,y,y,y,y
남자사람_11_남_07983.jpg,middle,center,y,y,y,y
남자사람_11_남_08003.jpg,big,center,y,y,y,y
남자사람_11_남_08035.jpg,middle,center,y,y,y,y
남자사람_11_남_08066.jpg,middle,center,y,y,y,y
남자사람_11_남_08120.jpg,middle,center,y,y,y,y
남자사람_11_남_08184.jpg,middle,center,y,y,y,y
남자사람_11_남_08309.jpg,small,center,y,y,y,y
남자사람_11_남_08312.jpg,big,center,y,y,y,y
남자사람_11_남_08346.jpg,middle,center,y,y,y,y
남자사람_11_남_08415.jpg,small,center,y,y,y,y
남자사람_11_남_08453.jpg,middle,center,y,y,y,y
남자사람_11_남_08604.jpg,middle,center,y,y,y,y
남자사람_11_남_08655.jpg,middle,center,y,y,y,y
남자사람_11_남_08665.jpg,big,center,y,y,y,y
남자사람_11_남_08703.jpg,middle,center,y,y,y,y
남자사람_11_남_08714.jpg,middle,center,y,y,y,y
남자사람_11_남_08781.jpg,middle,left,y,y,y,y
남자사람_11_남_08786.jpg,small,center,y,y,y,y
남자사람_11_남_08923.jpg,middle,center,y,y,y,y
남자사람_11_남_08972.jpg,big,center,y,y,y,y
남자사람_11_남_08991.jpg,small,center,y,y,y,y
남자사람_11_남_09070.jpg,middle,center,y,y,y,y
남자사람_11_남_09096.jpg,middle,center,y,y,y,y
남자사람_11_남_09157.jpg,small,center,y,y,y,y
남자사람_11_남_09172.jpg,middle,center,y,y,y,y
남자사람_11_남_09337.jpg,small,center,y,y,y,y
남자사람_11_남_09486.jpg,middle,right,y,y,y,y
남자사람_11_남_09534.jpg,big,center,y,y,y,y
남자사람_11_남_09602.jpg,big,center,y,y,y,y
남자사람_11_남_09663.jpg,small,center,y,y,y,y
남자사람_11_남_09694.jpg,middle,center,y,y,y,y
남자사람_11_남_09750.jpg,small,center,y,y,y,y
남자사람_11_남_09770.jpg,small,center,y,y,y,y
남자사람_11_남_09808.jpg,small,center,y,y,y,y
남자사람_11_남_09823.jpg,middle,center,y,y,y,y
남자사람_11_남_09836.jpg,small,center,y,y,y,y
남자사람_11_남_09917.jpg,small,center,y,y,y,y
남자사람_11_남_09992.jpg,middle,center,y,y,y,y
남자사람_11_남_10124.jpg,middle,left,y,y,y,y
남자사람_11_남_10125.jpg,small,center,y,y,y,y
남자사람_11_남_10172.jpg,middle,center,y,y,y,y
남자사람_11_남_10274.jpg,middle,center,y,y,y,y
남자사람_11_남_10348.jpg,small,center,y,y,y,y
남자사람_11_남_10369.jpg,middle,center,y,y,y,y
남자사람_11_남_10421.jpg,middle,center,y,y,y,y
남자사람_11_남_10496.jpg,middle,center,y,y,y,y
남자사람_11_남_10523.jpg,small,center,y,y,y,y
남자사람_11_남_10524.jpg,big,center,y,y,y,y
남자사람_11_남_10665.jpg,middle,center,y,y,y,y
남자사람_11_남_10697.jpg,middle,center,y,y,y,y
남자사람_11_남_10700.jpg,small,center,y,y,y,y
남자사람_11_남_10818.jpg,small,center,y,y,y,y
남자사람_11_남_10868.jpg,middle,left,y,y,y,y
남자사람_11_남_10869.jpg,small,left,y,y,y,y
남자사람_11_남_10935.jpg,middle,center,y,y,y,y
남자사람_11_남_10963.jpg,middle,center,y,y,y,y
남자사람_11_남_10979.jpg,small,center,y,y,y,y
남자사람_11_남_11028.jpg,middle,center,y,y,y,y
남자사람_11_남_11058.jpg,big,center,y,y,y,y
남자사람_11_남_11061.jpg,small,center,y,y,y,y
남자사람_11_남_11105.jpg,big,center,y,y,y,y
남자사람_11_남_11113.jpg,middle,center,y,y,y,y
남자사람_11_남_11178.jpg,small,center,y,y,y,y
남자사람_11_남_11256.jpg,middle,center,y,y,y,y
남자사람_11_남_11469.jpg,middle,center,y,y,y,y
남자사람_11_남_11493.jpg,middle,center,y,y,y,y
남자사람_11_남_11518.jpg,middle,center,y,y,y,y
남자사람_11_남_11534.jpg,small,center,y,y,y,y
남자사람_11_남_11581.jpg,middle,center,y,y,y,y
남자사람_11_남_11653.jpg,middle,center,y,y,y,y
남자사람_11_남_11684.jpg,middle,center,y,y,y,y
남자사람_11_남_11844.jpg,big,center,y,y,y,y
남자사람_11_남_11891.jpg,small,center,y,y,y,y
남자사람_11_남_11894.jpg,small,center,y,y,y,y
남자사람_11_남_11916.jpg,big,center,y,y,y,y
남자사람_11_남_11933.jpg,small,center,y,y,y,y
남자사람_11_남_11935.jpg,small,left,y,y,y,y
남자사람_11_남_12018.jpg,middle,center,y,y,y,y
남자사람_11_남_12077.jpg,middle,center,y,y,y,y
남자사람_11_남_12085.jpg,middle,center,y,y,y,y
남자사람_11_남_12251.jpg,middle,center,y,y,y,y
남자사람_11_남_12311.jpg,middle,center,y,y,y,y
남자사람_11_남_12325.jpg,middle,center,y,y,y,y
남자사람_11_남_12348.jpg,middle,center,y,y,y,y
남자사람_11_남_12355.jpg,middle,center,y,y,y,y
남자사람_11_남_12363.jpg,small,center,y,y,y,y
남자사람_11_남_12469.jpg,middle,center,y,y,y,y
남자사람_11_남_12475.jpg,middle,center,y,y,y,y
남자사람_11_남_12477.jpg,small,center,y,y,y,y
남자사람_11_남_12563.jpg,big,center,y,y,y,y
남자사람_11_남_12706.jpg,middle,center,y,y,y,y
남자사람_11_남_12708.jpg,middle,center,y,y,y,y
남자사람_11_남_12784.jpg,middle,center,y,y,y,y
남자사람_11_남_12801.jpg,small,center,y,y,y,y
남자사람_11_남_13022.jpg,small,center,y,y,y,y
남자사람_11_남_13026.jpg,small,center,y,y,y,y
남자사람_11_남_13057.jpg,small,center,y,y,y,y
남자사람_11_남_13161.jpg,middle,left,y,y,y,y
남자사람_11_남_13193.jpg,small,center,y,y,y,y
남자사람_11_남_13195.jpg,middle,center,y,y,y,y
남자사람_11_남_13259.jpg,big,center,y,y,y,y
남자사람_11_남_13519.jpg,big,center,y,y,y,y
남자사람_11_남_13562.jpg,middle,left,y,y,y,y
남자사람_11_남_13608.jpg,middle,center,y,y,y,y
남자사람_11_남_13671.jpg,small,center,y,y,y,y
남자사람_11_남_13717.jpg,small,center,y,y,y,y
남자사람_11_남_13729.jpg,middle,center,y,y,y,y
남자사람_11_남_13738.jpg,middle,center,y,y,y,y
남자사람_11_남_13855.jpg,middle,center,y,y,y,y
남자사람_11_남_13875.jpg,middle,center,y,y,y,y
남자사람_12_여_00072.jpg,middle,left,y,y,y,y
남자사람_12_여_00124.jpg,middle,center,y,y,y,y
남자사람_12_여_00186.jpg,small,center,y,y,y,y
남자사람_12_여_00192.jpg,middle,center,y,y,y,y
남자사람_12_여_00214.jpg,middle,center,y,y,y,y
남자사람_12_여_00261.jpg,middle,center,y,y,y,y
남자사람_12_여_00298.jpg,middle,center,y,y,y,y
남자사람_12_여_00309.jpg,small,center,y,y,y,y
남자사람_12_여_00323.jpg,middle,center,y,y,y,y
남자사람_12_여_00333.jpg,small,center,y,y,y,y
남자사람_12_여_00403.jpg,middle,center,y,y,y,y
남자사람_12_여_00447.jpg,big,center,y,y,y,y
남자사람_12_여_00485.jpg,small,center,y,y,y,y
남자사람_12_여_00505.jpg,middle,center,y,y,y,y
남자사람_12_여_00512.jpg,big,center,y,y,y,y
남자사람_12_여_00801.jpg,small,left,y,y,y,y
남자사람_12_여_00834.jpg,middle,center,y,y,y,y
남자사람_12_여_00851.jpg,small,center,y,y,y,y
남자사람_12_여_00858.jpg,middle,center,y,n,y,y
남자사람_12_여_00877.jpg,middle,center,y,y,y,y
남자사람_12_여_00944.jpg,small,center,y,y,y,y
남자사람_12_여_00977.jpg,small,center,y,y,y,y
남자사람_12_여_01047.jpg,big,center,y,y,y,y
남자사람_12_여_01111.jpg,middle,center,y,y,y,y
남자사람_12_여_01160.jpg,middle,center,y,y,y,y
남자사람_12_여_01174.jpg,middle,center,y,y,y,y
남자사람_12_여_01220.jpg,middle,center,y,y,y,y
남자사람_12_여_01235.jpg,middle,center,y,y,y,y
남자사람_12_여_01246.jpg,big,center,y,y,y,y
남자사람_12_여_01284.jpg,middle,center,y,y,y,y
남자사람_12_여_01348.jpg,big,center,y,y,y,y
남자사람_12_여_01363.jpg,middle,center,y,y,y,y
남자사람_12_여_01473.jpg,big,center,y,y,y,y
남자사람_12_여_01506.jpg,big,center,y,y,y,y
남자사람_12_여_01522.jpg,middle,center,y,y,y,y
남자사람_12_여_01524.jpg,middle,center,y,y,y,y
남자사람_12_여_01576.jpg,small,center,y,y,y,y
남자사람_12_여_01633.jpg,middle,center,y,y,y,y
남자사람_12_여_01658.jpg,middle,center,y,y,y,y
남자사람_12_여_01689.jpg,small,center,y,y,y,y
남자사람_12_여_01702.jpg,middle,left,y,y,y,y
남자사람_12_여_01705.jpg,big,center,y,y,y,y
남자사람_12_여_01724.jpg,big,center,y,y,y,y
남자사람_12_여_01757.jpg,small,center,y,y,y,y
남자사람_12_여_01781.jpg,middle,center,y,y,y,y
남자사람_12_여_01840.jpg,middle,center,y,y,y,y
남자사람_12_여_01875.jpg,middle,center,y,y,y,y
남자사람_12_여_02066.jpg,small,center,y,y,y,y
남자사람_12_여_02110.jpg,middle,center,y,y,y,y
남자사람_12_여_02186.jpg,middle,center,y,y,y,y
남자사람_12_여_02192.jpg,small,center,y,y,y,y
남자사람_12_여_02265.jpg,small,center,y,y,y,y
남자사람_12_여_02287.jpg,middle,center,y,y,y,y
남자사람_12_여_02337.jpg,middle,center,y,y,y,y
남자사람_12_여_02505.jpg,middle,center,y,y,y,y
남자사람_12_여_02567.jpg,small,center,y,y,y,y
남자사람_12_여_02639.jpg,middle,center,y,y,y,y
남자사람_12_여_02662.jpg,middle,center,y,y,y,y
남자사람_12_여_02695.jpg,middle,center,y,y,y,y
남자사람_12_여_02773.jpg,middle,center,y,y,y,y
남자사람_12_여_02797.jpg,middle,center,y,y,y,y
남자사람_12_여_02876.jpg,middle,center,y,y,y,y
남자사람_12_여_02892.jpg,big,center,y,y,y,y
남자사람_12_여_02905.jpg,middle,center,y,y,y,y
남자사람_12_여_02946.jpg,middle,center,y,y,y,y
남자사람_12_여_03043.jpg,middle,center,y,y,y,y
남자사람_12_여_03054.jpg,middle,center,y,y,y,y
남자사람_12_여_03057.jpg,middle,center,y,y,y,y
남자사람_12_여_03074.jpg,small,center,y,y,y,y
남자사람_12_여_03146.jpg,middle,center,y,y,y,y
남자사람_12_여_03324.jpg,middle,center,y,y,y,y
남자사람_12_여_03408.jpg,middle,center,y,y,y,y
남자사람_12_여_03434.jpg,small,center,y,y,y,y
남자사람_12_여_03446.jpg,middle,center,y,y,y,y
남자사람_12_여_03459.jpg,middle,center,y,y,y,y
남자사람_12_여_03476.jpg,small,center,y,y,y,y
남자사람_12_여_03484.jpg,middle,center,y,y,y,y
남자사람_12_여_03496.jpg,small,center,y,y,y,y
남자사람_12_여_03518.jpg,middle,left,y,y,y,y
남자사람_12_여_03641.jpg,middle,center,y,y,y,y
남자사람_12_여_03669.jpg,middle,center,y,y,y,y
남자사람_12_여_03721.jpg,middle,center,y,y,y,y
남자사람_12_여_03742.jpg,big,center,y,y,y,y
남자사람_12_여_03787.jpg,big,center,y,y,y,y
남자사람_12_여_03803.jpg,middle,center,y,y,y,y
남자사람_12_여_03828.jpg,middle,center,y,y,y,y
남자사람_12_여_03851.jpg,small,center,y,y,y,y
남자사람_12_여_03885.jpg,middle,center,y,y,y,y
남자사람_12_여_03893.jpg,small,center,y,y,y,y
남자사람_12_여_03917.jpg,middle,center,y,y,y,y
남자사람_12_여_03923.jpg,middle,center,y,y,y,y
남자사람_12_여_03974.jpg,big,center,y,y,y,y
남자사람_12_여_03985.jpg,big,center,y,y,y,y
남자사람_12_여_03990.jpg,middle,center,y,y,y,y
남자사람_12_여_04038.jpg,middle,center,y,y,y,y
남자사람_12_여_04044.jpg,big,center,y,y,y,y
남자사람_12_여_04104.jpg,middle,center,y,n,y,y
남자사람_12_여_04147.jpg,small,center,y,y,y,y
남자사람_12_여_04196.jpg,big,center,y,y,y,y
남자사람_12_여_04270.jpg,small,center,y,y,y,y
남자사람_12_여_04347.jpg,middle,center,y,y,y,y
남자사람_12_여_04423.jpg,middle,center,y,y,y,y
남자사람_12_여_04496.jpg,big,center,y,y,y,y
남자사람_12_여_04507.jpg,big,center,y,y,y,y
남자사람_12_여_04533.jpg,middle,center,y,y,y,y
남자사람_12_여_04683.jpg,middle,center,y,y,y,y
남자사람_12_여_04755.jpg,big,center,y,y,y,y
남자사람_12_여_04779.jpg,middle,center,y,y,y,y
남자사람_12_여_04789.jpg,middle,center,y,y,y,y
남자사람_12_여_04947.jpg,middle,center,y,y,y,y
남자사람_12_여_04974.jpg,big,center,y,y,y,y
남자사람_12_여_04992.jpg,small,center,y,y,y,y
남자사람_12_여_05071.jpg,small,center,y,y,y,y
남자사람_12_여_05127.jpg,middle,center,y,y,y,y
남자사람_12_여_05227.jpg,middle,center,y,y,y,y
남자사람_12_여_05285.jpg,small,center,y,y,y,y
남자사람_12_여_05289.jpg,middle,center,y,y,y,y
남자사람_12_여_05320.jpg,middle,center,y,y,y,y
남자사람_12_여_05355.jpg,middle,center,y,y,y,y
남자사람_12_여_05365.jpg,middle,center,y,y,y,y
남자사람_12_여_05490.jpg,middle,center,y,y,y,y
남자사람_12_여_05494.jpg,middle,center,y,y,y,y
남자사람_12_여_05507.jpg,small,center,y,y,y,y
남자사람_12_여_05530.jpg,small,center,y,y,y,y
남자사람_12_여_05595.jpg,middle,center,y,y,y,y
남자사람_12_여_05670.jpg,middle,center,y,y,y,y
남자사람_12_여_05695.jpg,big,center,y,y,y,y
남자사람_12_여_05710.jpg,small,center,y,y,y,y
남자사람_12_여_05870.jpg,small,left,y,y,y,y
남자사람_12_여_05959.jpg,middle,center,y,y,y,y
남자사람_12_여_06074.jpg,small,center,y,y,y,y
남자사람_12_여_06102.jpg,middle,center,y,y,y,y
남자사람_12_여_06160.jpg,big,center,y,y,y,y
남자사람_12_여_06176.jpg,big,center,y,y,y,y
남자사람_12_여_06289.jpg,big,center,y,y,y,y
남자사람_12_여_06292.jpg,middle,center,y,y,y,y
남자사람_12_여_06310.jpg,middle,center,y,y,y,y
남자사람_12_여_06328.jpg,big,center,y,y,y,y
남자사람_12_여_06340.jpg,middle,center,y,y,y,y
남자사람_12_여_06359.jpg,middle,center,y,y,y,y
남자사람_12_여_06375.jpg,middle,center,y,y,y,y
남자사람_12_여_06546.jpg,middle,center,y,y,y,y
남자사람_12_여_06559.jpg,small,center,y,y,y,y
남자사람_12_여_06619.jpg,middle,center,y,y,y,y
남자사람_12_여_06646.jpg,middle,center,y,y,y,y
남자사람_12_여_06735.jpg,small,center,y,y,y,y
남자사람_12_여_06753.jpg,middle,center,y,y,y,y
남자사람_12_여_06880.jpg,middle,center,y,y,y,y
남자사람_12_여_06889.jpg,small,center,y,y,y,y
남자사람_12_여_06960.jpg,middle,center,y,y,y,y
남자사람_12_여_06982.jpg,small,center,y,y,y,y
남자사람_12_여_06991.jpg,middle,center,y,y,y,y
남자사람_12_여_06999.jpg,middle,center,y,y,y,y
남자사람_12_여_07003.jpg,middle,center,y,y,y,y
남자사람_12_여_07013.jpg,big,center,y,y,y,y
남자사람_12_여_07022.jpg,middle,center,y,y,y,y
남자사람_12_여_07138.jpg,middle,center,y,y,y,y
남자사람_12_여_07171.jpg,middle,center,y,y,y,y
남자사람_12_여_07180.jpg,middle,center,y,y,y,y
남자사람_12_여_07205.jpg,middle,center,y,y,y,y
남자사람_12_여_07208.jpg,middle,center,y,y,y,y
남자사람_12_여_07247.jpg,middle,center,y,y,y,y
남자사람_12_여_07274.jpg,small,center,y,y,y,y
남자사람_12_여_07286.jpg,middle,center,y,y,y,y
남자사람_12_여_07373.jpg,middle,center,y,y,y,y
남자사람_12_여_07388.jpg,big,center,y,y,y,y
남자사람_12_여_07404.jpg,middle,center,y,y,y,y
남자사람_12_여_07511.jpg,middle,center,y,y,y,y
남자사람_12_여_07526.jpg,middle,center,y,y,y,y
남자사람_12_여_07555.jpg,middle,center,y,y,y,y
남자사람_12_여_07770.jpg,big,center,y,y,y,y
남자사람_12_여_07858.jpg,big,center,y,y,y,y
남자사람_12_여_07903.jpg,middle,center,y,y,y,y
남자사람_12_여_07986.jpg,big,center,y,y,y,y
남자사람_12_여_07993.jpg,middle,center,y,y,y,y
남자사람_12_여_08057.jpg,middle,center,y,y,y,y
남자사람_12_여_08069.jpg,small,center,y,y,y,y
남자사람_12_여_08141.jpg,middle,center,y,y,y,y
남자사람_12_여_08143.jpg,middle,center,y,y,y,y
남자사람_12_여_08146.jpg,middle,center,y,y,y,y
남자사람_12_여_08220.jpg,middle,center,y,y,y,y
남자사람_12_여_08366.jpg,middle,center,y,y,y,y
남자사람_12_여_08400.jpg,middle,center,y,y,y,y
남자사람_12_여_08406.jpg,small,center,y,y,y,y
남자사람_12_여_08435.jpg,middle,center,y,y,y,y
남자사람_12_여_08491.jpg,middle,center,y,y,y,y
남자사람_12_여_08517.jpg,big,center,y,y,y,y
남자사람_12_여_08527.jpg,middle,center,y,y,y,y
남자사람_12_여_08555.jpg,middle,center,y,y,y,y
남자사람_12_여_08612.jpg,middle,center,y,y,y,y
남자사람_12_여_08685.jpg,middle,center,y,y,y,y
남자사람_12_여_08749.jpg,small,center,y,y,y,y
남자사람_12_여_08754.jpg,middle,center,y,y,y,y
남자사람_12_여_08778.jpg,middle,center,y,y,y,y
남자사람_12_여_08779.jpg,middle,center,y,y,y,y
남자사람_12_여_08818.jpg,big,center,y,y,y,y
남자사람_12_여_08849.jpg,small,center,y,y,y,y
남자사람_12_여_08852.jpg,middle,center,y,y,y,y
남자사람_12_여_08934.jpg,middle,center,y,y,y,y
남자사람_12_여_09029.jpg,small,center,y,y,y,y
남자사람_12_여_09152.jpg,middle,center,y,y,y,y
남자사람_12_여_09240.jpg,small,center,y,y,y,y
남자사람_12_여_09282.jpg,middle,center,y,y,y,y
남자사람_12_여_09327.jpg,middle,center,y,y,y,y
남자사람_12_여_09398.jpg,middle,center,y,y,y,y
남자사람_12_여_09402.jpg,middle,center,y,y,y,y
남자사람_12_여_09472.jpg,middle,center,y,y,y,y
남자사람_12_여_09488.jpg,big,center,y,y,y,y
남자사람_12_여_09511.jpg,middle,center,y,y,y,y
남자사람_12_여_09513.jpg,middle,center,y,y,y,y
남자사람_12_여_09530.jpg,middle,center,y,y,y,y
남자사람_12_여_09552.jpg,middle,center,y,y,y,y
남자사람_12_여_09589.jpg,small,center,y,y,y,y
남자사람_12_여_09623.jpg,big,center,y,y,y,y
남자사람_12_여_09641.jpg,middle,center,y,y,y,y
남자사람_12_여_09686.jpg,middle,center,y,y,y,y
남자사람_12_여_09730.jpg,middle,center,y,y,y,y
남자사람_12_여_09763.jpg,small,center,y,y,y,y
남자사람_12_여_09834.jpg,middle,center,y,y,y,y
남자사람_12_여_09835.jpg,small,center,y,y,y,y
남자사람_12_여_09843.jpg,small,center,y,y,y,y
남자사람_12_여_09857.jpg,big,left,y,y,y,y
남자사람_12_여_09894.jpg,middle,center,y,y,y,y
남자사람_12_여_09897.jpg,small,left,y,y,y,y
남자사람_12_여_09981.jpg,middle,center,y,y,y,y
남자사람_12_여_10110.jpg,middle,center,y,y,y,y
남자사람_12_여_10210.jpg,small,center,y,y,y,y
남자사람_12_여_10223.jpg,middle,center,y,y,y,y
남자사람_12_여_10235.jpg,middle,center,y,y,y,y
남자사람_12_여_10289.jpg,middle,center,y,y,y,y
남자사람_12_여_10291.jpg,middle,center,y,y,y,y
남자사람_12_여_10331.jpg,middle,center,y,y,y,y
남자사람_12_여_10346.jpg,small,center,y,y,y,y
남자사람_12_여_10408.jpg,middle,center,y,y,y,n
남자사람_12_여_10446.jpg,middle,center,y,y,y,y
남자사람_12_여_10458.jpg,middle,center,y,y,y,y
남자사람_12_여_10487.jpg,middle,center,y,y,y,y
남자사람_12_여_10498.jpg,middle,center,y,y,y,y
남자사람_12_여_10550.jpg,middle,center,y,y,y,y
남자사람_12_여_10559.jpg,big,center,y,y,y,y
남자사람_12_여_10605.jpg,middle,center,y,y,y,y
남자사람_12_여_10660.jpg,middle,center,y,y,y,y
남자사람_12_여_10674.jpg,middle,center,y,y,y,y
남자사람_12_여_10678.jpg,middle,center,y,y,y,y
남자사람_12_여_10690.jpg,middle,center,y,y,y,y
남자사람_12_여_10768.jpg,middle,center,y,y,y,y
남자사람_12_여_10836.jpg,middle,center,y,y,y,y
남자사람_12_여_10907.jpg,middle,center,y,y,y,y
남자사람_12_여_10926.jpg,middle,center,y,y,y,y
남자사람_12_여_11046.jpg,big,center,y,y,y,y
남자사람_12_여_11098.jpg,middle,center,y,y,y,y
남자사람_12_여_11101.jpg,middle,right,y,y,y,y
남자사람_12_여_11162.jpg,middle,center,y,y,y,y
남자사람_12_여_11202.jpg,small,center,y,y,y,y
남자사람_12_여_11301.jpg,middle,center,y,y,y,y
남자사람_12_여_11385.jpg,middle,center,y,y,y,y
남자사람_12_여_11423.jpg,middle,center,y,y,y,y
남자사람_12_여_11456.jpg,middle,center,y,y,y,y
남자사람_12_여_11559.jpg,small,center,y,y,y,y
남자사람_12_여_11563.jpg,middle,center,y,y,y,y
남자사람_12_여_11593.jpg,middle,left,y,y,y,y
남자사람_12_여_11598.jpg,small,center,y,y,y,y
남자사람_12_여_11691.jpg,middle,center,y,y,y,y
남자사람_12_여_11721.jpg,middle,center,y,y,y,y
남자사람_12_여_11724.jpg,middle,center,y,y,y,y
남자사람_12_여_11735.jpg,middle,center,y,y,y,y
남자사람_12_여_11772.jpg,middle,center,y,y,y,y
남자사람_12_여_11781.jpg,middle,center,y,y,y,y
남자사람_12_여_11801.jpg,middle,center,y,y,y,y
남자사람_12_여_11850.jpg,big,center,y,y,y,y
남자사람_12_여_11855.jpg,middle,center,y,y,y,y
남자사람_12_여_11897.jpg,big,center,y,y,y,y
남자사람_12_여_12047.jpg,middle,center,y,y,y,y
남자사람_12_여_12064.jpg,small,center,y,y,y,y
남자사람_12_여_12111.jpg,small,center,y,y,y,y
남자사람_12_여_12113.jpg,middle,center,y,y,y,y
남자사람_12_여_12168.jpg,middle,center,y,y,y,y
남자사람_12_여_12216.jpg,middle,center,y,y,y,y
남자사람_12_여_12279.jpg,small,center,y,y,y,y
남자사람_12_여_12308.jpg,small,center,y,y,y,y
남자사람_12_여_12384.jpg,middle,center,y,y,y,y
남자사람_12_여_12525.jpg,middle,center,y,y,y,y
남자사람_12_여_12541.jpg,middle,center,y,y,y,y
남자사람_12_여_12548.jpg,big,center,y,y,y,y
남자사람_12_여_12580.jpg,middle,left,y,y,y,y
남자사람_12_여_12601.jpg,middle,center,y,y,y,y
남자사람_12_여_12618.jpg,small,center,y,y,y,y
남자사람_12_여_12640.jpg,middle,center,y,y,y,y
남자사람_12_여_12669.jpg,small,center,y,y,y,y
남자사람_12_여_12806.jpg,middle,center,y,y,y,y
남자사람_12_여_12832.jpg,middle,center,y,y,y,y
남자사람_12_여_12856.jpg,small,center,y,y,y,y
남자사람_12_여_12859.jpg,small,center,y,y,y,y
남자사람_12_여_12879.jpg,small,center,y,y,y,y
남자사람_12_여_12912.jpg,middle,center,y,y,y,y
남자사람_12_여_12945.jpg,small,center,y,y,y,y
남자사람_12_여_13007.jpg,middle,center,y,y,y,y
남자사람_12_여_13104.jpg,big,center,y,y,y,y
남자사람_12_여_13107.jpg,middle,center,y,y,y,y
남자사람_12_여_13114.jpg,middle,center,y,y,y,y
남자사람_12_여_13168.jpg,middle,center,y,y,y,y
남자사람_12_여_13244.jpg,big,center,y,y,y,y
남자사람_12_여_13369.jpg,small,center,y,y,y,y
남자사람_12_여_13384.jpg,middle,center,y,y,y,y
남자사람_12_여_13392.jpg,middle,center,y,y,y,y
남자사람_12_여_13435.jpg,small,center,y,y,y,n
남자사람_12_여_13489.jpg,middle,center,y,y,y,y
남자사람_12_여_13505.jpg,middle,center,y,y,y,y
남자사람_12_여_13529.jpg,middle,center,y,y,y,y
남자사람_12_여_13553.jpg,middle,center,y,y,y,y
남자사람_12_여_13689.jpg,small,center,y,y,y,y
남자사람_12_여_13693.jpg,middle,center,y,y,y,y
남자사람_12_여_13711.jpg,middle,center,y,y,y,y
남자사람_12_여_13788.jpg,small,left,y,y,y,y
남자사람_12_여_13790.jpg,big,center,y,y,y,y
남자사람_12_여_13813.jpg,middle,center,y,y,y,y
남자사람_12_여_13932.jpg,middle,center,y,y,y,y
남자사람_12_여_13938.jpg,small,left,y,y,y,y
남자사람_12_여_13961.jpg,middle,center,y,y,y,y
남자사람_12_남_00033.jpg,small,center,y,y,y,y
남자사람_12_남_00037.jpg,middle,center,y,y,y,y
남자사람_12_남_00108.jpg,big,center,y,y,y,y
남자사람_12_남_00119.jpg,middle,center,y,y,y,y
남자사람_12_남_00172.jpg,small,center,y,y,y,y
남자사람_12_남_00254.jpg,big,center,y,y,y,y
남자사람_12_남_00270.jpg,middle,center,y,y,y,y
남자사람_12_남_00362.jpg,small,center,y,y,y,y
남자사람_12_남_00473.jpg,middle,center,y,y,y,y
남자사람_12_남_00552.jpg,middle,center,y,y,y,y
남자사람_12_남_00620.jpg,middle,center,y,y,y,y
남자사람_12_남_00784.jpg,small,center,y,y,y,y
남자사람_12_남_00793.jpg,small,center,y,y,y,y
남자사람_12_남_00841.jpg,small,center,y,y,y,y
남자사람_12_남_00869.jpg,middle,center,y,y,y,y
남자사람_12_남_00997.jpg,small,center,y,y,y,y
남자사람_12_남_01019.jpg,middle,center,y,y,y,y
남자사람_12_남_01020.jpg,middle,center,y,y,y,y
남자사람_12_남_01069.jpg,big,center,y,y,y,y
남자사람_12_남_01080.jpg,middle,center,y,y,y,y
남자사람_12_남_01115.jpg,middle,center,y,y,y,y
남자사람_12_남_01231.jpg,middle,center,y,y,y,y
남자사람_12_남_01249.jpg,middle,center,y,y,y,y
남자사람_12_남_01308.jpg,small,center,y,y,y,y
남자사람_12_남_01380.jpg,middle,center,y,y,y,y
남자사람_12_남_01413.jpg,middle,center,y,y,y,y
남자사람_12_남_01654.jpg,small,center,y,y,y,y
남자사람_12_남_01829.jpg,small,center,y,y,y,y
남자사람_12_남_01939.jpg,middle,center,y,y,y,y
남자사람_12_남_01968.jpg,small,center,y,y,y,y
남자사람_12_남_01978.jpg,middle,center,y,y,y,y
남자사람_12_남_01979.jpg,big,center,y,y,y,y
남자사람_12_남_02031.jpg,small,center,y,y,y,y
남자사람_12_남_02113.jpg,big,center,y,y,y,y
남자사람_12_남_02156.jpg,middle,center,y,y,y,y
남자사람_12_남_02247.jpg,small,center,y,y,y,y
남자사람_12_남_02275.jpg,middle,center,y,y,y,y
남자사람_12_남_02417.jpg,middle,center,y,y,y,y
남자사람_12_남_02431.jpg,middle,center,y,y,y,y
남자사람_12_남_02491.jpg,small,center,y,y,y,y
남자사람_12_남_02584.jpg,small,left,y,y,y,y
남자사람_12_남_02597.jpg,small,center,y,y,y,y
남자사람_12_남_02649.jpg,middle,center,y,y,y,y
남자사람_12_남_02724.jpg,middle,center,y,y,y,y
남자사람_12_남_02725.jpg,big,center,y,y,y,y
남자사람_12_남_02763.jpg,middle,center,y,y,y,y
남자사람_12_남_02775.jpg,middle,center,y,y,y,y
남자사람_12_남_02785.jpg,middle,center,y,y,y,y
남자사람_12_남_02803.jpg,middle,center,y,y,y,y
남자사람_12_남_02810.jpg,middle,center,y,y,y,y
남자사람_12_남_02887.jpg,big,center,y,y,y,y
남자사람_12_남_02939.jpg,small,center,y,y,y,y
남자사람_12_남_03056.jpg,middle,right,y,y,y,y
남자사람_12_남_03087.jpg,middle,center,y,y,y,y
남자사람_12_남_03121.jpg,middle,center,y,y,y,y
남자사람_12_남_03145.jpg,small,center,y,y,y,y
남자사람_12_남_03149.jpg,middle,center,y,y,y,y
남자사람_12_남_03198.jpg,small,center,y,y,y,y
남자사람_12_남_03204.jpg,middle,center,y,y,y,y
남자사람_12_남_03219.jpg,middle,center,y,y,y,y
남자사람_12_남_03227.jpg,middle,center,y,y,y,y
남자사람_12_남_03302.jpg,middle,center,y,y,y,y
남자사람_12_남_03304.jpg,middle,center,y,y,y,y
남자사람_12_남_03430.jpg,small,center,y,y,y,y
남자사람_12_남_03466.jpg,small,center,y,y,y,y
남자사람_12_남_03508.jpg,middle,center,y,y,y,y
남자사람_12_남_03550.jpg,middle,center,y,y,y,y
남자사람_12_남_03593.jpg,middle,center,y,y,y,y
남자사람_12_남_03653.jpg,small,center,y,y,y,y
남자사람_12_남_03662.jpg,middle,center,y,y,y,y
남자사람_12_남_03667.jpg,big,center,y,y,y,y
남자사람_12_남_03737.jpg,middle,center,y,y,y,y
남자사람_12_남_03796.jpg,middle,right,y,y,y,y
남자사람_12_남_03807.jpg,small,center,y,y,y,y
남자사람_12_남_03808.jpg,middle,center,y,y,y,y
남자사람_12_남_03848.jpg,small,center,y,y,y,y
남자사람_12_남_03921.jpg,middle,center,y,y,y,y
남자사람_12_남_03971.jpg,middle,center,y,y,y,y
남자사람_12_남_04050.jpg,middle,center,y,y,y,y
남자사람_12_남_04073.jpg,big,center,y,y,y,y
남자사람_12_남_04106.jpg,big,center,y,y,y,y
남자사람_12_남_04306.jpg,middle,center,y,y,y,y
남자사람_12_남_04338.jpg,big,center,y,y,y,y
남자사람_12_남_04388.jpg,big,center,y,y,y,y
남자사람_12_남_04436.jpg,big,center,y,y,y,y
남자사람_12_남_04450.jpg,small,center,y,y,y,y
남자사람_12_남_04497.jpg,small,center,y,y,y,y
남자사람_12_남_04765.jpg,small,center,y,y,y,y
남자사람_12_남_04803.jpg,middle,center,y,y,y,y
남자사람_12_남_04830.jpg,middle,center,y,y,y,y
남자사람_12_남_05023.jpg,middle,center,y,y,y,y
남자사람_12_남_05052.jpg,middle,center,y,y,y,y
남자사람_12_남_05206.jpg,big,center,y,y,y,y
남자사람_12_남_05246.jpg,middle,center,y,y,y,y
남자사람_12_남_05282.jpg,middle,center,y,y,y,y
남자사람_12_남_05295.jpg,middle,center,y,y,y,y
남자사람_12_남_05344.jpg,middle,left,y,y,y,y
남자사람_12_남_05389.jpg,big,center,y,y,y,y
남자사람_12_남_05421.jpg,small,left,y,y,y,y
남자사람_12_남_05493.jpg,small,center,y,y,y,y
남자사람_12_남_05516.jpg,small,center,y,y,y,y
남자사람_12_남_05620.jpg,middle,center,y,y,y,y
남자사람_12_남_05623.jpg,middle,center,y,y,y,y
남자사람_12_남_05625.jpg,middle,center,y,y,y,y
남자사람_12_남_05647.jpg,middle,center,y,y,y,y
남자사람_12_남_05796.jpg,small,center,y,y,y,y
남자사람_12_남_05824.jpg,big,center,y,y,y,y
남자사람_12_남_05831.jpg,middle,center,y,y,y,y
남자사람_12_남_05874.jpg,small,left,y,y,y,y
남자사람_12_남_05992.jpg,big,center,y,y,y,y
남자사람_12_남_05994.jpg,middle,center,y,y,y,y
남자사람_12_남_06085.jpg,big,center,y,y,y,y
남자사람_12_남_06101.jpg,small,center,y,y,y,y
남자사람_12_남_06133.jpg,middle,center,y,y,y,y
남자사람_12_남_06230.jpg,middle,left,y,y,y,y
남자사람_12_남_06308.jpg,middle,center,y,y,y,y
남자사람_12_남_06418.jpg,middle,center,y,y,y,y
남자사람_12_남_06510.jpg,middle,center,y,y,y,y
남자사람_12_남_06707.jpg,middle,center,y,y,y,y
남자사람_12_남_06842.jpg,middle,center,y,y,y,y
남자사람_12_남_06900.jpg,middle,center,y,y,y,y
남자사람_12_남_06923.jpg,big,center,y,y,y,y
남자사람_12_남_06949.jpg,middle,center,y,y,y,y
남자사람_12_남_06967.jpg,middle,center,y,y,y,y
남자사람_12_남_06981.jpg,middle,center,y,y,y,y
남자사람_12_남_07073.jpg,big,center,y,y,y,y
남자사람_12_남_07106.jpg,middle,center,y,y,y,y
남자사람_12_남_07109.jpg,middle,center,y,y,y,y
남자사람_12_남_07320.jpg,middle,center,y,y,y,y
남자사람_12_남_07346.jpg,middle,center,y,y,y,y
남자사람_12_남_07376.jpg,middle,center,y,y,y,y
남자사람_12_남_07461.jpg,small,center,y,y,y,y
남자사람_12_남_07556.jpg,middle,left,y,y,y,y
남자사람_12_남_07558.jpg,middle,left,y,y,y,y
남자사람_12_남_07611.jpg,middle,center,y,y,y,y
남자사람_12_남_07613.jpg,big,center,y,y,y,y
남자사람_12_남_07621.jpg,middle,center,y,y,y,y
남자사람_12_남_07645.jpg,big,center,y,y,y,y
남자사람_12_남_07710.jpg,middle,center,y,y,y,y
남자사람_12_남_07738.jpg,small,center,y,y,y,y
남자사람_12_남_07788.jpg,middle,center,y,y,y,y
남자사람_12_남_07825.jpg,middle,center,y,y,y,y
남자사람_12_남_08099.jpg,small,left,y,y,y,y
남자사람_12_남_08125.jpg,small,center,y,y,y,y
남자사람_12_남_08205.jpg,small,center,y,y,y,y
남자사람_12_남_08248.jpg,small,center,y,y,y,y
남자사람_12_남_08270.jpg,middle,center,y,y,y,y
남자사람_12_남_08287.jpg,small,center,y,y,y,y
남자사람_12_남_08315.jpg,middle,center,y,y,y,y
남자사람_12_남_08323.jpg,middle,center,y,y,y,y
남자사람_12_남_08370.jpg,small,center,y,y,y,y
남자사람_12_남_08403.jpg,small,center,y,y,y,y
남자사람_12_남_08454.jpg,big,center,y,y,y,y
남자사람_12_남_08478.jpg,small,center,y,y,y,y
남자사람_12_남_08494.jpg,small,center,y,y,y,y
남자사람_12_남_08676.jpg,middle,center,y,y,y,y
남자사람_12_남_08717.jpg,small,center,y,y,y,y
남자사람_12_남_08725.jpg,middle,center,y,y,y,y
남자사람_12_남_08734.jpg,big,center,y,y,y,y
남자사람_12_남_08764.jpg,middle,center,y,y,y,y
남자사람_12_남_08838.jpg,middle,center,y,y,y,y
남자사람_12_남_08987.jpg,middle,center,y,y,y,y
남자사람_12_남_09019.jpg,middle,center,y,y,y,y
남자사람_12_남_09131.jpg,big,center,y,y,y,y
남자사람_12_남_09165.jpg,middle,center,y,y,y,y
남자사람_12_남_09189.jpg,small,center,y,y,y,y
남자사람_12_남_09216.jpg,middle,center,y,y,y,y
남자사람_12_남_09227.jpg,small,center,y,y,y,y
남자사람_12_남_09290.jpg,small,center,y,y,y,y
남자사람_12_남_09356.jpg,small,center,y,y,y,y
남자사람_12_남_09404.jpg,middle,center,y,y,y,y
남자사람_12_남_09456.jpg,middle,center,y,y,y,y
남자사람_12_남_09467.jpg,big,center,y,n,y,y
남자사람_12_남_09525.jpg,big,center,y,y,y,y
남자사람_12_남_09598.jpg,big,center,y,y,y,y
남자사람_12_남_09751.jpg,middle,center,y,y,y,y
남자사람_12_남_09757.jpg,middle,center,y,y,y,y
남자사람_12_남_09788.jpg,middle,center,y,y,y,y
남자사람_12_남_09793.jpg,big,center,y,y,y,y
남자사람_12_남_09805.jpg,small,center,y,y,y,y
남자사람_12_남_09935.jpg,big,center,y,y,y,y
남자사람_12_남_10004.jpg,small,center,y,y,y,y
남자사람_12_남_10063.jpg,big,center,y,y,y,y
남자사람_12_남_10094.jpg,middle,center,y,y,y,y
남자사람_12_남_10184.jpg,small,center,y,y,y,y
남자사람_12_남_10232.jpg,middle,center,y,y,y,y
남자사람_12_남_10245.jpg,middle,left,y,y,y,y
남자사람_12_남_10613.jpg,middle,center,y,y,y,y
남자사람_12_남_10663.jpg,middle,center,y,y,y,y
남자사람_12_남_10709.jpg,middle,center,y,y,y,y
남자사람_12_남_10713.jpg,small,center,y,y,y,y
남자사람_12_남_10738.jpg,big,center,y,y,y,y
남자사람_12_남_10767.jpg,middle,center,y,y,y,y
남자사람_12_남_10770.jpg,middle,center,y,y,y,y
남자사람_12_남_10775.jpg,small,center,y,y,y,y
남자사람_12_남_10811.jpg,middle,center,y,y,y,y
남자사람_12_남_10909.jpg,middle,center,y,y,y,y
남자사람_12_남_10945.jpg,big,center,y,y,y,y
남자사람_12_남_10973.jpg,middle,center,y,y,y,y
남자사람_12_남_10985.jpg,big,center,y,y,y,y
남자사람_12_남_11049.jpg,middle,center,y,y,y,y
남자사람_12_남_11069.jpg,middle,center,y,y,y,y
남자사람_12_남_11147.jpg,big,center,y,y,y,y
남자사람_12_남_11173.jpg,big,center,y,y,y,y
남자사람_12_남_11205.jpg,small,center,y,y,y,y
남자사람_12_남_11225.jpg,small,center,y,y,y,y
남자사람_12_남_11276.jpg,middle,center,y,y,y,y
남자사람_12_남_11360.jpg,middle,center,y,y,y,y
남자사람_12_남_11519.jpg,middle,center,y,y,y,y
남자사람_12_남_11520.jpg,middle,center,y,y,y,y
남자사람_12_남_11532.jpg,middle,center,y,y,y,y
남자사람_12_남_11547.jpg,middle,center,y,y,y,y
남자사람_12_남_11556.jpg,small,center,y,y,y,y
남자사람_12_남_11628.jpg,middle,center,y,y,y,y
남자사람_12_남_11723.jpg,big,center,y,y,y,y
남자사람_12_남_11730.jpg,big,center,y,y,y,y
남자사람_12_남_11838.jpg,big,center,y,y,y,y
남자사람_12_남_11839.jpg,middle,center,y,y,y,y
남자사람_12_남_11868.jpg,middle,center,y,y,y,y
남자사람_12_남_12032.jpg,middle,left,y,y,y,y
남자사람_12_남_12080.jpg,middle,center,y,y,y,y
남자사람_12_남_12247.jpg,middle,center,y,y,y,y
남자사람_12_남_12258.jpg,small,center,y,y,y,y
남자사람_12_남_12273.jpg,small,center,y,y,y,y
남자사람_12_남_12369.jpg,middle,center,y,y,y,y
남자사람_12_남_12393.jpg,small,center,y,y,y,y
남자사람_12_남_12489.jpg,middle,center,y,y,y,y
남자사람_12_남_12599.jpg,big,center,y,y,y,y
남자사람_12_남_12602.jpg,big,center,y,y,y,y
남자사람_12_남_12684.jpg,middle,center,y,y,y,y
남자사람_12_남_12692.jpg,middle,center,y,y,y,y
남자사람_12_남_12766.jpg,middle,center,y,y,y,y
남자사람_12_남_12775.jpg,middle,center,y,y,y,y
남자사람_12_남_12813.jpg,middle,center,y,y,y,y
남자사람_12_남_12822.jpg,middle,center,y,y,y,y
남자사람_12_남_12908.jpg,middle,center,y,y,y,y
남자사람_12_남_12916.jpg,middle,center,y,y,y,y
남자사람_12_남_12932.jpg,big,center,y,y,y,y
남자사람_12_남_12984.jpg,big,center,y,y,y,y
남자사람_12_남_13060.jpg,middle,center,y,y,y,y
남자사람_12_남_13083.jpg,small,center,y,y,y,y
남자사람_12_남_13085.jpg,middle,center,y,y,y,y
남자사람_12_남_13133.jpg,small,center,y,y,y,y
남자사람_12_남_13152.jpg,small,center,y,y,y,y
남자사람_12_남_13227.jpg,big,center,y,y,y,y
남자사람_12_남_13261.jpg,middle,center,y,y,y,y
남자사람_12_남_13296.jpg,middle,left,y,y,y,y
남자사람_12_남_13298.jpg,small,center,y,n,y,y
남자사람_12_남_13328.jpg,middle,center,y,y,y,y
남자사람_12_남_13447.jpg,small,center,y,y,y,y
남자사람_12_남_13594.jpg,small,left,y,y,y,y
남자사람_12_남_13956.jpg,middle,center,y,y,y,y
남자사람_12_남_13957.jpg,middle,center,y,y,y,y
남자사람_13_여_00044.jpg,middle,center,y,y,y,y
남자사람_13_여_00055.jpg,small,left,y,y,y,y
남자사람_13_여_00104.jpg,middle,center,y,y,y,y
남자사람_13_여_00140.jpg,middle,center,y,y,y,y
남자사람_13_여_00276.jpg,small,center,y,y,y,y
남자사람_13_여_00360.jpg,middle,center,y,y,y,y
남자사람_13_여_00383.jpg,big,center,y,y,y,y
남자사람_13_여_00479.jpg,middle,center,y,y,y,y
남자사람_13_여_00660.jpg,middle,center,y,y,y,y
남자사람_13_여_00683.jpg,middle,center,y,y,y,y
남자사람_13_여_00704.jpg,middle,center,y,y,y,y
남자사람_13_여_00846.jpg,middle,center,y,y,y,y
남자사람_13_여_00906.jpg,middle,center,y,y,y,y
남자사람_13_여_00976.jpg,middle,center,y,y,y,y
남자사람_13_여_01085.jpg,middle,center,y,y,y,y
남자사람_13_여_01106.jpg,middle,center,y,y,y,y
남자사람_13_여_01181.jpg,small,center,y,y,y,y
남자사람_13_여_01270.jpg,small,center,y,y,y,y
남자사람_13_여_01276.jpg,middle,center,y,y,y,y
남자사람_13_여_01313.jpg,small,center,y,y,y,y
남자사람_13_여_01321.jpg,small,center,y,y,y,y
남자사람_13_여_01335.jpg,small,center,y,y,y,y
남자사람_13_여_01369.jpg,middle,center,y,y,y,y
남자사람_13_여_01519.jpg,middle,center,y,y,y,y
남자사람_13_여_01587.jpg,middle,center,y,y,y,y
남자사람_13_여_01607.jpg,middle,center,y,y,y,y
남자사람_13_여_01645.jpg,middle,center,y,y,y,y
남자사람_13_여_01769.jpg,middle,center,y,y,y,y
남자사람_13_여_01771.jpg,big,center,y,y,y,y
남자사람_13_여_01801.jpg,middle,center,y,y,y,y
남자사람_13_여_01892.jpg,middle,center,y,y,y,y
남자사람_13_여_01899.jpg,middle,center,y,y,y,y
남자사람_13_여_01907.jpg,middle,center,y,y,y,y
남자사람_13_여_01985.jpg,middle,center,y,y,y,y
남자사람_13_여_01995.jpg,middle,center,y,y,y,y
남자사람_13_여_02037.jpg,middle,center,y,y,y,y
남자사람_13_여_02064.jpg,middle,center,y,y,y,y
남자사람_13_여_02121.jpg,middle,center,y,y,y,y
남자사람_13_여_02209.jpg,middle,center,y,y,y,y
남자사람_13_여_02235.jpg,middle,center,y,y,y,y
남자사람_13_여_02352.jpg,small,center,y,y,y,y
남자사람_13_여_02428.jpg,big,center,y,y,y,y
남자사람_13_여_02476.jpg,middle,center,y,y,y,y
남자사람_13_여_02504.jpg,small,center,y,y,y,y
남자사람_13_여_02516.jpg,middle,center,y,y,y,y
남자사람_13_여_02522.jpg,middle,center,y,y,y,y
남자사람_13_여_02548.jpg,big,center,y,y,y,y
남자사람_13_여_02551.jpg,middle,center,y,y,y,y
남자사람_13_여_02757.jpg,big,left,y,y,y,y
남자사람_13_여_02839.jpg,middle,center,y,y,y,y
남자사람_13_여_02979.jpg,middle,center,y,y,y,y
남자사람_13_여_02987.jpg,middle,center,y,y,y,y
남자사람_13_여_03114.jpg,middle,center,y,y,y,y
남자사람_13_여_03209.jpg,big,center,y,y,y,y
남자사람_13_여_03236.jpg,middle,left,y,y,y,y
남자사람_13_여_03241.jpg,big,center,y,y,y,y
남자사람_13_여_03252.jpg,middle,center,y,y,y,y
남자사람_13_여_03278.jpg,middle,center,y,y,y,y
남자사람_13_여_03308.jpg,middle,center,y,y,y,y
남자사람_13_여_03346.jpg,middle,center,y,y,y,y
남자사람_13_여_03399.jpg,middle,center,y,y,y,y
남자사람_13_여_03403.jpg,small,center,y,y,y,y
남자사람_13_여_03479.jpg,small,center,y,y,y,y
남자사람_13_여_03583.jpg,small,center,y,y,y,y
남자사람_13_여_03633.jpg,middle,center,y,y,y,y
남자사람_13_여_03788.jpg,middle,center,y,y,y,y
남자사람_13_여_03809.jpg,big,center,y,y,y,y
남자사람_13_여_03862.jpg,small,center,y,y,y,y
남자사람_13_여_03949.jpg,middle,center,y,y,y,y
남자사람_13_여_04047.jpg,small,center,y,y,y,y
남자사람_13_여_04090.jpg,middle,center,y,y,y,y
남자사람_13_여_04283.jpg,big,center,y,y,y,y
남자사람_13_여_04377.jpg,middle,center,y,y,y,y
남자사람_13_여_04465.jpg,middle,center,y,y,y,y
남자사람_13_여_04487.jpg,middle,center,y,y,y,y
남자사람_13_여_04489.jpg,middle,center,y,y,y,y
남자사람_13_여_04528.jpg,middle,center,y,y,y,y
남자사람_13_여_04629.jpg,middle,center,y,y,y,y
남자사람_13_여_04642.jpg,middle,center,y,y,y,y
남자사람_13_여_04717.jpg,middle,center,y,y,y,y
남자사람_13_여_04730.jpg,small,center,y,y,y,y
남자사람_13_여_04766.jpg,small,center,y,y,y,y
남자사람_13_여_04794.jpg,middle,center,y,y,y,y
남자사람_13_여_04806.jpg,middle,center,y,y,y,y
남자사람_13_여_04870.jpg,middle,center,y,y,y,y
남자사람_13_여_04882.jpg,middle,center,y,y,y,y
남자사람_13_여_04945.jpg,big,center,y,y,y,y
남자사람_13_여_04952.jpg,middle,center,y,y,y,y
남자사람_13_여_05034.jpg,middle,center,y,y,y,y
남자사람_13_여_05040.jpg,middle,center,y,y,y,y
남자사람_13_여_05117.jpg,middle,center,y,y,y,y
남자사람_13_여_05122.jpg,big,center,y,y,y,y
남자사람_13_여_05328.jpg,small,center,y,y,y,y
남자사람_13_여_05366.jpg,middle,center,y,y,y,y
남자사람_13_여_05393.jpg,middle,center,y,y,y,y
남자사람_13_여_05405.jpg,middle,center,y,y,y,y
남자사람_13_여_05488.jpg,big,center,y,y,y,y
남자사람_13_여_05630.jpg,middle,center,y,y,y,y
남자사람_13_여_05660.jpg,big,center,y,y,y,y
남자사람_13_여_05707.jpg,middle,center,y,y,y,y
남자사람_13_여_05724.jpg,middle,center,y,y,y,y
남자사람_13_여_05798.jpg,small,center,y,y,y,y
남자사람_13_여_05800.jpg,small,center,y,y,y,y
남자사람_13_여_05961.jpg,middle,center,y,y,y,y
남자사람_13_여_05966.jpg,middle,center,y,y,y,y
남자사람_13_여_06022.jpg,middle,center,y,y,y,y
남자사람_13_여_06261.jpg,small,center,y,y,y,y
남자사람_13_여_06301.jpg,big,center,y,y,y,y
남자사람_13_여_06409.jpg,middle,center,y,y,y,y
남자사람_13_여_06436.jpg,middle,center,y,y,y,y
남자사람_13_여_06454.jpg,middle,center,y,y,y,y
남자사람_13_여_06456.jpg,middle,center,y,n,y,y
남자사람_13_여_06503.jpg,middle,center,y,y,y,y
남자사람_13_여_06508.jpg,middle,center,y,y,y,y
남자사람_13_여_06543.jpg,big,center,y,y,y,y
남자사람_13_여_06576.jpg,middle,center,y,y,y,y
남자사람_13_여_06601.jpg,small,center,y,y,y,y
남자사람_13_여_06603.jpg,middle,center,y,y,y,y
남자사람_13_여_06637.jpg,small,center,y,y,y,y
남자사람_13_여_06723.jpg,middle,center,y,y,y,y
남자사람_13_여_06740.jpg,middle,center,y,y,y,y
남자사람_13_여_06754.jpg,middle,center,y,y,y,y
남자사람_13_여_06761.jpg,middle,center,y,y,y,y
남자사람_13_여_06764.jpg,middle,center,y,y,y,y
남자사람_13_여_06796.jpg,middle,center,y,y,y,y
남자사람_13_여_06890.jpg,middle,center,y,y,y,y
남자사람_13_여_06896.jpg,middle,center,y,y,y,y
남자사람_13_여_06916.jpg,middle,center,y,y,y,y
남자사람_13_여_06922.jpg,small,center,y,y,y,y
남자사람_13_여_06947.jpg,small,center,y,y,y,y
남자사람_13_여_06989.jpg,middle,center,y,y,y,y
남자사람_13_여_07066.jpg,middle,center,y,y,y,y
남자사람_13_여_07172.jpg,middle,center,y,y,y,y
남자사람_13_여_07185.jpg,middle,center,y,y,y,y
남자사람_13_여_07210.jpg,small,center,y,y,y,y
남자사람_13_여_07249.jpg,big,center,y,y,y,y
남자사람_13_여_07272.jpg,big,center,y,y,y,y
남자사람_13_여_07295.jpg,middle,center,y,y,y,y
남자사람_13_여_07367.jpg,big,center,y,y,y,y
남자사람_13_여_07415.jpg,middle,center,y,y,y,y
남자사람_13_여_07450.jpg,middle,center,y,y,y,y
남자사람_13_여_07465.jpg,middle,center,y,y,y,y
남자사람_13_여_07468.jpg,middle,center,y,y,y,y
남자사람_13_여_07573.jpg,big,center,y,y,y,y
남자사람_13_여_07651.jpg,big,center,y,y,y,y
남자사람_13_여_07685.jpg,small,center,y,y,y,y
남자사람_13_여_07712.jpg,middle,center,y,y,y,y
남자사람_13_여_07715.jpg,big,center,y,y,y,y
남자사람_13_여_07721.jpg,middle,center,y,y,y,y
남자사람_13_여_07886.jpg,middle,center,y,y,y,y
남자사람_13_여_07923.jpg,big,center,y,y,y,y
남자사람_13_여_08006.jpg,middle,center,y,y,y,y
남자사람_13_여_08104.jpg,middle,center,y,y,y,y
남자사람_13_여_08387.jpg,middle,center,y,y,y,y
남자사람_13_여_08451.jpg,middle,center,y,y,y,y
남자사람_13_여_08455.jpg,middle,center,y,y,y,y
남자사람_13_여_08694.jpg,middle,center,y,y,y,y
남자사람_13_여_08816.jpg,middle,center,y,y,y,y
남자사람_13_여_08824.jpg,middle,center,y,y,y,y
남자사람_13_여_08913.jpg,big,center,y,y,y,y
남자사람_13_여_08925.jpg,big,center,y,y,y,y
남자사람_13_여_08936.jpg,middle,center,y,y,y,y
남자사람_13_여_08962.jpg,middle,center,y,y,y,y
남자사람_13_여_08974.jpg,small,center,y,y,y,y
남자사람_13_여_09063.jpg,middle,center,y,y,y,y
남자사람_13_여_09067.jpg,small,center,y,y,y,y
남자사람_13_여_09181.jpg,middle,center,y,y,y,y
남자사람_13_여_09183.jpg,small,center,y,y,y,y
남자사람_13_여_09232.jpg,middle,center,y,y,y,y
남자사람_13_여_09310.jpg,middle,center,y,y,y,y
남자사람_13_여_09319.jpg,middle,center,y,y,y,y
남자사람_13_여_09469.jpg,middle,center,y,y,y,y
남자사람_13_여_09550.jpg,big,center,y,y,y,y
남자사람_13_여_09728.jpg,middle,center,y,n,y,y
남자사람_13_여_09744.jpg,middle,center,y,y,y,y
남자사람_13_여_09862.jpg,big,center,y,y,y,y
남자사람_13_여_09957.jpg,middle,center,y,y,y,y
남자사람_13_여_10060.jpg,middle,center,y,y,y,y
남자사람_13_여_10062.jpg,middle,center,y,y,y,y
남자사람_13_여_10073.jpg,middle,center,y,y,y,y
남자사람_13_여_10093.jpg,middle,center,y,y,y,y
남자사람_13_여_10115.jpg,middle,center,y,y,y,y
남자사람_13_여_10148.jpg,middle,center,y,y,y,y
남자사람_13_여_10199.jpg,middle,center,y,y,y,y
남자사람_13_여_10248.jpg,middle,center,y,y,y,y
남자사람_13_여_10292.jpg,small,center,y,y,y,y
남자사람_13_여_10306.jpg,middle,center,y,y,y,y
남자사람_13_여_10364.jpg,middle,center,y,y,y,y
남자사람_13_여_10392.jpg,middle,left,y,y,y,y
남자사람_13_여_10410.jpg,small,center,y,y,y,y
남자사람_13_여_10543.jpg,middle,center,y,y,y,y
남자사람_13_여_10593.jpg,middle,center,y,y,y,y
남자사람_13_여_10640.jpg,middle,center,y,y,y,y
남자사람_13_여_10658.jpg,small,center,y,y,y,y
남자사람_13_여_10703.jpg,middle,center,y,y,y,y
남자사람_13_여_10718.jpg,middle,center,y,y,y,y
남자사람_13_여_10739.jpg,middle,center,y,y,y,y
남자사람_13_여_10788.jpg,small,center,y,y,y,y
남자사람_13_여_10805.jpg,middle,center,y,y,y,y
남자사람_13_여_10846.jpg,big,center,y,y,y,y
남자사람_13_여_10867.jpg,middle,center,y,y,y,y
남자사람_13_여_10992.jpg,middle,center,y,y,y,y
남자사람_13_여_11014.jpg,middle,center,y,y,y,y
남자사람_13_여_11071.jpg,middle,center,y,y,y,y
남자사람_13_여_11087.jpg,middle,center,y,y,y,y
남자사람_13_여_11142.jpg,small,left,y,y,y,y
남자사람_13_여_11144.jpg,middle,center,y,y,y,y
남자사람_13_여_11183.jpg,middle,center,y,y,y,y
남자사람_13_여_11315.jpg,middle,center,y,y,y,y
남자사람_13_여_11391.jpg,middle,center,y,y,y,y
남자사람_13_여_11395.jpg,middle,center,y,y,y,y
남자사람_13_여_11457.jpg,small,center,y,y,y,y
남자사람_13_여_11568.jpg,small,center,y,y,y,y
남자사람_13_여_11706.jpg,middle,center,y,y,y,y
남자사람_13_여_11885.jpg,small,center,y,y,y,y
남자사람_13_여_11908.jpg,big,center,y,y,y,y
남자사람_13_여_11961.jpg,middle,center,y,y,y,y
남자사람_13_여_12057.jpg,middle,center,y,y,y,y
남자사람_13_여_12081.jpg,small,center,y,y,y,y
남자사람_13_여_12089.jpg,middle,center,y,y,y,y
남자사람_13_여_12099.jpg,small,center,y,y,y,y
남자사람_13_여_12106.jpg,middle,center,y,y,y,y
남자사람_13_여_12184.jpg,middle,center,y,y,y,y
남자사람_13_여_12217.jpg,middle,center,y,y,y,y
남자사람_13_여_12239.jpg,middle,center,y,y,y,y
남자사람_13_여_12466.jpg,middle,center,y,y,y,y
남자사람_13_여_12474.jpg,small,center,y,y,y,y
남자사람_13_여_12476.jpg,middle,center,y,y,y,y
남자사람_13_여_12536.jpg,small,center,y,y,y,y
남자사람_13_여_12650.jpg,small,center,y,y,y,y
남자사람_13_여_12739.jpg,middle,center,y,y,y,y
남자사람_13_여_12778.jpg,middle,center,y,y,y,y
남자사람_13_여_12889.jpg,middle,center,y,y,y,y
남자사람_13_여_12925.jpg,middle,center,y,y,y,y
남자사람_13_여_12939.jpg,middle,center,y,y,y,y
남자사람_13_여_13095.jpg,middle,center,y,y,y,y
남자사람_13_여_13153.jpg,middle,center,y,y,y,y
남자사람_13_여_13164.jpg,middle,center,y,y,y,y
남자사람_13_여_13264.jpg,middle,center,y,y,y,y
남자사람_13_여_13334.jpg,middle,center,y,y,y,y
남자사람_13_여_13343.jpg,middle,center,y,y,y,y
남자사람_13_여_13352.jpg,middle,center,y,y,y,y
남자사람_13_여_13375.jpg,small,center,y,y,y,y
남자사람_13_여_13388.jpg,middle,center,y,y,y,y
남자사람_13_여_13420.jpg,small,center,y,y,y,y
남자사람_13_여_13427.jpg,middle,center,y,y,y,y
남자사람_13_여_13444.jpg,small,center,y,y,y,y
남자사람_13_여_13498.jpg,small,center,y,y,y,y
남자사람_13_여_13509.jpg,middle,center,y,y,y,y
남자사람_13_여_13628.jpg,middle,center,y,y,y,y
남자사람_13_여_13633.jpg,middle,center,y,y,y,y
남자사람_13_여_13691.jpg,middle,center,y,y,y,y
남자사람_13_여_13694.jpg,middle,center,y,y,y,y
남자사람_13_여_13910.jpg,big,center,y,y,y,y
남자사람_13_여_13911.jpg,middle,center,y,y,y,y
남자사람_13_남_00053.jpg,big,center,y,y,y,y
남자사람_13_남_00063.jpg,middle,center,y,y,y,y
남자사람_13_남_00149.jpg,middle,center,y,y,y,y
남자사람_13_남_00269.jpg,middle,center,y,y,y,y
남자사람_13_남_00358.jpg,big,center,y,y,y,y
남자사람_13_남_00476.jpg,middle,right,y,y,y,y
남자사람_13_남_00516.jpg,small,center,y,y,y,y
남자사람_13_남_00582.jpg,middle,center,y,y,y,y
남자사람_13_남_00602.jpg,middle,center,y,y,y,y
남자사람_13_남_00634.jpg,middle,center,y,y,y,y
남자사람_13_남_00678.jpg,middle,center,y,y,y,y
남자사람_13_남_00694.jpg,big,center,y,y,y,y
남자사람_13_남_00712.jpg,small,center,y,y,y,y
남자사람_13_남_00744.jpg,middle,center,y,y,y,y
남자사람_13_남_00750.jpg,small,center,y,y,y,y
남자사람_13_남_00808.jpg,small,center,y,y,y,y
남자사람_13_남_00815.jpg,middle,center,y,y,y,y
남자사람_13_남_00873.jpg,small,center,y,y,y,y
남자사람_13_남_00899.jpg,middle,center,y,y,y,y
남자사람_13_남_00907.jpg,middle,center,y,y,y,y
남자사람_13_남_01007.jpg,small,center,y,y,y,y
남자사람_13_남_01120.jpg,middle,center,y,y,y,y
남자사람_13_남_01155.jpg,big,center,y,y,y,y
남자사람_13_남_01204.jpg,small,center,y,y,y,y
남자사람_13_남_01218.jpg,middle,center,y,y,y,y
남자사람_13_남_01426.jpg,middle,left,y,y,y,y
남자사람_13_남_01526.jpg,middle,center,y,y,y,y
남자사람_13_남_01574.jpg,small,center,y,y,y,y
남자사람_13_남_01600.jpg,middle,center,y,y,y,y
남자사람_13_남_01626.jpg,middle,center,y,y,y,y
남자사람_13_남_01629.jpg,small,center,y,y,y,y
남자사람_13_남_01666.jpg,big,center,y,y,y,y
남자사람_13_남_01692.jpg,middle,center,y,y,y,y
남자사람_13_남_01832.jpg,middle,center,y,y,y,y
남자사람_13_남_01853.jpg,middle,center,y,y,y,y
남자사람_13_남_01912.jpg,middle,center,y,y,y,y
남자사람_13_남_02002.jpg,middle,center,y,y,y,y
남자사람_13_남_02083.jpg,middle,center,y,y,y,y
남자사람_13_남_02252.jpg,middle,center,y,y,y,y
남자사람_13_남_02300.jpg,small,center,y,y,y,y
남자사람_13_남_02444.jpg,middle,center,y,y,y,y
남자사람_13_남_02451.jpg,big,center,y,y,y,y
남자사람_13_남_02500.jpg,middle,center,y,y,y,y
남자사람_13_남_02501.jpg,middle,center,y,y,y,y
남자사람_13_남_02558.jpg,small,center,y,y,y,y
남자사람_13_남_02646.jpg,small,center,y,y,y,n
남자사람_13_남_02722.jpg,middle,center,y,y,y,y
남자사람_13_남_02731.jpg,small,center,y,y,y,y
남자사람_13_남_02738.jpg,middle,center,y,y,y,y
남자사람_13_남_02742.jpg,small,center,y,y,y,y
남자사람_13_남_02835.jpg,small,center,y,y,y,y
남자사람_13_남_02964.jpg,small,center,y,y,y,y
남자사람_13_남_03166.jpg,big,center,y,y,y,y
남자사람_13_남_03207.jpg,middle,center,y,y,y,y
남자사람_13_남_03368.jpg,middle,center,y,y,y,y
남자사람_13_남_03540.jpg,middle,center,y,y,y,y
남자사람_13_남_03567.jpg,middle,center,y,y,y,y
남자사람_13_남_03577.jpg,middle,center,y,y,y,y
남자사람_13_남_03678.jpg,middle,center,y,y,y,y
남자사람_13_남_03685.jpg,middle,left,y,y,y,y
남자사람_13_남_03691.jpg,middle,center,y,y,y,y
남자사람_13_남_03746.jpg,middle,center,y,y,y,y
남자사람_13_남_03881.jpg,middle,center,y,y,y,y
남자사람_13_남_03889.jpg,middle,center,y,y,y,y
남자사람_13_남_03906.jpg,middle,center,y,y,y,y
남자사람_13_남_03916.jpg,small,center,y,y,y,y
남자사람_13_남_03960.jpg,middle,center,y,y,y,y
남자사람_13_남_04001.jpg,middle,center,y,y,y,y
남자사람_13_남_04029.jpg,small,center,y,y,y,y
남자사람_13_남_04054.jpg,middle,center,y,y,y,y
남자사람_13_남_04153.jpg,middle,center,y,y,y,y
남자사람_13_남_04158.jpg,small,center,y,y,y,y
남자사람_13_남_04354.jpg,middle,center,y,y,y,y
남자사람_13_남_04460.jpg,big,center,y,y,y,y
남자사람_13_남_04463.jpg,big,center,y,n,y,y
남자사람_13_남_04558.jpg,middle,center,y,y,y,y
남자사람_13_남_04648.jpg,small,center,y,y,y,y
남자사람_13_남_04656.jpg,big,center,y,y,y,y
남자사람_13_남_04710.jpg,middle,center,y,y,y,y
남자사람_13_남_04768.jpg,middle,center,y,y,y,y
남자사람_13_남_05140.jpg,middle,center,y,y,y,y
남자사람_13_남_05208.jpg,middle,center,y,y,y,y
남자사람_13_남_05309.jpg,small,center,y,y,y,y
남자사람_13_남_05312.jpg,middle,center,y,y,y,y
남자사람_13_남_05381.jpg,big,center,y,y,y,y
남자사람_13_남_05451.jpg,middle,center,y,y,y,y
남자사람_13_남_05466.jpg,small,center,y,y,y,y
남자사람_13_남_05638.jpg,middle,center,y,y,y,y
남자사람_13_남_05651.jpg,middle,center,y,y,y,y
남자사람_13_남_05673.jpg,big,center,y,y,y,y
남자사람_13_남_05740.jpg,middle,center,y,y,y,y
남자사람_13_남_05908.jpg,middle,center,y,y,y,y
남자사람_13_남_05929.jpg,small,center,y,y,y,y
남자사람_13_남_05995.jpg,big,center,y,y,y,y
남자사람_13_남_05997.jpg,middle,center,y,y,y,y
남자사람_13_남_06075.jpg,middle,center,y,y,y,y
남자사람_13_남_06080.jpg,small,center,y,y,y,y
남자사람_13_남_06110.jpg,middle,center,y,y,y,y
남자사람_13_남_06113.jpg,middle,center,y,y,y,y
남자사람_13_남_06202.jpg,big,center,y,y,y,y
남자사람_13_남_06207.jpg,big,center,y,y,y,y
남자사람_13_남_06216.jpg,big,center,y,y,y,y
남자사람_13_남_06277.jpg,middle,center,y,y,y,y
남자사람_13_남_06344.jpg,middle,center,y,y,y,y
남자사람_13_남_06366.jpg,small,center,y,y,y,y
남자사람_13_남_06388.jpg,middle,center,y,y,y,y
남자사람_13_남_06505.jpg,big,center,y,y,y,y
남자사람_13_남_06657.jpg,middle,center,y,y,y,y
남자사람_13_남_06662.jpg,small,center,y,y,y,y
남자사람_13_남_06746.jpg,middle,center,y,y,y,y
남자사람_13_남_06776.jpg,middle,center,y,y,y,y
남자사람_13_남_06803.jpg,middle,center,y,y,y,y
남자사람_13_남_06829.jpg,middle,center,y,y,y,y
남자사람_13_남_07000.jpg,big,center,y,y,y,y
남자사람_13_남_07222.jpg,middle,center,y,y,y,y
남자사람_13_남_07254.jpg,middle,center,y,y,y,y
남자사람_13_남_07259.jpg,middle,center,y,y,y,y
남자사람_13_남_07399.jpg,middle,center,y,y,y,y
남자사람_13_남_07466.jpg,middle,center,y,y,y,y
남자사람_13_남_07533.jpg,middle,center,y,y,y,y
남자사람_13_남_07605.jpg,middle,center,y,y,y,y
남자사람_13_남_07639.jpg,big,center,y,y,y,y
남자사람_13_남_07704.jpg,big,center,y,y,y,y
남자사람_13_남_07707.jpg,middle,center,y,y,y,y
남자사람_13_남_07757.jpg,middle,center,y,y,y,y
남자사람_13_남_07771.jpg,middle,center,y,y,y,y
남자사람_13_남_07810.jpg,big,center,y,y,y,y
남자사람_13_남_07823.jpg,middle,center,y,y,y,y
남자사람_13_남_07849.jpg,big,center,y,y,y,y
남자사람_13_남_07876.jpg,middle,center,y,y,y,y
남자사람_13_남_07888.jpg,middle,center,y,y,y,y
남자사람_13_남_07922.jpg,middle,center,y,y,y,y
남자사람_13_남_08037.jpg,middle,center,y,y,y,y
남자사람_13_남_08051.jpg,small,center,y,y,y,y
남자사람_13_남_08082.jpg,middle,center,y,y,y,y
남자사람_13_남_08091.jpg,middle,center,y,y,y,y
남자사람_13_남_08127.jpg,middle,center,y,y,y,y
남자사람_13_남_08231.jpg,middle,center,y,y,y,y
남자사람_13_남_08393.jpg,middle,center,y,y,y,y
남자사람_13_남_08444.jpg,middle,center,y,y,y,y
남자사람_13_남_08463.jpg,middle,center,y,y,y,y
남자사람_13_남_08482.jpg,middle,center,y,y,y,y
남자사람_13_남_08594.jpg,middle,center,y,y,y,y
남자사람_13_남_08646.jpg,small,center,y,y,y,y
남자사람_13_남_08658.jpg,middle,center,y,y,y,y
남자사람_13_남_08715.jpg,middle,center,y,y,y,y
남자사람_13_남_08908.jpg,middle,center,y,y,y,y
남자사람_13_남_08957.jpg,middle,center,y,y,y,y
남자사람_13_남_09113.jpg,big,center,y,y,y,y
남자사람_13_남_09138.jpg,middle,center,y,y,y,y
남자사람_13_남_09334.jpg,middle,center,y,y,y,y
남자사람_13_남_09435.jpg,small,center,y,y,y,y
남자사람_13_남_09500.jpg,middle,center,y,y,y,y
남자사람_13_남_09638.jpg,small,center,y,y,y,y
남자사람_13_남_09654.jpg,middle,center,y,y,y,y
남자사람_13_남_09670.jpg,middle,center,y,y,y,y
남자사람_13_남_09729.jpg,middle,center,y,y,y,y
남자사람_13_남_09764.jpg,middle,center,y,y,y,y
남자사람_13_남_09785.jpg,middle,left,y,y,y,y
남자사람_13_남_09975.jpg,small,center,y,y,y,y
남자사람_13_남_10008.jpg,middle,center,y,y,y,y
남자사람_13_남_10014.jpg,small,center,y,y,y,y
남자사람_13_남_10022.jpg,big,center,y,y,y,y
남자사람_13_남_10105.jpg,middle,center,y,y,y,y
남자사람_13_남_10114.jpg,big,center,y,y,y,y
남자사람_13_남_10264.jpg,big,center,y,y,y,y
남자사람_13_남_10272.jpg,big,center,y,y,y,y
남자사람_13_남_10280.jpg,middle,center,y,y,y,y
남자사람_13_남_10468.jpg,big,center,y,y,y,y
남자사람_13_남_10473.jpg,small,center,y,y,y,y
남자사람_13_남_10520.jpg,middle,center,y,y,y,y
남자사람_13_남_10526.jpg,middle,center,y,y,y,y
남자사람_13_남_10631.jpg,small,center,y,y,y,y
남자사람_13_남_10666.jpg,middle,center,y,y,y,y
남자사람_13_남_10708.jpg,middle,center,y,y,y,y
남자사람_13_남_10717.jpg,big,center,y,y,y,y
남자사람_13_남_10782.jpg,middle,center,y,y,y,y
남자사람_13_남_10795.jpg,middle,center,y,y,y,y
남자사람_13_남_10863.jpg,big,center,y,y,y,y
남자사람_13_남_10870.jpg,middle,center,y,y,y,y
남자사람_13_남_10897.jpg,middle,center,y,y,y,y
남자사람_13_남_10928.jpg,middle,center,y,y,y,y
남자사람_13_남_10947.jpg,middle,center,y,y,y,y
남자사람_13_남_10984.jpg,big,center,y,y,y,y
남자사람_13_남_11001.jpg,middle,center,y,y,y,y
남자사람_13_남_11136.jpg,big,center,y,y,y,y
남자사람_13_남_11287.jpg,big,center,y,y,y,y
남자사람_13_남_11311.jpg,big,center,y,y,y,y
남자사람_13_남_11612.jpg,middle,left,y,y,y,y
남자사람_13_남_11883.jpg,middle,center,y,y,y,y
남자사람_13_남_11909.jpg,middle,center,y,y,y,y
남자사람_13_남_11923.jpg,middle,center,y,y,y,y
남자사람_13_남_12073.jpg,small,center,y,y,y,y
남자사람_13_남_12084.jpg,middle,left,y,y,y,y
남자사람_13_남_12094.jpg,middle,left,y,y,y,y
남자사람_13_남_12095.jpg,small,center,y,y,y,y
남자사람_13_남_12164.jpg,middle,center,y,y,y,y
남자사람_13_남_12232.jpg,middle,center,y,y,y,y
남자사람_13_남_12265.jpg,small,left,y,y,y,y
남자사람_13_남_12304.jpg,middle,center,y,y,y,y
남자사람_13_남_12460.jpg,big,center,y,y,y,y
남자사람_13_남_12495.jpg,middle,center,y,y,y,y
남자사람_13_남_12502.jpg,middle,center,y,y,y,y
남자사람_13_남_12565.jpg,small,center,y,y,y,y
남자사람_13_남_12641.jpg,middle,center,y,y,y,y
남자사람_13_남_12726.jpg,small,center,y,y,y,y
남자사람_13_남_12743.jpg,big,center,y,y,y,y
남자사람_13_남_12745.jpg,middle,left,y,y,y,y
남자사람_13_남_12870.jpg,middle,center,y,y,y,y
남자사람_13_남_12969.jpg,small,center,y,y,y,y
남자사람_13_남_13070.jpg,small,center,y,y,y,y
남자사람_13_남_13121.jpg,big,center,y,y,y,y
남자사람_13_남_13128.jpg,big,center,y,y,y,y
남자사람_13_남_13184.jpg,big,center,y,y,y,y
남자사람_13_남_13186.jpg,big,center,y,y,y,y
남자사람_13_남_13192.jpg,middle,center,y,y,y,y
남자사람_13_남_13204.jpg,middle,center,y,y,y,y
남자사람_13_남_13268.jpg,middle,left,y,y,y,y
남자사람_13_남_13306.jpg,middle,center,y,y,y,y
남자사람_13_남_13374.jpg,small,center,y,y,y,y
남자사람_13_남_13513.jpg,middle,center,y,y,y,y
남자사람_13_남_13534.jpg,small,center,y,y,y,y
남자사람_13_남_13607.jpg,middle,center,y,y,y,y
남자사람_13_남_13736.jpg,middle,center,y,y,y,y
남자사람_13_남_13755.jpg,middle,center,y,y,y,y
남자사람_7_여_02719.jpg,small,center,y,y,y,y
남자사람_7_여_03188.jpg,small,center,y,y,y,y
남자사람_7_여_03521.jpg,middle,center,y,y,y,y
남자사람_7_여_04472.jpg,small,center,y,y,y,y
남자사람_7_여_04758.jpg,middle,center,y,y,y,y
남자사람_7_여_05033.jpg,middle,center,y,y,y,y
남자사람_7_여_06229.jpg,middle,center,y,y,y,y
남자사람_7_여_06482.jpg,middle,center,y,y,y,y
남자사람_7_여_06572.jpg,small,center,y,y,y,y
남자사람_7_여_07327.jpg,middle,center,y,y,y,y
남자사람_7_여_11861.jpg,small,center,y,y,y,y
남자사람_7_여_12514.jpg,small,center,y,y,y,y
남자사람_7_남_00180.jpg,big,center,y,y,y,y
남자사람_7_남_01647.jpg,small,center,y,y,y,y
남자사람_7_남_01748.jpg,small,right,y,y,y,y
남자사람_7_남_01844.jpg,middle,center,y,y,y,y
남자사람_7_남_01898.jpg,small,center,y,y,y,y
남자사람_7_남_05733.jpg,small,center,y,y,y,y
남자사람_7_남_06351.jpg,middle,center,y,y,y,y
남자사람_7_남_08102.jpg,middle,center,y,y,y,y
남자사람_7_남_08698.jpg,middle,center,y,y,y,y
남자사람_7_남_10556.jpg,middle,center,y,y,y,y
남자사람_7_남_11040.jpg,small,center,y,y,y,y
남자사람_7_남_11180.jpg,small,center,y,y,y,y
남자사람_7_남_11875.jpg,middle,center,y,y,y,y
남자사람_7_남_12387.jpg,small,center,y,y,y,y
남자사람_7_남_12603.jpg,middle,center,y,y,y,y
남자사람_7_남_13525.jpg,small,center,y,y,y,y
남자사람_8_여_00274.jpg,middle,center,y,y,y,y
남자사람_8_여_00337.jpg,small,center,y,y,y,y
남자사람_8_여_00342.jpg,small,center,y,y,y,y
남자사람_8_여_00434.jpg,middle,center,y,y,y,y
남자사람_8_여_00510.jpg,middle,center,y,y,y,y
남자사람_8_여_00568.jpg,middle,center,y,y,y,y
남자사람_8_여_00661.jpg,small,left,y,y,y,y
남자사람_8_여_00844.jpg,middle,center,y,y,y,y
남자사람_8_여_01052.jpg,small,center,y,y,y,y
남자사람_8_여_01207.jpg,small,center,y,y,y,y
남자사람_8_여_01330.jpg,small,center,y,y,y,y
남자사람_8_여_01415.jpg,small,center,y,y,y,y
남자사람_8_여_01478.jpg,small,center,y,y,y,y
남자사람_8_여_01773.jpg,small,center,y,y,y,y
남자사람_8_여_01833.jpg,big,center,y,y,y,y
남자사람_8_여_01866.jpg,middle,center,y,y,y,y
남자사람_8_여_01869.jpg,middle,center,y,y,y,y
남자사람_8_여_02270.jpg,small,center,y,y,y,y
남자사람_8_여_02655.jpg,small,center,y,y,y,y
남자사람_8_여_02701.jpg,small,center,y,y,y,y
남자사람_8_여_02737.jpg,small,center,y,y,y,y
남자사람_8_여_02837.jpg,small,left,y,y,y,y
남자사람_8_여_03216.jpg,middle,center,y,y,y,y
남자사람_8_여_03321.jpg,middle,center,y,y,y,y
남자사람_8_여_03389.jpg,middle,center,y,y,y,y
남자사람_8_여_03433.jpg,small,center,y,y,y,y
남자사람_8_여_03465.jpg,small,left,y,y,y,y
남자사람_8_여_03492.jpg,middle,center,y,y,y,y
남자사람_8_여_03505.jpg,middle,center,y,y,y,y
남자사람_8_여_03951.jpg,middle,center,y,y,y,y
남자사람_8_여_04502.jpg,small,center,y,y,y,y
남자사람_8_여_04570.jpg,middle,center,y,y,y,y
남자사람_8_여_04665.jpg,small,center,y,y,y,y
남자사람_8_여_04785.jpg,small,center,y,y,y,y
남자사람_8_여_04963.jpg,small,center,y,y,y,y
남자사람_8_여_05032.jpg,small,center,y,y,y,y
남자사람_8_여_05104.jpg,small,center,y,y,y,y
남자사람_8_여_05310.jpg,small,center,y,y,y,y
남자사람_8_여_05420.jpg,big,center,y,y,y,y
남자사람_8_여_05529.jpg,big,center,y,y,y,y
남자사람_8_여_05608.jpg,small,center,y,y,y,y
남자사람_8_여_05787.jpg,middle,center,y,y,y,y
남자사람_8_여_06025.jpg,middle,center,y,y,y,y
남자사람_8_여_06383.jpg,small,center,y,y,y,y
남자사람_8_여_06501.jpg,middle,center,y,y,y,y
남자사람_8_여_06558.jpg,middle,center,y,y,y,y
남자사람_8_여_06608.jpg,small,center,y,y,y,y
남자사람_8_여_06664.jpg,middle,center,y,y,y,y
남자사람_8_여_06810.jpg,middle,center,y,y,y,y
남자사람_8_여_06854.jpg,small,center,y,y,y,y
남자사람_8_여_07381.jpg,small,center,y,y,y,y
남자사람_8_여_07437.jpg,small,center,y,y,y,y
남자사람_8_여_07467.jpg,middle,center,y,y,y,y
남자사람_8_여_07495.jpg,middle,center,y,y,y,y
남자사람_8_여_07509.jpg,middle,center,y,y,y,y
남자사람_8_여_07529.jpg,middle,center,y,y,y,y
남자사람_8_여_07627.jpg,middle,center,y,y,y,y
남자사람_8_여_07633.jpg,small,center,y,y,y,y
남자사람_8_여_07695.jpg,small,center,y,y,y,y
남자사람_8_여_07798.jpg,middle,center,y,y,y,y
남자사람_8_여_07905.jpg,small,center,y,y,y,y
남자사람_8_여_08144.jpg,small,right,y,y,y,y
남자사람_8_여_08260.jpg,middle,left,y,y,y,y
남자사람_8_여_08281.jpg,small,center,y,y,y,y
남자사람_8_여_08296.jpg,small,center,y,y,y,y
남자사람_8_여_08412.jpg,middle,center,y,y,y,y
남자사람_8_여_08472.jpg,small,left,y,y,y,y
남자사람_8_여_08504.jpg,middle,center,y,y,y,y
남자사람_8_여_08851.jpg,middle,center,y,y,y,y
남자사람_8_여_09192.jpg,small,center,y,y,y,y
남자사람_8_여_09515.jpg,middle,center,y,y,y,y
남자사람_8_여_09783.jpg,small,center,y,y,y,y
남자사람_8_여_09872.jpg,small,center,y,y,y,y
남자사람_8_여_09876.jpg,small,center,y,y,y,y
남자사람_8_여_09968.jpg,small,center,y,y,y,y
남자사람_8_여_10066.jpg,middle,center,y,y,y,y
남자사람_8_여_10315.jpg,middle,center,y,y,y,y
남자사람_8_여_10608.jpg,small,left,y,y,y,y
남자사람_8_여_10825.jpg,small,center,y,y,y,y
남자사람_8_여_11114.jpg,small,center,y,y,y,y
남자사람_8_여_11165.jpg,middle,center,y,y,y,y
남자사람_8_여_11176.jpg,small,center,y,y,y,y
남자사람_8_여_11226.jpg,middle,center,y,y,y,y
남자사람_8_여_11505.jpg,big,center,y,y,y,y
남자사람_8_여_11584.jpg,middle,center,y,y,y,y
남자사람_8_여_11751.jpg,middle,center,y,y,y,y
남자사람_8_여_11800.jpg,small,center,y,y,y,y
남자사람_8_여_11945.jpg,small,left,y,y,y,y
남자사람_8_여_12036.jpg,middle,center,y,y,y,y
남자사람_8_여_12182.jpg,small,left,y,y,y,y
남자사람_8_여_12269.jpg,middle,center,y,y,y,y
남자사람_8_여_12370.jpg,middle,center,y,y,y,y
남자사람_8_여_12426.jpg,big,center,y,y,y,y
남자사람_8_여_12487.jpg,middle,center,y,y,y,y
남자사람_8_여_12731.jpg,middle,center,y,y,y,y
남자사람_8_여_12772.jpg,small,center,y,y,y,y
남자사람_8_여_12795.jpg,small,center,y,y,y,y
남자사람_8_여_12855.jpg,middle,center,y,y,y,y
남자사람_8_여_12896.jpg,small,center,y,y,y,y
남자사람_8_여_12990.jpg,middle,center,y,y,y,y
남자사람_8_여_13000.jpg,small,center,y,y,y,y
남자사람_8_여_13080.jpg,middle,center,y,y,y,y
남자사람_8_여_13439.jpg,middle,center,y,y,y,y
남자사람_8_여_13800.jpg,small,center,y,y,y,y
남자사람_8_여_13977.jpg,middle,center,y,y,y,y
남자사람_8_남_00015.jpg,small,center,y,y,y,y
남자사람_8_남_00121.jpg,big,center,y,y,y,y
남자사람_8_남_00469.jpg,small,center,y,y,y,y
남자사람_8_남_00544.jpg,middle,center,y,y,y,y
남자사람_8_남_00567.jpg,small,center,y,y,y,y
남자사람_8_남_00622.jpg,small,center,y,y,y,y
남자사람_8_남_00632.jpg,small,center,y,y,y,y
남자사람_8_남_00706.jpg,small,center,y,y,y,y
남자사람_8_남_00736.jpg,big,center,y,y,y,y
남자사람_8_남_00788.jpg,middle,center,y,y,y,y
남자사람_8_남_00832.jpg,middle,center,y,y,y,y
남자사람_8_남_00967.jpg,middle,center,y,y,y,y
남자사람_8_남_01024.jpg,small,center,y,y,y,y
남자사람_8_남_01075.jpg,small,center,y,y,y,y
남자사람_8_남_01110.jpg,big,center,y,y,y,y
남자사람_8_남_01340.jpg,middle,center,y,y,y,y
남자사람_8_남_01397.jpg,middle,center,y,y,y,y
남자사람_8_남_01472.jpg,middle,center,y,y,y,y
남자사람_8_남_01638.jpg,big,center,y,y,y,y
남자사람_8_남_01796.jpg,middle,center,y,y,y,y
남자사람_8_남_01836.jpg,middle,center,y,y,y,y
남자사람_8_남_01863.jpg,middle,center,y,y,y,y
남자사람_8_남_02006.jpg,middle,center,y,y,y,y
남자사람_8_남_02065.jpg,small,center,y,y,y,y
남자사람_8_남_02778.jpg,small,center,y,y,y,y
남자사람_8_남_02995.jpg,small,left,y,y,y,y
남자사람_8_남_03091.jpg,big,left,y,y,y,y
남자사람_8_남_03468.jpg,middle,center,y,y,y,y
남자사람_8_남_03695.jpg,middle,center,y,y,y,y
남자사람_8_남_03792.jpg,middle,center,y,y,y,y
남자사람_8_남_03849.jpg,middle,center,y,y,y,y
남자사람_8_남_03853.jpg,small,center,y,y,y,y
남자사람_8_남_03888.jpg,middle,center,y,y,y,y
남자사람_8_남_03962.jpg,middle,center,y,y,y,y
남자사람_8_남_04003.jpg,middle,center,y,y,y,y
남자사람_8_남_04261.jpg,middle,center,y,y,y,y
남자사람_8_남_04266.jpg,middle,center,y,y,y,y
남자사람_8_남_04361.jpg,middle,center,y,y,y,y
남자사람_8_남_04380.jpg,middle,center,y,y,y,y
남자사람_8_남_04440.jpg,small,center,y,y,y,y
남자사람_8_남_04509.jpg,middle,center,y,y,y,y
남자사람_8_남_04520.jpg,middle,center,y,y,y,y
남자사람_8_남_04525.jpg,big,center,y,y,y,y
남자사람_8_남_04529.jpg,middle,center,y,y,y,y
남자사람_8_남_04608.jpg,middle,center,y,y,y,y
남자사람_8_남_04657.jpg,middle,center,y,y,y,y
남자사람_8_남_04680.jpg,middle,center,y,y,y,y
남자사람_8_남_04892.jpg,small,center,y,y,y,y
남자사람_8_남_04902.jpg,small,center,y,y,y,y
남자사람_8_남_04913.jpg,middle,center,y,y,y,y
남자사람_8_남_04942.jpg,small,center,y,y,y,y
남자사람_8_남_05200.jpg,middle,center,y,y,y,y
남자사람_8_남_05238.jpg,middle,center,y,y,y,y
남자사람_8_남_05260.jpg,big,center,y,y,y,y
남자사람_8_남_05342.jpg,middle,center,y,y,y,y
남자사람_8_남_05346.jpg,middle,center,y,y,y,y
남자사람_8_남_05396.jpg,small,center,y,y,y,y
남자사람_8_남_05412.jpg,middle,center,y,y,y,y
남자사람_8_남_05476.jpg,small,left,y,y,y,y
남자사람_8_남_05636.jpg,big,center,y,y,y,y
남자사람_8_남_05639.jpg,small,center,y,y,y,y
남자사람_8_남_05648.jpg,middle,center,y,y,y,y
남자사람_8_남_05656.jpg,small,center,y,y,y,y
남자사람_8_남_05666.jpg,middle,center,y,y,y,y
남자사람_8_남_05770.jpg,big,center,y,y,y,y
남자사람_8_남_05839.jpg,big,center,y,y,y,y
남자사람_8_남_05979.jpg,big,center,y,y,y,y
남자사람_8_남_05989.jpg,middle,center,y,y,y,y
남자사람_8_남_06021.jpg,big,center,y,y,y,y
남자사람_8_남_06081.jpg,small,center,y,y,y,y
남자사람_8_남_06159.jpg,small,center,y,y,y,y
남자사람_8_남_06324.jpg,middle,center,y,y,y,y
남자사람_8_남_06391.jpg,big,center,y,y,y,y
남자사람_8_남_06452.jpg,small,center,y,y,y,y
남자사람_8_남_06515.jpg,small,center,y,y,y,y
남자사람_8_남_06612.jpg,middle,center,y,y,y,y
남자사람_8_남_06782.jpg,small,center,y,y,y,y
남자사람_8_남_06808.jpg,middle,center,y,y,y,y
남자사람_8_남_06937.jpg,big,center,y,y,y,y
남자사람_8_남_07242.jpg,small,center,y,y,y,y
남자사람_8_남_07311.jpg,big,center,y,y,y,y
남자사람_8_남_07336.jpg,big,center,y,y,y,y
남자사람_8_남_07341.jpg,big,center,y,y,y,y
남자사람_8_남_07506.jpg,middle,center,y,y,y,y
남자사람_8_남_07515.jpg,small,center,y,y,y,y
남자사람_8_남_07536.jpg,big,center,y,y,y,y
남자사람_8_남_07537.jpg,small,center,y,y,y,y
남자사람_8_남_07586.jpg,small,center,y,y,y,y
남자사람_8_남_07653.jpg,big,center,y,y,y,y
남자사람_8_남_07793.jpg,small,center,y,y,y,y
남자사람_8_남_07946.jpg,big,center,y,y,y,y
남자사람_8_남_08080.jpg,small,center,y,y,y,y
남자사람_8_남_08307.jpg,big,center,y,y,y,y
남자사람_8_남_08430.jpg,big,left,y,y,y,y
남자사람_8_남_08477.jpg,middle,center,y,y,y,y
남자사람_8_남_08506.jpg,big,center,y,y,y,y
남자사람_8_남_08599.jpg,middle,center,y,y,y,y
남자사람_8_남_08622.jpg,small,center,y,y,y,y
남자사람_8_남_08871.jpg,middle,center,y,y,y,y
남자사람_8_남_08900.jpg,big,center,y,y,y,y
남자사람_8_남_09014.jpg,big,center,y,y,y,y
남자사람_8_남_09098.jpg,middle,center,y,y,y,y
남자사람_8_남_09156.jpg,middle,center,y,y,y,y
남자사람_8_남_09366.jpg,big,center,y,y,y,y
남자사람_8_남_09532.jpg,small,center,y,y,y,y
남자사람_8_남_09542.jpg,middle,center,y,y,y,y
남자사람_8_남_09637.jpg,middle,center,y,y,y,y
남자사람_8_남_09766.jpg,middle,center,y,y,y,y
남자사람_8_남_09922.jpg,small,center,y,y,y,y
남자사람_8_남_10033.jpg,middle,center,y,y,y,y
남자사람_8_남_10338.jpg,middle,center,y,y,y,y
남자사람_8_남_10377.jpg,middle,center,y,y,y,y
남자사람_8_남_10505.jpg,middle,center,y,y,y,y
남자사람_8_남_10728.jpg,middle,center,y,y,y,y
남자사람_8_남_10774.jpg,middle,center,y,y,y,y
남자사람_8_남_10891.jpg,middle,center,y,y,y,y
남자사람_8_남_10904.jpg,small,center,y,y,y,y
남자사람_8_남_10991.jpg,middle,center,y,y,y,y
남자사람_8_남_11066.jpg,middle,left,y,y,y,y
남자사람_8_남_11106.jpg,middle,center,y,y,y,y
남자사람_8_남_11154.jpg,middle,center,y,y,y,y
남자사람_8_남_11200.jpg,big,center,y,y,y,y
남자사람_8_남_11297.jpg,middle,center,y,y,y,y
남자사람_8_남_11334.jpg,middle,center,y,y,y,y
남자사람_8_남_11445.jpg,small,center,y,y,y,y
남자사람_8_남_11492.jpg,middle,center,y,y,y,y
남자사람_8_남_11507.jpg,small,center,y,y,y,y
남자사람_8_남_11739.jpg,middle,center,y,y,y,y
남자사람_8_남_11857.jpg,big,left,y,y,y,y
남자사람_8_남_11910.jpg,small,right,y,y,y,y
남자사람_8_남_11938.jpg,small,center,y,y,y,y
남자사람_8_남_11989.jpg,big,center,y,y,y,y
남자사람_8_남_12072.jpg,middle,center,y,y,y,y
남자사람_8_남_12124.jpg,middle,center,y,y,y,y
남자사람_8_남_12131.jpg,middle,center,y,y,y,y
남자사람_8_남_12644.jpg,middle,center,y,y,y,y
남자사람_8_남_12881.jpg,middle,left,y,y,y,y
남자사람_8_남_13001.jpg,small,center,y,y,y,y
남자사람_8_남_13059.jpg,big,center,y,y,y,y
남자사람_8_남_13074.jpg,small,center,y,y,y,y
남자사람_8_남_13087.jpg,big,center,y,y,y,y
남자사람_8_남_13156.jpg,big,center,y,y,y,y
남자사람_8_남_13167.jpg,middle,center,y,y,y,y
남자사람_8_남_13246.jpg,middle,center,y,y,y,y
남자사람_8_남_13406.jpg,middle,center,y,y,y,y
남자사람_8_남_13433.jpg,middle,center,y,y,y,y
남자사람_8_남_13712.jpg,middle,center,y,y,y,y
남자사람_8_남_13773.jpg,middle,center,y,y,y,y
남자사람_8_남_13795.jpg,middle,left,y,y,y,y
남자사람_8_남_13878.jpg,small,center,y,y,y,y
남자사람_8_남_13939.jpg,small,center,y,y,y,y
남자사람_9_여_01086.jpg,middle,left,y,y,y,y
남자사람_9_여_01290.jpg,middle,center,y,y,y,y
남자사람_9_여_01307.jpg,middle,center,y,y,y,y
남자사람_9_여_01398.jpg,small,left,y,y,y,y
남자사람_9_여_01401.jpg,middle,center,y,y,y,y
남자사람_9_여_01491.jpg,middle,center,y,y,y,y
남자사람_9_여_01615.jpg,small,center,y,y,y,y
남자사람_9_여_01726.jpg,middle,center,y,y,y,y
남자사람_9_여_01843.jpg,small,center,y,y,y,y
남자사람_9_여_02057.jpg,middle,center,y,y,y,y
남자사람_9_여_02179.jpg,small,center,y,y,y,y
남자사람_9_여_02188.jpg,small,center,y,y,y,y
남자사람_9_여_02202.jpg,middle,center,y,y,y,y
남자사람_9_여_02396.jpg,small,center,y,y,y,y
남자사람_9_여_02568.jpg,small,center,y,y,y,y
남자사람_9_여_02579.jpg,middle,center,y,y,y,y
남자사람_9_여_02631.jpg,small,center,y,y,y,y
남자사람_9_여_02635.jpg,middle,center,y,y,y,y
남자사람_9_여_02657.jpg,small,center,y,y,y,y
남자사람_9_여_02829.jpg,middle,center,y,y,y,y
남자사람_9_여_02984.jpg,middle,center,y,y,y,y
남자사람_9_여_03595.jpg,middle,center,y,y,y,y
남자사람_9_여_04071.jpg,big,center,y,y,y,y
남자사람_9_여_04140.jpg,middle,center,y,y,y,y
남자사람_9_여_04168.jpg,big,center,y,y,y,y
남자사람_9_여_04571.jpg,middle,center,y,y,y,y
남자사람_9_여_04635.jpg,small,center,y,y,y,y
남자사람_9_여_04700.jpg,middle,center,y,y,y,y
남자사람_9_여_04727.jpg,small,center,y,y,y,y
남자사람_9_여_04840.jpg,middle,center,y,y,y,y
남자사람_9_여_04896.jpg,middle,center,y,y,y,y
남자사람_9_여_04969.jpg,big,center,y,y,y,y
남자사람_9_여_05090.jpg,small,center,y,y,y,y
남자사람_9_여_05180.jpg,middle,center,y,y,y,y
남자사람_9_여_05322.jpg,middle,center,y,y,y,y
남자사람_9_여_05391.jpg,small,center,y,y,y,y
남자사람_9_여_05418.jpg,big,center,y,y,y,y
남자사람_9_여_05458.jpg,small,center,y,y,y,y
남자사람_9_여_05483.jpg,small,center,y,y,y,y
남자사람_9_여_05506.jpg,small,center,y,y,y,y
남자사람_9_여_05510.jpg,middle,center,y,y,y,y
남자사람_9_여_05619.jpg,small,center,y,y,y,y
남자사람_9_여_05665.jpg,middle,center,y,y,y,y
남자사람_9_여_05888.jpg,middle,center,y,y,y,y
남자사람_9_여_05957.jpg,small,center,y,y,y,y
남자사람_9_여_06199.jpg,middle,center,y,y,y,y
남자사람_9_여_06276.jpg,small,center,y,y,y,y
남자사람_9_여_06335.jpg,small,center,y,y,y,y
남자사람_9_여_06535.jpg,middle,left,y,y,y,y
남자사람_9_여_06599.jpg,middle,center,y,y,y,y
남자사람_9_여_06915.jpg,small,center,y,y,y,y
남자사람_9_여_06917.jpg,small,center,y,y,y,y
남자사람_9_여_07110.jpg,small,center,y,y,y,y
남자사람_9_여_07427.jpg,middle,center,y,y,y,y
남자사람_9_여_07519.jpg,middle,center,y,y,y,y
남자사람_9_여_07682.jpg,middle,center,y,y,y,y
남자사람_9_여_07753.jpg,small,right,y,y,y,y
남자사람_9_여_07974.jpg,middle,center,y,y,y,y
남자사람_9_여_08106.jpg,middle,center,y,y,y,y
남자사람_9_여_08145.jpg,small,center,y,y,y,y
남자사람_9_여_08438.jpg,small,left,y,y,y,y
남자사람_9_여_08557.jpg,middle,center,y,y,y,y
남자사람_9_여_08690.jpg,small,center,y,y,y,y
남자사람_9_여_08695.jpg,middle,center,y,y,y,y
남자사람_9_여_08850.jpg,small,center,y,y,y,y
남자사람_9_여_08960.jpg,middle,center,y,y,y,y
남자사람_9_여_09270.jpg,middle,center,y,y,y,y
남자사람_9_여_09571.jpg,middle,center,y,y,y,y
남자사람_9_여_09902.jpg,middle,center,y,y,y,y
남자사람_9_여_09932.jpg,middle,center,y,y,y,y
남자사람_9_여_10316.jpg,small,center,y,y,y,y
남자사람_9_여_10405.jpg,small,center,y,y,y,y
남자사람_9_여_10685.jpg,middle,center,y,y,y,y
남자사람_9_여_10882.jpg,middle,center,y,y,y,y
남자사람_9_여_11186.jpg,small,center,y,y,y,n
남자사람_9_여_11803.jpg,middle,center,y,y,y,y
남자사람_9_여_11917.jpg,middle,center,y,y,y,y
남자사람_9_여_11986.jpg,middle,center,y,y,y,y
남자사람_9_여_12122.jpg,big,center,y,y,y,y
남자사람_9_여_12277.jpg,middle,center,y,y,y,y
남자사람_9_여_12365.jpg,small,center,y,y,y,y
남자사람_9_여_12373.jpg,middle,center,y,y,y,y
남자사람_9_여_12390.jpg,small,center,y,y,y,y
남자사람_9_여_12407.jpg,middle,center,y,y,y,y
남자사람_9_여_12465.jpg,small,center,y,y,y,y
남자사람_9_여_12501.jpg,big,center,y,y,y,y
남자사람_9_여_12926.jpg,small,center,y,y,y,y
남자사람_9_여_13124.jpg,small,center,y,y,y,y
남자사람_9_여_13149.jpg,small,center,y,y,y,y
남자사람_9_여_13338.jpg,middle,left,y,y,y,y
남자사람_9_여_13345.jpg,small,center,y,y,y,y
남자사람_9_여_13401.jpg,middle,center,y,y,y,y
남자사람_9_여_13417.jpg,small,center,y,y,y,y
남자사람_9_여_13421.jpg,middle,center,y,y,y,y
남자사람_9_여_13554.jpg,small,center,y,y,y,y
남자사람_9_여_13600.jpg,small,center,y,y,y,y
남자사람_9_여_13888.jpg,big,center,y,y,y,y
남자사람_9_남_00041.jpg,middle,center,y,y,y,y
남자사람_9_남_00043.jpg,small,center,y,y,y,y
남자사람_9_남_00111.jpg,small,center,y,y,y,y
남자사람_9_남_00209.jpg,small,center,y,y,y,y
남자사람_9_남_00422.jpg,middle,center,y,y,y,y
남자사람_9_남_00495.jpg,small,center,y,y,y,y
남자사람_9_남_00573.jpg,middle,center,y,y,y,y
남자사람_9_남_00699.jpg,middle,center,y,y,y,y
남자사람_9_남_00790.jpg,middle,center,y,y,y,y
남자사람_9_남_00831.jpg,big,center,y,y,y,y
남자사람_9_남_00853.jpg,middle,center,y,y,y,y
남자사람_9_남_00865.jpg,small,center,y,y,y,y
남자사람_9_남_00878.jpg,big,center,y,y,y,y
남자사람_9_남_00910.jpg,big,center,y,y,y,y
남자사람_9_남_01013.jpg,middle,center,y,y,y,y
남자사람_9_남_01018.jpg,middle,center,y,y,y,y
남자사람_9_남_01030.jpg,middle,center,y,y,y,y
남자사람_9_남_01212.jpg,small,center,y,y,y,y
남자사람_9_남_01349.jpg,small,center,y,y,y,y
남자사람_9_남_01447.jpg,small,center,y,y,y,y
남자사람_9_남_01453.jpg,middle,left,y,y,y,y
남자사람_9_남_01455.jpg,small,center,y,y,y,y
남자사람_9_남_01586.jpg,small,center,y,y,y,y
남자사람_9_남_01676.jpg,small,left,y,y,y,y
남자사람_9_남_01747.jpg,big,center,y,y,y,y
남자사람_9_남_01776.jpg,small,center,y,y,y,y
남자사람_9_남_01794.jpg,middle,center,y,y,y,y
남자사람_9_남_01797.jpg,small,center,y,y,y,y
남자사람_9_남_01905.jpg,middle,center,y,y,y,y
남자사람_9_남_01943.jpg,middle,center,y,y,y,y
남자사람_9_남_01991.jpg,big,center,y,y,y,y
남자사람_9_남_02157.jpg,small,left,y,y,y,y
남자사람_9_남_02198.jpg,middle,center,y,y,y,y
남자사람_9_남_02254.jpg,small,center,y,y,y,y
남자사람_9_남_02323.jpg,big,center,y,y,y,y
남자사람_9_남_02392.jpg,middle,center,y,y,y,y
남자사람_9_남_02430.jpg,small,center,y,y,y,y
남자사람_9_남_02458.jpg,small,center,y,y,y,y
남자사람_9_남_02602.jpg,small,center,y,y,y,y
남자사람_9_남_02603.jpg,big,center,y,y,y,y
남자사람_9_남_02650.jpg,middle,center,y,y,y,y
남자사람_9_남_02702.jpg,middle,center,y,y,y,y
남자사람_9_남_02841.jpg,small,center,y,y,y,y
남자사람_9_남_02844.jpg,middle,center,y,y,y,y
남자사람_9_남_02903.jpg,small,center,y,y,y,y
남자사람_9_남_03072.jpg,small,center,y,y,y,y
남자사람_9_남_03133.jpg,big,center,y,y,y,y
남자사람_9_남_03168.jpg,small,center,y,y,y,y
남자사람_9_남_03315.jpg,middle,center,y,y,y,y
남자사람_9_남_03317.jpg,middle,center,y,y,y,y
남자사람_9_남_03355.jpg,middle,center,y,y,y,y
남자사람_9_남_03376.jpg,middle,center,y,y,y,y
남자사람_9_남_03483.jpg,small,center,y,y,y,y
남자사람_9_남_03490.jpg,small,center,y,y,y,y
남자사람_9_남_03501.jpg,big,center,y,y,y,y
남자사람_9_남_03544.jpg,middle,center,y,y,y,y
남자사람_9_남_03673.jpg,middle,center,y,y,y,y
남자사람_9_남_03731.jpg,small,left,y,y,y,y
남자사람_9_남_03748.jpg,small,center,y,y,y,y
남자사람_9_남_03798.jpg,big,center,y,y,y,y
남자사람_9_남_03868.jpg,small,center,y,y,y,y
남자사람_9_남_03922.jpg,big,center,y,y,y,y
남자사람_9_남_03989.jpg,middle,left,y,y,y,y
남자사람_9_남_04130.jpg,middle,center,y,y,y,y
남자사람_9_남_04183.jpg,middle,center,y,y,y,y
남자사람_9_남_04221.jpg,middle,center,y,y,y,y
남자사람_9_남_04227.jpg,small,center,y,y,y,y
남자사람_9_남_04280.jpg,big,center,y,y,y,y
남자사람_9_남_04285.jpg,middle,center,y,y,y,y
남자사람_9_남_04312.jpg,middle,center,y,y,y,y
남자사람_9_남_04375.jpg,small,center,y,y,y,y
남자사람_9_남_04416.jpg,big,center,y,y,y,y
남자사람_9_남_04419.jpg,middle,center,y,y,y,y
남자사람_9_남_04435.jpg,big,center,y,y,y,y
남자사람_9_남_04499.jpg,middle,center,y,y,y,y
남자사람_9_남_04534.jpg,small,left,y,y,y,y
남자사람_9_남_04667.jpg,small,center,y,y,y,y
남자사람_9_남_04737.jpg,middle,center,y,y,y,y
남자사람_9_남_04859.jpg,small,center,y,y,y,y
남자사람_9_남_04879.jpg,middle,center,y,y,y,y
남자사람_9_남_04935.jpg,middle,center,y,y,y,y
남자사람_9_남_05185.jpg,middle,center,y,y,y,y
남자사람_9_남_05370.jpg,middle,center,y,y,y,y
남자사람_9_남_05485.jpg,small,center,y,y,y,y
남자사람_9_남_05577.jpg,middle,center,y,y,y,y
남자사람_9_남_05579.jpg,small,center,y,y,y,y
남자사람_9_남_05782.jpg,small,center,y,y,y,y
남자사람_9_남_05809.jpg,middle,center,y,y,y,y
남자사람_9_남_05916.jpg,middle,center,y,y,y,y
남자사람_9_남_05977.jpg,middle,center,y,y,y,y
남자사람_9_남_06084.jpg,small,center,y,y,y,y
남자사람_9_남_06105.jpg,middle,center,y,y,y,y
남자사람_9_남_06114.jpg,middle,center,y,y,y,y
남자사람_9_남_06189.jpg,big,center,y,y,y,y
남자사람_9_남_06268.jpg,small,center,y,y,y,y
남자사람_9_남_06441.jpg,middle,center,y,y,y,y
남자사람_9_남_06492.jpg,middle,center,y,y,y,y
남자사람_9_남_06514.jpg,middle,center,y,y,y,y
남자사람_9_남_06635.jpg,middle,center,y,y,y,y
남자사람_9_남_06706.jpg,big,center,y,y,y,y
남자사람_9_남_06773.jpg,small,center,y,y,y,y
남자사람_9_남_06856.jpg,middle,center,y,y,y,y
남자사람_9_남_06892.jpg,small,center,y,y,y,y
남자사람_9_남_07104.jpg,small,center,y,y,y,y
남자사람_9_남_07126.jpg,middle,center,y,y,y,y
남자사람_9_남_07130.jpg,big,center,y,y,y,y
남자사람_9_남_07241.jpg,small,center,y,y,y,y
남자사람_9_남_07312.jpg,middle,center,y,y,y,y
남자사람_9_남_07319.jpg,small,center,y,y,y,y
남자사람_9_남_07395.jpg,big,center,y,y,y,y
남자사람_9_남_07401.jpg,middle,center,y,y,y,y
남자사람_9_남_07405.jpg,middle,center,y,y,y,y
남자사람_9_남_07479.jpg,middle,center,y,y,y,y
남자사람_9_남_07546.jpg,small,left,y,y,y,y
남자사람_9_남_07624.jpg,small,center,y,y,y,y
남자사람_9_남_07662.jpg,middle,center,y,y,y,y
남자사람_9_남_07689.jpg,small,center,y,y,y,y
남자사람_9_남_07901.jpg,middle,center,y,y,y,y
남자사람_9_남_07912.jpg,small,center,y,y,y,y
남자사람_9_남_08013.jpg,small,center,y,y,y,y
남자사람_9_남_08021.jpg,middle,center,y,y,y,y
남자사람_9_남_08041.jpg,middle,center,y,y,y,y
남자사람_9_남_08118.jpg,middle,right,y,y,y,y
남자사람_9_남_08124.jpg,big,center,y,y,y,y
남자사람_9_남_08228.jpg,small,center,y,y,y,y
남자사람_9_남_08259.jpg,middle,center,y,y,y,y
남자사람_9_남_08278.jpg,middle,center,y,y,y,y
남자사람_9_남_08347.jpg,big,center,y,y,y,y
남자사람_9_남_08480.jpg,middle,center,y,y,y,y
남자사람_9_남_08578.jpg,small,center,y,y,y,y
남자사람_9_남_08615.jpg,middle,center,y,y,y,y
남자사람_9_남_08626.jpg,big,center,y,y,y,y
남자사람_9_남_08686.jpg,middle,center,y,y,y,y
남자사람_9_남_08712.jpg,big,center,y,y,y,y
남자사람_9_남_08915.jpg,middle,center,y,y,y,y
남자사람_9_남_08996.jpg,middle,center,y,y,y,y
남자사람_9_남_09101.jpg,middle,center,y,y,y,y
남자사람_9_남_09105.jpg,middle,center,y,y,y,y
남자사람_9_남_09353.jpg,small,center,y,y,y,y
남자사람_9_남_09399.jpg,middle,center,y,y,y,y
남자사람_9_남_09463.jpg,small,center,y,y,y,y
남자사람_9_남_09611.jpg,middle,center,y,y,y,y
남자사람_9_남_09620.jpg,small,center,y,y,y,y
남자사람_9_남_09682.jpg,middle,center,y,y,y,y
남자사람_9_남_09699.jpg,middle,center,y,y,y,y
남자사람_9_남_09745.jpg,middle,center,y,y,y,y
남자사람_9_남_09755.jpg,small,center,y,y,y,y
남자사람_9_남_09830.jpg,middle,center,y,y,y,y
남자사람_9_남_09852.jpg,middle,center,y,y,y,y
남자사람_9_남_09925.jpg,small,center,y,y,y,y
남자사람_9_남_09928.jpg,middle,center,y,y,y,y
남자사람_9_남_09954.jpg,middle,center,y,y,y,y
남자사람_9_남_10147.jpg,middle,center,y,y,y,y
남자사람_9_남_10157.jpg,small,center,y,y,y,y
남자사람_9_남_10206.jpg,middle,left,y,y,y,y
남자사람_9_남_10307.jpg,small,center,y,y,y,y
남자사람_9_남_10532.jpg,middle,center,y,y,y,y
남자사람_9_남_10533.jpg,middle,center,y,y,y,y
남자사람_9_남_10539.jpg,middle,center,y,y,y,y
남자사람_9_남_10560.jpg,middle,center,y,y,y,y
남자사람_9_남_10689.jpg,middle,center,y,y,y,y
남자사람_9_남_10734.jpg,small,center,y,y,y,y
남자사람_9_남_10824.jpg,middle,center,y,y,y,y
남자사람_9_남_10875.jpg,middle,center,y,y,y,y
남자사람_9_남_10971.jpg,middle,center,y,y,y,y
남자사람_9_남_11091.jpg,big,center,y,y,y,y
남자사람_9_남_11252.jpg,middle,center,y,y,y,y
남자사람_9_남_11263.jpg,middle,center,y,y,y,y
남자사람_9_남_11326.jpg,small,center,y,y,y,y
남자사람_9_남_11327.jpg,small,center,y,y,y,y
남자사람_9_남_11339.jpg,small,center,y,y,y,y
남자사람_9_남_11487.jpg,big,center,y,y,y,y
남자사람_9_남_11554.jpg,middle,center,y,y,y,y
남자사람_9_남_11597.jpg,middle,center,y,y,y,y
남자사람_9_남_11679.jpg,small,center,y,y,y,y
남자사람_9_남_11713.jpg,small,center,y,y,y,y
남자사람_9_남_11787.jpg,big,center,y,y,y,y
남자사람_9_남_11922.jpg,middle,center,y,y,y,y
남자사람_9_남_11966.jpg,small,center,y,y,y,y
남자사람_9_남_11987.jpg,big,center,y,y,y,y
남자사람_9_남_11988.jpg,big,center,y,y,y,y
남자사람_9_남_11998.jpg,big,center,y,y,y,y
남자사람_9_남_12211.jpg,small,center,y,y,y,y
남자사람_9_남_12284.jpg,middle,center,y,y,y,y
남자사람_9_남_12309.jpg,middle,center,y,y,y,y
남자사람_9_남_12493.jpg,small,center,y,y,y,y
남자사람_9_남_12505.jpg,small,center,y,y,y,y
남자사람_9_남_12561.jpg,small,center,y,y,y,y
남자사람_9_남_12756.jpg,small,center,y,y,y,y
남자사람_9_남_12872.jpg,middle,center,y,y,y,y
남자사람_9_남_12997.jpg,small,center,y,y,y,y
남자사람_9_남_13037.jpg,middle,center,y,y,y,y
남자사람_9_남_13132.jpg,middle,center,y,y,y,y
남자사람_9_남_13148.jpg,middle,center,y,y,y,y
남자사람_9_남_13277.jpg,small,center,y,y,y,y
남자사람_9_남_13302.jpg,middle,center,y,y,y,y
남자사람_9_남_13341.jpg,middle,center,y,y,y,y
남자사람_9_남_13346.jpg,middle,center,y,y,y,y
남자사람_9_남_13479.jpg,small,center,y,y,y,y
남자사람_9_남_13560.jpg,small,center,y,y,y,y
남자사람_9_남_13807.jpg,big,center,y,y,y,y
남자사람_9_남_13853.jpg,small,center,y,y,y,y
남자사람_9_남_13867.jpg,middle,center,y,y,y,y
남자사람_9_남_13924.jpg,small,center,y,y,y,y
남자사람_9_남_13995.jpg,small,center,y,y,y,y
