id,size,loc,branch_yn,crown_yn,fruit_yn,gnarl_yn,root_yn
나무_10_여_00083.jpg,big,center,y,y,y,n,y
나무_10_여_00180.jpg,middle,center,y,y,y,n,y
나무_10_여_00253.jpg,small,center,y,y,y,n,y
나무_10_여_00299.jpg,big,center,y,y,y,n,y
나무_10_여_00301.jpg,small,right,y,y,y,n,y
나무_10_여_00457.jpg,big,center,y,y,y,y,y
나무_10_여_00461.jpg,middle,left,y,y,y,y,y
나무_10_여_00528.jpg,big,center,y,y,y,n,y
나무_10_여_00576.jpg,middle,center,y,y,y,y,y
나무_10_여_00713.jpg,middle,center,y,y,y,n,y
나무_10_여_00716.jpg,middle,center,y,y,y,n,y
나무_10_여_00730.jpg,middle,center,y,y,y,n,y
나무_10_여_00855.jpg,middle,center,y,y,y,n,y
나무_10_여_00863.jpg,middle,left,y,y,y,n,y
나무_10_여_00926.jpg,middle,left,y,y,y,n,y
나무_10_여_01018.jpg,middle,center,y,y,y,y,y
나무_10_여_01078.jpg,middle,center,y,y,y,n,y
나무_10_여_01088.jpg,middle,left,y,y,y,y,y
나무_10_여_01158.jpg,middle,center,y,y,y,n,y
나무_10_여_01230.jpg,small,left,y,y,n,y,y
나무_10_여_01265.jpg,middle,center,y,y,y,y,y
나무_10_여_01303.jpg,middle,center,y,y,y,y,y
나무_10_여_01317.jpg,big,center,y,y,n,n,y
나무_10_여_01322.jpg,middle,center,y,y,y,n,y
나무_10_여_01411.jpg,big,center,y,y,y,y,y
나무_10_여_01517.jpg,middle,center,y,y,y,n,y
나무_10_여_01571.jpg,middle,center,y,y,y,n,y
나무_10_여_01720.jpg,big,center,y,y,y,n,y
나무_10_여_01735.jpg,big,center,y,y,y,y,y
나무_10_여_01931.jpg,middle,center,y,y,y,n,y
나무_10_여_01937.jpg,middle,center,y,y,y,n,y
나무_10_여_01951.jpg,big,center,y,y,y,y,y
나무_10_여_02081.jpg,middle,center,y,y,y,n,y
나무_10_여_02195.jpg,big,center,y,y,y,n,y
나무_10_여_02213.jpg,middle,right,y,y,y,y,y
나무_10_여_02398.jpg,middle,right,y,y,y,n,y
나무_10_여_02440.jpg,middle,center,y,y,y,n,y
나무_10_여_02497.jpg,middle,center,y,y,y,n,y
나무_10_여_02520.jpg,middle,left,y,y,y,y,y
나무_10_여_02549.jpg,middle,right,y,y,y,n,y
나무_10_여_02552.jpg,big,center,y,y,y,n,y
나무_10_여_02561.jpg,small,center,y,y,y,n,y
나무_10_여_02642.jpg,middle,center,y,y,y,n,y
나무_10_여_02707.jpg,middle,center,y,y,y,n,y
나무_10_여_02767.jpg,middle,center,y,y,y,y,y
나무_10_여_03247.jpg,middle,right,y,y,y,y,y
나무_10_여_03287.jpg,middle,center,y,y,y,n,y
나무_10_여_03312.jpg,middle,right,y,y,y,n,y
나무_10_여_03574.jpg,middle,center,y,y,y,y,y
나무_10_여_03613.jpg,middle,center,y,y,y,y,y
나무_10_여_03904.jpg,big,center,y,y,y,n,y
나무_10_여_03937.jpg,big,center,y,y,y,n,y
나무_10_여_04038.jpg,middle,center,y,y,y,n,y
나무_10_여_04157.jpg,middle,center,y,y,y,y,y
나무_10_여_04548.jpg,middle,center,y,y,y,y,y
나무_10_여_04565.jpg,middle,center,y,y,y,y,y
나무_10_여_04567.jpg,big,center,y,y,y,n,y
나무_10_여_04613.jpg,middle,center,y,y,y,n,y
나무_10_여_04684.jpg,middle,center,y,y,y,y,y
나무_10_여_04834.jpg,big,center,y,y,y,n,y
나무_10_여_04882.jpg,middle,center,y,y,y,n,y
나무_10_여_04980.jpg,middle,left,y,y,y,n,y
나무_10_여_05117.jpg,middle,center,y,y,y,n,y
나무_10_여_05214.jpg,big,center,y,y,y,y,y
나무_10_여_05384.jpg,big,center,y,y,y,n,y
나무_10_여_05493.jpg,big,center,y,y,y,y,y
나무_10_여_05610.jpg,middle,center,y,y,y,y,y
나무_10_여_05731.jpg,big,center,y,y,y,n,y
나무_10_여_05948.jpg,middle,left,y,y,y,n,y
나무_10_여_05962.jpg,middle,center,y,y,y,y,y
나무_10_여_06006.jpg,middle,center,y,y,y,y,y
나무_10_여_06139.jpg,middle,center,y,y,y,n,y
나무_10_여_06184.jpg,small,center,y,y,y,n,y
나무_10_여_06244.jpg,middle,center,y,y,y,n,y
나무_10_여_06353.jpg,middle,center,y,y,y,n,y
나무_10_여_06368.jpg,middle,left,y,y,y,n,y
나무_10_여_06383.jpg,middle,center,y,y,n,n,y
나무_10_여_06400.jpg,middle,center,y,y,y,y,y
나무_10_여_06405.jpg,middle,center,y,y,y,y,y
나무_10_여_06431.jpg,middle,center,y,y,y,n,y
나무_10_여_06434.jpg,middle,left,y,y,y,y,y
나무_10_여_06478.jpg,middle,left,y,y,y,n,y
나무_10_여_06724.jpg,middle,center,y,y,y,n,y
나무_10_여_06734.jpg,middle,right,y,y,y,n,y
나무_10_여_06834.jpg,middle,center,y,y,y,n,y
나무_10_여_06843.jpg,big,center,y,y,y,n,y
나무_10_여_06976.jpg,middle,center,y,y,y,n,y
나무_10_여_06984.jpg,big,center,y,y,y,y,y
나무_10_여_07012.jpg,middle,center,y,y,y,n,y
나무_10_여_07074.jpg,middle,center,y,y,y,n,y
나무_10_여_07102.jpg,middle,center,y,y,y,n,y
나무_10_여_07117.jpg,big,center,y,y,y,y,y
나무_10_여_07126.jpg,middle,center,y,y,y,y,y
나무_10_여_07158.jpg,big,center,y,y,y,y,y
나무_10_여_07346.jpg,small,center,y,y,y,n,y
나무_10_여_07402.jpg,middle,center,y,y,y,n,y
나무_10_여_07461.jpg,middle,center,y,y,y,n,y
나무_10_여_07561.jpg,big,center,y,y,y,n,y
나무_10_여_07974.jpg,middle,center,y,y,y,n,y
나무_10_여_07985.jpg,middle,left,y,y,y,n,y
나무_10_여_07990.jpg,middle,left,y,y,y,n,y
나무_10_여_08158.jpg,middle,center,y,y,y,n,y
나무_10_여_08266.jpg,big,center,y,y,y,y,y
나무_10_여_08430.jpg,middle,right,y,y,y,n,y
나무_10_여_08460.jpg,big,center,y,y,y,y,y
나무_10_여_08525.jpg,middle,center,y,y,y,n,y
나무_10_여_08541.jpg,middle,left,y,y,y,y,y
나무_10_여_08550.jpg,middle,left,y,y,y,n,y
나무_10_여_08675.jpg,middle,center,y,y,y,n,y
나무_10_여_09061.jpg,big,center,y,y,y,y,y
나무_10_여_09116.jpg,big,center,y,y,y,y,y
나무_10_여_09156.jpg,big,center,y,y,y,y,y
나무_10_여_09209.jpg,big,center,y,y,y,n,y
나무_10_여_09224.jpg,middle,center,y,y,y,n,y
나무_10_여_09392.jpg,middle,center,y,y,y,n,y
나무_10_여_09485.jpg,middle,center,y,y,y,n,y
나무_10_여_09547.jpg,middle,left,y,y,y,n,y
나무_10_여_09556.jpg,middle,center,y,y,y,n,y
나무_10_여_09579.jpg,middle,center,y,y,y,n,y
나무_10_여_09744.jpg,middle,center,y,y,y,n,y
나무_10_여_09814.jpg,big,center,y,y,y,y,y
나무_10_여_09819.jpg,big,center,y,y,y,y,y
나무_10_여_09996.jpg,big,center,y,y,y,n,y
나무_10_여_10005.jpg,big,center,y,y,y,n,y
나무_10_여_10010.jpg,middle,center,y,y,y,n,y
나무_10_여_10128.jpg,middle,center,y,y,y,n,y
나무_10_여_10163.jpg,middle,center,y,y,y,n,y
나무_10_여_10332.jpg,big,center,y,y,y,n,y
나무_10_여_10439.jpg,big,center,y,y,y,y,y
나무_10_여_10500.jpg,big,center,y,y,y,n,y
나무_10_여_10627.jpg,middle,center,y,y,y,y,y
나무_10_여_10662.jpg,middle,center,y,y,y,n,y
나무_10_여_10768.jpg,big,center,y,y,n,y,y
나무_10_여_10805.jpg,big,center,y,y,y,n,y
나무_10_여_10957.jpg,big,center,y,y,y,y,y
나무_10_여_11004.jpg,middle,right,y,y,y,n,y
나무_10_여_11112.jpg,middle,center,y,y,y,n,y
나무_10_여_11118.jpg,middle,center,y,y,y,n,y
나무_10_여_11185.jpg,middle,left,y,y,y,y,y
나무_10_여_11194.jpg,big,center,y,y,y,n,y
나무_10_여_11219.jpg,small,center,y,y,y,n,y
나무_10_여_11322.jpg,middle,center,y,y,y,y,y
나무_10_여_11490.jpg,middle,center,y,y,y,y,y
나무_10_여_11646.jpg,big,center,y,y,y,n,y
나무_10_여_11647.jpg,small,left,y,y,y,n,y
나무_10_여_11817.jpg,middle,right,y,y,y,y,y
나무_10_여_11830.jpg,small,left,y,y,y,n,y
나무_10_여_11930.jpg,middle,right,y,y,y,y,y
나무_10_여_11969.jpg,middle,center,y,y,y,n,y
나무_10_여_12051.jpg,middle,center,y,y,y,n,y
나무_10_여_12107.jpg,middle,center,y,y,y,n,y
나무_10_여_12186.jpg,big,center,y,y,y,y,y
나무_10_여_12226.jpg,middle,left,y,y,y,n,y
나무_10_여_12246.jpg,middle,center,y,y,y,n,y
나무_10_여_12267.jpg,big,center,y,y,y,n,y
나무_10_여_12748.jpg,big,center,y,y,y,n,y
나무_10_여_12779.jpg,middle,center,y,y,y,n,y
나무_10_여_12897.jpg,big,center,y,y,y,n,y
나무_10_여_12904.jpg,big,center,y,y,y,n,y
나무_10_여_13038.jpg,middle,center,y,y,y,n,y
나무_10_여_13039.jpg,big,center,y,y,y,n,y
나무_10_여_13102.jpg,middle,center,y,y,n,n,y
나무_10_여_13145.jpg,middle,left,y,y,y,y,y
나무_10_여_13162.jpg,middle,center,y,y,y,n,y
나무_10_여_13178.jpg,big,center,y,y,y,y,y
나무_10_여_13185.jpg,middle,center,y,y,y,n,y
나무_10_여_13217.jpg,middle,left,y,y,y,n,y
나무_10_여_13294.jpg,big,center,y,y,y,n,y
나무_10_여_13312.jpg,big,center,y,y,y,n,y
나무_10_여_13332.jpg,middle,center,y,y,y,y,y
나무_10_여_13345.jpg,middle,center,y,y,y,n,y
나무_10_여_13512.jpg,middle,center,y,y,y,y,y
나무_10_여_13546.jpg,middle,center,y,y,y,n,y
나무_10_여_13637.jpg,big,center,y,y,y,n,y
나무_10_여_13673.jpg,small,center,y,y,y,n,y
나무_10_남_00022.jpg,middle,center,y,y,y,n,y
나무_10_남_00040.jpg,middle,left,y,y,y,n,y
나무_10_남_00051.jpg,big,center,y,y,y,n,y
나무_10_남_00124.jpg,middle,center,y,y,n,n,y
나무_10_남_00148.jpg,middle,center,y,y,y,n,y
나무_10_남_00182.jpg,big,center,y,y,y,n,y
나무_10_남_00198.jpg,middle,center,y,y,y,y,y
나무_10_남_00241.jpg,big,center,y,y,y,y,y
나무_10_남_00434.jpg,middle,center,y,y,y,n,y
나무_10_남_00626.jpg,middle,center,y,y,y,n,y
나무_10_남_00648.jpg,middle,center,y,y,y,n,y
나무_10_남_00688.jpg,middle,center,y,y,y,n,y
나무_10_남_00733.jpg,big,center,y,y,y,n,y
나무_10_남_00784.jpg,middle,center,y,y,y,n,y
나무_10_남_00802.jpg,middle,center,y,y,y,y,y
나무_10_남_00828.jpg,big,center,y,y,y,n,y
나무_10_남_00833.jpg,small,center,y,y,y,n,y
나무_10_남_00941.jpg,middle,center,y,y,y,n,y
나무_10_남_01016.jpg,big,center,y,y,y,n,y
나무_10_남_01083.jpg,middle,center,y,y,y,n,y
나무_10_남_01160.jpg,middle,center,y,y,y,n,y
나무_10_남_01310.jpg,middle,center,y,y,y,n,y
나무_10_남_01311.jpg,middle,left,y,y,y,y,y
나무_10_남_01388.jpg,middle,left,y,y,y,n,y
나무_10_남_01397.jpg,middle,center,y,y,y,n,y
나무_10_남_01448.jpg,middle,center,y,y,y,n,y
나무_10_남_01461.jpg,middle,left,y,y,n,n,y
나무_10_남_01513.jpg,middle,left,y,y,y,n,y
나무_10_남_01564.jpg,middle,center,y,y,y,y,y
나무_10_남_01626.jpg,middle,center,y,y,y,n,y
나무_10_남_01659.jpg,middle,center,y,y,y,n,y
나무_10_남_01684.jpg,big,center,y,y,y,n,y
나무_10_남_01721.jpg,middle,center,y,y,y,n,y
나무_10_남_01724.jpg,middle,center,y,y,y,y,y
나무_10_남_01761.jpg,big,center,y,y,y,n,y
나무_10_남_01785.jpg,middle,center,y,y,y,n,y
나무_10_남_01803.jpg,middle,center,y,y,y,n,y
나무_10_남_02019.jpg,middle,center,y,y,y,n,y
나무_10_남_02026.jpg,middle,center,y,y,y,y,y
나무_10_남_02155.jpg,big,center,y,y,y,n,y
나무_10_남_02211.jpg,big,center,y,y,y,y,y
나무_10_남_02225.jpg,middle,center,y,y,y,n,y
나무_10_남_02239.jpg,middle,center,y,y,y,y,y
나무_10_남_02361.jpg,big,center,y,y,y,n,y
나무_10_남_02512.jpg,middle,center,y,y,y,n,y
나무_10_남_02516.jpg,middle,center,y,y,y,n,y
나무_10_남_02671.jpg,middle,center,y,y,y,n,y
나무_10_남_02696.jpg,middle,center,y,y,y,y,y
나무_10_남_02717.jpg,small,center,y,y,y,n,y
나무_10_남_02851.jpg,middle,center,y,y,y,n,y
나무_10_남_02906.jpg,middle,right,y,y,y,n,y
나무_10_남_02974.jpg,middle,center,y,y,y,n,y
나무_10_남_03014.jpg,middle,center,y,y,y,n,y
나무_10_남_03120.jpg,big,center,y,y,y,y,y
나무_10_남_03149.jpg,middle,center,y,y,y,n,y
나무_10_남_03202.jpg,middle,left,y,y,y,n,y
나무_10_남_03230.jpg,middle,center,y,y,y,y,y
나무_10_남_03273.jpg,middle,center,y,y,y,n,y
나무_10_남_03439.jpg,middle,center,y,y,y,n,y
나무_10_남_03547.jpg,middle,center,y,y,y,n,y
나무_10_남_03556.jpg,middle,center,y,y,y,n,y
나무_10_남_03645.jpg,big,center,y,y,y,n,y
나무_10_남_03824.jpg,middle,center,y,y,y,n,y
나무_10_남_04018.jpg,big,center,y,y,y,n,y
나무_10_남_04085.jpg,middle,center,y,y,y,n,y
나무_10_남_04095.jpg,big,center,y,y,y,n,y
나무_10_남_04149.jpg,big,center,y,y,y,n,y
나무_10_남_04208.jpg,big,center,y,y,y,y,y
나무_10_남_04270.jpg,middle,center,y,y,y,n,y
나무_10_남_04446.jpg,middle,center,y,y,n,y,y
나무_10_남_04480.jpg,middle,left,y,y,y,y,y
나무_10_남_04534.jpg,middle,center,y,y,y,n,y
나무_10_남_04682.jpg,middle,center,y,y,y,y,y
나무_10_남_04723.jpg,middle,center,y,y,y,n,n
나무_10_남_04728.jpg,middle,center,y,y,y,n,y
나무_10_남_04732.jpg,big,center,y,y,y,n,y
나무_10_남_04751.jpg,middle,center,y,y,y,n,y
나무_10_남_04819.jpg,middle,center,y,y,y,n,y
나무_10_남_04857.jpg,middle,right,y,y,y,n,y
나무_10_남_04920.jpg,small,center,y,y,y,n,y
나무_10_남_04966.jpg,small,center,y,y,y,n,y
나무_10_남_05026.jpg,middle,center,y,y,y,n,y
나무_10_남_05390.jpg,middle,center,y,y,n,n,y
나무_10_남_05434.jpg,middle,left,y,y,y,n,y
나무_10_남_05550.jpg,middle,center,y,y,y,n,y
나무_10_남_05693.jpg,big,center,y,y,y,n,y
나무_10_남_05695.jpg,middle,center,y,y,y,n,y
나무_10_남_05752.jpg,middle,center,y,y,y,n,y
나무_10_남_05850.jpg,big,center,y,y,y,n,y
나무_10_남_05866.jpg,middle,center,y,y,y,n,y
나무_10_남_05952.jpg,middle,center,y,y,y,y,y
나무_10_남_05967.jpg,big,center,y,y,y,n,y
나무_10_남_06064.jpg,big,center,y,y,y,y,y
나무_10_남_06067.jpg,big,center,y,y,y,n,y
나무_10_남_06086.jpg,middle,center,y,y,y,n,y
나무_10_남_06149.jpg,middle,center,y,y,y,y,y
나무_10_남_06181.jpg,big,center,y,y,y,n,y
나무_10_남_06188.jpg,big,center,y,y,y,y,y
나무_10_남_06200.jpg,big,center,y,y,y,n,y
나무_10_남_06284.jpg,middle,center,y,y,y,y,y
나무_10_남_06320.jpg,middle,center,y,y,y,n,y
나무_10_남_06369.jpg,small,center,y,y,y,n,y
나무_10_남_06389.jpg,middle,center,y,y,y,n,y
나무_10_남_06414.jpg,middle,center,y,y,y,n,y
나무_10_남_06483.jpg,big,center,y,y,y,n,y
나무_10_남_06499.jpg,big,center,y,y,y,n,y
나무_10_남_06561.jpg,big,center,y,y,y,n,y
나무_10_남_06565.jpg,big,center,y,y,n,y,y
나무_10_남_06595.jpg,big,center,y,y,y,y,y
나무_10_남_06603.jpg,middle,center,y,y,y,n,y
나무_10_남_06715.jpg,middle,center,y,y,y,y,y
나무_10_남_06814.jpg,big,center,y,y,y,y,y
나무_10_남_06907.jpg,middle,center,y,y,y,n,y
나무_10_남_07069.jpg,middle,center,y,y,y,n,y
나무_10_남_07119.jpg,middle,center,y,y,y,n,y
나무_10_남_07304.jpg,middle,center,y,y,y,n,y
나무_10_남_07329.jpg,middle,center,y,y,y,n,y
나무_10_남_07344.jpg,big,center,y,y,y,n,y
나무_10_남_07365.jpg,middle,center,y,y,n,n,y
나무_10_남_07370.jpg,small,center,y,y,y,n,y
나무_10_남_07392.jpg,big,center,y,y,y,y,y
나무_10_남_07424.jpg,big,center,y,y,y,n,y
나무_10_남_07523.jpg,middle,left,y,y,y,y,y
나무_10_남_07551.jpg,small,center,y,y,y,n,y
나무_10_남_07554.jpg,middle,center,y,y,y,n,y
나무_10_남_07601.jpg,middle,center,y,y,y,n,y
나무_10_남_07613.jpg,big,center,y,y,y,n,y
나무_10_남_07639.jpg,big,center,y,y,y,n,y
나무_10_남_07749.jpg,big,center,y,y,y,n,y
나무_10_남_07765.jpg,middle,center,y,y,y,n,y
나무_10_남_07782.jpg,big,center,y,y,y,n,y
나무_10_남_07864.jpg,big,center,y,y,y,n,y
나무_10_남_07890.jpg,small,right,y,y,y,n,n
나무_10_남_07921.jpg,middle,center,y,y,y,y,y
나무_10_남_07955.jpg,middle,center,y,y,y,n,y
나무_10_남_08058.jpg,middle,center,y,y,y,n,y
나무_10_남_08072.jpg,big,center,y,y,y,y,y
나무_10_남_08161.jpg,big,center,y,y,n,n,y
나무_10_남_08167.jpg,middle,center,y,y,y,y,y
나무_10_남_08553.jpg,middle,left,y,y,y,n,y
나무_10_남_08624.jpg,middle,left,y,y,y,n,y
나무_10_남_08629.jpg,middle,center,y,y,y,n,y
나무_10_남_08652.jpg,middle,center,y,y,y,y,y
나무_10_남_08661.jpg,big,center,y,y,y,y,y
나무_10_남_08711.jpg,big,center,y,y,y,n,y
나무_10_남_08742.jpg,middle,center,y,y,y,y,y
나무_10_남_08808.jpg,middle,left,y,y,y,n,y
나무_10_남_08879.jpg,middle,center,y,y,y,n,y
나무_10_남_08902.jpg,middle,center,y,y,y,n,y
나무_10_남_09015.jpg,middle,center,y,y,y,n,y
나무_10_남_09023.jpg,middle,center,y,y,y,n,n
나무_10_남_09129.jpg,middle,center,y,y,y,n,y
나무_10_남_09237.jpg,middle,center,y,y,y,n,y
나무_10_남_09245.jpg,middle,center,y,y,y,y,y
나무_10_남_09259.jpg,middle,center,y,y,n,n,y
나무_10_남_09265.jpg,big,center,y,y,y,y,y
나무_10_남_09298.jpg,middle,center,y,y,y,n,y
나무_10_남_09319.jpg,big,center,y,y,y,n,y
나무_10_남_09347.jpg,middle,center,y,y,y,y,y
나무_10_남_09443.jpg,middle,left,y,y,y,y,y
나무_10_남_09463.jpg,middle,center,y,y,y,n,y
나무_10_남_09506.jpg,middle,center,y,y,y,y,y
나무_10_남_09519.jpg,middle,center,y,y,y,n,y
나무_10_남_09524.jpg,middle,center,y,y,y,n,y
나무_10_남_09584.jpg,middle,center,y,y,y,n,y
나무_10_남_09610.jpg,middle,center,y,y,y,n,y
나무_10_남_09770.jpg,middle,left,y,y,y,n,y
나무_10_남_09774.jpg,middle,left,y,y,y,n,y
나무_10_남_09939.jpg,middle,center,n,y,y,y,y
나무_10_남_09940.jpg,middle,center,y,y,y,n,y
나무_10_남_09978.jpg,middle,center,y,y,y,y,y
나무_10_남_10069.jpg,middle,center,y,y,y,n,y
나무_10_남_10242.jpg,middle,center,y,y,y,n,y
나무_10_남_10260.jpg,middle,center,y,y,y,y,y
나무_10_남_10292.jpg,middle,center,y,y,y,n,y
나무_10_남_10312.jpg,middle,right,y,y,y,n,y
나무_10_남_10341.jpg,big,center,y,y,y,n,y
나무_10_남_10391.jpg,big,center,y,y,y,y,y
나무_10_남_10430.jpg,big,center,y,y,y,n,y
나무_10_남_10461.jpg,middle,center,y,y,y,n,y
나무_10_남_10532.jpg,middle,left,y,y,y,n,y
나무_10_남_10604.jpg,middle,center,y,y,y,y,y
나무_10_남_10613.jpg,middle,left,y,y,y,n,y
나무_10_남_10629.jpg,middle,center,y,y,y,n,y
나무_10_남_10632.jpg,middle,center,y,y,y,n,y
나무_10_남_10689.jpg,middle,center,y,y,y,n,y
나무_10_남_10693.jpg,small,left,y,y,n,n,y
나무_10_남_10706.jpg,big,center,y,y,y,y,y
나무_10_남_10738.jpg,middle,left,y,y,y,y,y
나무_10_남_10769.jpg,middle,center,y,y,y,n,y
나무_10_남_10803.jpg,middle,center,y,y,y,n,y
나무_10_남_10910.jpg,big,center,y,y,y,n,y
나무_10_남_10976.jpg,big,center,y,y,y,n,y
나무_10_남_11049.jpg,middle,left,y,y,y,n,y
나무_10_남_11066.jpg,middle,center,y,y,y,n,y
나무_10_남_11075.jpg,middle,center,y,y,y,n,y
나무_10_남_11079.jpg,middle,center,n,y,y,n,y
나무_10_남_11161.jpg,middle,center,y,y,y,n,y
나무_10_남_11214.jpg,middle,left,y,y,y,n,y
나무_10_남_11324.jpg,middle,left,y,y,y,y,y
나무_10_남_11384.jpg,middle,center,y,y,y,y,y
나무_10_남_11412.jpg,middle,center,y,y,y,y,y
나무_10_남_11416.jpg,middle,center,y,y,y,y,y
나무_10_남_11479.jpg,middle,center,y,y,y,n,y
나무_10_남_11626.jpg,middle,center,y,y,y,n,y
나무_10_남_11805.jpg,big,center,y,y,y,y,y
나무_10_남_11872.jpg,big,center,y,y,y,n,y
나무_10_남_11878.jpg,middle,center,y,y,y,y,y
나무_10_남_11895.jpg,middle,center,y,y,y,y,y
나무_10_남_11964.jpg,big,center,y,y,y,y,y
나무_10_남_11978.jpg,big,center,y,y,y,n,y
나무_10_남_11988.jpg,small,center,y,y,y,n,y
나무_10_남_12047.jpg,big,center,y,y,y,n,y
나무_10_남_12072.jpg,middle,left,y,y,y,n,y
나무_10_남_12106.jpg,middle,center,y,y,y,n,y
나무_10_남_12111.jpg,big,center,y,y,y,n,y
나무_10_남_12143.jpg,middle,right,y,y,y,n,y
나무_10_남_12181.jpg,big,center,y,y,y,n,y
나무_10_남_12245.jpg,middle,center,y,y,y,n,y
나무_10_남_12299.jpg,middle,left,y,y,n,n,y
나무_10_남_12597.jpg,middle,center,y,y,y,y,y
나무_10_남_12636.jpg,middle,center,y,y,y,n,y
나무_10_남_12954.jpg,middle,center,y,y,y,n,y
나무_10_남_12965.jpg,middle,center,y,y,y,y,y
나무_10_남_12979.jpg,big,center,y,y,y,y,y
나무_10_남_13155.jpg,middle,center,y,y,y,n,y
나무_10_남_13295.jpg,big,center,y,y,y,y,y
나무_10_남_13324.jpg,big,center,y,y,y,n,y
나무_10_남_13369.jpg,middle,center,y,y,y,y,y
나무_10_남_13461.jpg,big,center,y,y,y,n,y
나무_10_남_13501.jpg,middle,center,y,y,y,n,y
나무_10_남_13582.jpg,middle,center,y,y,y,n,y
나무_10_남_13589.jpg,middle,center,y,y,y,n,y
나무_10_남_13635.jpg,middle,center,y,y,y,n,y
나무_10_남_13697.jpg,big,center,y,y,y,n,y
나무_10_남_13792.jpg,middle,center,y,y,y,n,y
나무_10_남_13847.jpg,big,center,y,y,y,y,y
나무_10_남_13851.jpg,middle,center,y,y,y,n,y
나무_10_남_13989.jpg,big,center,y,y,y,n,y
나무_11_여_00000.jpg,middle,center,y,y,y,n,y
나무_11_여_00327.jpg,middle,center,y,y,y,y,y
나무_11_여_00347.jpg,middle,center,y,y,y,n,y
나무_11_여_00354.jpg,middle,center,y,y,y,y,y
나무_11_여_00456.jpg,big,center,y,y,y,n,y
나무_11_여_00519.jpg,middle,center,y,y,y,n,y
나무_11_여_00536.jpg,middle,center,y,y,y,n,y
나무_11_여_00580.jpg,big,center,y,y,y,y,y
나무_11_여_00624.jpg,big,center,y,y,n,y,y
나무_11_여_00702.jpg,middle,left,y,y,y,n,y
나무_11_여_00711.jpg,big,center,y,y,y,n,y
나무_11_여_00747.jpg,big,center,y,y,y,n,y
나무_11_여_00750.jpg,middle,center,y,y,y,y,y
나무_11_여_00757.jpg,big,center,y,y,y,y,y
나무_11_여_00825.jpg,middle,center,y,y,y,n,y
나무_11_여_00914.jpg,middle,left,y,y,y,n,y
나무_11_여_00949.jpg,middle,center,y,y,y,y,y
나무_11_여_00999.jpg,big,center,y,y,y,n,y
나무_11_여_01028.jpg,middle,center,y,y,y,y,y
나무_11_여_01127.jpg,big,center,y,y,y,n,y
나무_11_여_01147.jpg,middle,center,y,y,y,n,y
나무_11_여_01154.jpg,big,center,y,y,y,y,y
나무_11_여_01214.jpg,middle,center,y,y,y,n,y
나무_11_여_01298.jpg,big,center,y,y,y,n,y
나무_11_여_01302.jpg,big,center,y,y,y,n,y
나무_11_여_01352.jpg,middle,center,y,y,y,n,y
나무_11_여_01353.jpg,big,center,y,y,y,y,y
나무_11_여_01444.jpg,small,center,y,y,y,n,y
나무_11_여_01581.jpg,middle,center,y,y,y,y,y
나무_11_여_01630.jpg,big,center,y,y,y,n,y
나무_11_여_01854.jpg,middle,center,y,y,y,n,y
나무_11_여_01891.jpg,big,center,y,y,y,y,y
나무_11_여_01932.jpg,middle,center,y,y,y,n,y
나무_11_여_01998.jpg,middle,center,y,y,y,y,y
나무_11_여_02009.jpg,big,center,y,y,y,y,y
나무_11_여_02037.jpg,middle,right,y,y,y,y,y
나무_11_여_02116.jpg,middle,left,y,y,y,y,y
나무_11_여_02177.jpg,middle,right,y,y,n,n,y
나무_11_여_02182.jpg,middle,center,y,y,y,y,y
나무_11_여_02204.jpg,middle,center,y,y,y,y,y
나무_11_여_02254.jpg,big,center,y,y,y,n,y
나무_11_여_02298.jpg,middle,center,y,y,y,n,y
나무_11_여_02302.jpg,big,center,y,y,y,n,y
나무_11_여_02340.jpg,big,center,y,y,y,n,y
나무_11_여_02411.jpg,big,center,y,y,y,y,y
나무_11_여_02509.jpg,middle,center,y,y,y,n,y
나무_11_여_02646.jpg,big,center,y,y,y,n,y
나무_11_여_02662.jpg,big,center,y,y,y,n,y
나무_11_여_02681.jpg,middle,center,y,y,y,n,y
나무_11_여_02699.jpg,big,center,y,y,y,n,y
나무_11_여_02743.jpg,middle,center,y,y,y,n,y
나무_11_여_02756.jpg,middle,center,y,y,y,n,y
나무_11_여_02796.jpg,middle,right,y,y,y,n,y
나무_11_여_02816.jpg,big,center,y,y,y,n,y
나무_11_여_02877.jpg,middle,left,y,y,y,n,y
나무_11_여_03026.jpg,small,center,y,y,n,n,y
나무_11_여_03127.jpg,middle,center,y,y,y,n,y
나무_11_여_03148.jpg,middle,right,y,y,y,n,y
나무_11_여_03161.jpg,big,center,y,y,y,y,y
나무_11_여_03233.jpg,big,center,y,y,y,n,y
나무_11_여_03255.jpg,big,center,y,y,y,n,y
나무_11_여_03410.jpg,middle,center,y,y,y,n,y
나무_11_여_03411.jpg,middle,right,y,y,y,n,y
나무_11_여_03505.jpg,middle,left,y,y,y,y,y
나무_11_여_03604.jpg,big,center,y,y,y,n,y
나무_11_여_03624.jpg,big,center,y,y,y,n,y
나무_11_여_03628.jpg,small,center,y,y,y,n,y
나무_11_여_03634.jpg,middle,center,y,y,y,n,y
나무_11_여_03648.jpg,middle,left,y,y,y,n,y
나무_11_여_03660.jpg,middle,center,y,y,y,y,y
나무_11_여_03720.jpg,middle,center,y,y,y,n,y
나무_11_여_03734.jpg,middle,center,y,y,y,n,y
나무_11_여_03823.jpg,middle,center,y,y,y,n,y
나무_11_여_03928.jpg,big,center,y,y,y,n,y
나무_11_여_03945.jpg,middle,center,y,y,y,n,y
나무_11_여_03951.jpg,middle,center,y,y,y,n,y
나무_11_여_03977.jpg,small,center,y,y,y,n,y
나무_11_여_04108.jpg,middle,center,y,y,y,n,y
나무_11_여_04173.jpg,middle,left,y,y,y,y,y
나무_11_여_04189.jpg,big,center,y,y,y,n,y
나무_11_여_04195.jpg,middle,left,y,y,y,n,y
나무_11_여_04268.jpg,middle,right,y,y,y,y,y
나무_11_여_04296.jpg,middle,center,y,y,y,n,y
나무_11_여_04351.jpg,middle,center,y,y,y,n,y
나무_11_여_04383.jpg,middle,center,y,y,y,y,y
나무_11_여_04585.jpg,big,center,y,y,y,n,y
나무_11_여_04695.jpg,middle,center,y,y,y,n,y
나무_11_여_04824.jpg,big,center,y,y,y,y,y
나무_11_여_04850.jpg,middle,left,y,y,y,n,y
나무_11_여_04865.jpg,middle,center,y,y,y,n,y
나무_11_여_04885.jpg,middle,left,y,y,y,n,y
나무_11_여_04955.jpg,middle,left,y,y,y,n,y
나무_11_여_05054.jpg,middle,center,y,y,y,n,y
나무_11_여_05077.jpg,middle,center,y,y,y,n,y
나무_11_여_05132.jpg,middle,left,y,y,y,y,y
나무_11_여_05175.jpg,big,center,y,y,y,n,y
나무_11_여_05223.jpg,middle,left,y,y,y,n,y
나무_11_여_05351.jpg,middle,center,y,y,y,y,y
나무_11_여_05470.jpg,middle,center,y,y,y,n,y
나무_11_여_05497.jpg,big,center,y,y,y,y,y
나무_11_여_05694.jpg,middle,center,y,y,y,n,y
나무_11_여_05778.jpg,big,center,y,y,y,y,y
나무_11_여_05802.jpg,middle,center,y,y,y,y,y
나무_11_여_05964.jpg,middle,center,n,y,y,n,y
나무_11_여_05974.jpg,big,center,y,y,y,y,y
나무_11_여_06107.jpg,middle,center,y,y,y,y,y
나무_11_여_06111.jpg,big,center,y,y,y,n,y
나무_11_여_06155.jpg,middle,center,y,y,y,n,y
나무_11_여_06325.jpg,small,center,y,y,y,n,y
나무_11_여_06469.jpg,middle,center,y,y,n,n,y
나무_11_여_06679.jpg,middle,center,y,y,y,y,y
나무_11_여_06695.jpg,big,center,y,y,y,n,y
나무_11_여_06925.jpg,big,center,y,y,y,y,y
나무_11_여_06966.jpg,middle,left,y,y,y,n,y
나무_11_여_07031.jpg,middle,center,y,y,y,n,y
나무_11_여_07100.jpg,big,center,y,y,y,y,n
나무_11_여_07308.jpg,middle,center,y,y,y,y,y
나무_11_여_07366.jpg,big,center,y,y,y,y,y
나무_11_여_07484.jpg,big,center,y,y,y,n,y
나무_11_여_07673.jpg,middle,center,y,y,y,n,y
나무_11_여_07729.jpg,middle,center,y,y,y,n,y
나무_11_여_07733.jpg,middle,center,y,y,y,y,y
나무_11_여_07926.jpg,middle,center,y,y,y,y,y
나무_11_여_08029.jpg,middle,center,y,y,y,y,y
나무_11_여_08150.jpg,middle,center,y,y,y,y,y
나무_11_여_08305.jpg,big,center,y,y,y,n,y
나무_11_여_08492.jpg,middle,center,y,y,y,n,y
나무_11_여_08511.jpg,small,left,y,y,y,y,y
나무_11_여_08543.jpg,middle,center,y,y,y,n,y
나무_11_여_08554.jpg,middle,center,y,y,y,n,y
나무_11_여_08656.jpg,big,center,y,y,n,y,y
나무_11_여_08774.jpg,middle,center,y,y,y,n,y
나무_11_여_08847.jpg,middle,left,y,y,y,n,y
나무_11_여_08867.jpg,big,center,y,y,n,n,y
나무_11_여_08877.jpg,middle,center,y,y,y,n,y
나무_11_여_08896.jpg,big,center,y,y,y,n,y
나무_11_여_08978.jpg,middle,center,y,y,y,n,y
나무_11_여_09041.jpg,middle,center,y,y,y,y,y
나무_11_여_09076.jpg,middle,center,y,y,y,y,y
나무_11_여_09125.jpg,middle,right,y,y,y,n,y
나무_11_여_09144.jpg,big,center,y,y,y,n,y
나무_11_여_09151.jpg,middle,center,y,y,n,n,y
나무_11_여_09152.jpg,middle,center,y,y,y,n,y
나무_11_여_09161.jpg,middle,center,y,y,y,n,y
나무_11_여_09212.jpg,middle,center,y,y,y,y,y
나무_11_여_09236.jpg,middle,center,y,y,y,y,y
나무_11_여_09377.jpg,middle,left,y,y,y,n,y
나무_11_여_09404.jpg,middle,right,y,y,y,n,y
나무_11_여_09430.jpg,middle,center,y,y,y,n,y
나무_11_여_09493.jpg,middle,left,y,y,y,n,y
나무_11_여_09528.jpg,middle,left,y,y,y,y,y
나무_11_여_09546.jpg,middle,center,y,y,y,y,y
나무_11_여_09567.jpg,middle,center,y,y,y,y,y
나무_11_여_09601.jpg,big,center,y,y,y,y,y
나무_11_여_09667.jpg,middle,center,y,n,y,n,y
나무_11_여_09704.jpg,middle,center,y,y,y,n,y
나무_11_여_09712.jpg,big,center,y,y,y,n,y
나무_11_여_09736.jpg,big,center,y,y,y,n,y
나무_11_여_09803.jpg,big,center,y,y,y,n,y
나무_11_여_09822.jpg,big,center,y,y,y,n,y
나무_11_여_09887.jpg,middle,center,y,y,y,n,y
나무_11_여_09901.jpg,middle,left,y,y,n,y,y
나무_11_여_09971.jpg,big,center,y,y,y,n,y
나무_11_여_10033.jpg,middle,center,y,y,y,y,y
나무_11_여_10119.jpg,middle,center,y,y,y,n,y
나무_11_여_10127.jpg,middle,center,y,y,y,y,y
나무_11_여_10142.jpg,middle,center,y,y,y,y,y
나무_11_여_10189.jpg,big,center,y,y,y,y,y
나무_11_여_10298.jpg,big,center,y,y,y,n,y
나무_11_여_10328.jpg,big,center,y,y,y,n,y
나무_11_여_10408.jpg,middle,center,y,y,y,y,y
나무_11_여_10437.jpg,small,left,y,y,y,n,y
나무_11_여_10465.jpg,middle,center,y,y,y,n,y
나무_11_여_10498.jpg,big,center,y,y,y,y,y
나무_11_여_10545.jpg,big,center,y,y,y,n,y
나무_11_여_10626.jpg,middle,center,y,y,y,n,y
나무_11_여_10633.jpg,middle,center,y,y,y,n,y
나무_11_여_10771.jpg,big,center,y,y,y,n,y
나무_11_여_10829.jpg,middle,center,y,y,y,n,y
나무_11_여_10938.jpg,middle,left,y,y,y,n,y
나무_11_여_10964.jpg,middle,center,y,y,y,n,y
나무_11_여_11028.jpg,middle,right,y,y,y,n,y
나무_11_여_11089.jpg,middle,left,y,y,y,n,y
나무_11_여_11107.jpg,big,center,y,y,y,y,y
나무_11_여_11155.jpg,big,center,y,y,y,y,y
나무_11_여_11178.jpg,middle,center,y,y,y,y,y
나무_11_여_11350.jpg,middle,left,y,y,y,n,y
나무_11_여_11419.jpg,middle,center,y,y,y,n,y
나무_11_여_11422.jpg,big,center,y,y,y,n,y
나무_11_여_11500.jpg,middle,center,y,y,y,n,y
나무_11_여_11584.jpg,middle,center,y,y,y,n,y
나무_11_여_11692.jpg,middle,left,y,y,y,n,y
나무_11_여_11813.jpg,big,center,y,y,y,y,y
나무_11_여_11826.jpg,big,center,y,y,y,y,y
나무_11_여_11861.jpg,big,center,y,y,y,n,y
나무_11_여_11980.jpg,middle,center,y,y,y,n,y
나무_11_여_12010.jpg,big,center,y,y,y,n,y
나무_11_여_12023.jpg,middle,right,y,y,y,n,y
나무_11_여_12033.jpg,middle,left,y,y,y,y,y
나무_11_여_12046.jpg,middle,center,y,y,y,y,y
나무_11_여_12073.jpg,middle,center,y,y,y,y,y
나무_11_여_12103.jpg,middle,center,y,y,y,y,y
나무_11_여_12131.jpg,big,center,y,y,y,n,y
나무_11_여_12157.jpg,middle,center,y,y,y,n,y
나무_11_여_12247.jpg,middle,center,y,y,y,n,y
나무_11_여_12260.jpg,middle,center,y,y,y,n,y
나무_11_여_12381.jpg,big,center,y,y,y,y,y
나무_11_여_12429.jpg,middle,center,y,y,y,n,y
나무_11_여_12455.jpg,middle,center,y,y,n,n,y
나무_11_여_12564.jpg,big,center,y,y,y,n,y
나무_11_여_12692.jpg,middle,center,y,y,y,n,y
나무_11_여_12768.jpg,middle,center,y,y,y,n,y
나무_11_여_12801.jpg,middle,center,y,y,y,n,y
나무_11_여_12810.jpg,big,center,y,y,n,y,y
나무_11_여_12818.jpg,middle,center,y,y,y,y,y
나무_11_여_12833.jpg,big,center,y,y,y,n,y
나무_11_여_12842.jpg,middle,center,y,y,y,n,y
나무_11_여_12845.jpg,middle,left,y,y,y,y,y
나무_11_여_12864.jpg,big,right,y,y,y,y,y
나무_11_여_12873.jpg,middle,center,y,y,y,y,y
나무_11_여_13097.jpg,middle,center,y,y,y,y,y
나무_11_여_13157.jpg,middle,left,y,y,y,y,y
나무_11_여_13298.jpg,small,left,y,y,y,n,y
나무_11_여_13391.jpg,middle,center,y,y,y,n,y
나무_11_여_13405.jpg,middle,center,y,y,y,n,y
나무_11_여_13455.jpg,big,left,y,y,y,n,y
나무_11_여_13460.jpg,middle,center,y,y,y,n,y
나무_11_여_13524.jpg,middle,right,y,y,y,y,y
나무_11_여_13775.jpg,big,center,y,y,y,n,y
나무_11_여_13809.jpg,big,center,y,y,y,n,y
나무_11_여_13885.jpg,big,center,y,y,y,n,y
나무_11_여_13980.jpg,middle,left,y,y,y,n,y
나무_11_남_00015.jpg,big,center,y,y,y,n,y
나무_11_남_00036.jpg,middle,center,y,y,y,n,y
나무_11_남_00131.jpg,middle,left,y,y,y,n,y
나무_11_남_00150.jpg,big,center,y,y,y,y,y
나무_11_남_00189.jpg,middle,center,y,y,y,y,y
나무_11_남_00247.jpg,middle,center,y,y,y,n,y
나무_11_남_00342.jpg,middle,center,y,y,y,n,y
나무_11_남_00344.jpg,big,center,y,y,y,n,y
나무_11_남_00359.jpg,small,left,y,y,y,n,y
나무_11_남_00384.jpg,middle,center,y,y,y,y,y
나무_11_남_00444.jpg,middle,center,y,y,n,n,y
나무_11_남_00557.jpg,middle,left,y,y,y,n,y
나무_11_남_00607.jpg,middle,center,y,y,y,n,y
나무_11_남_00788.jpg,middle,center,y,y,y,n,y
나무_11_남_00865.jpg,middle,center,y,y,y,n,y
나무_11_남_00884.jpg,middle,left,y,y,y,n,y
나무_11_남_00887.jpg,middle,center,y,y,y,y,y
나무_11_남_00952.jpg,middle,left,y,y,y,n,y
나무_11_남_00964.jpg,big,center,y,y,y,y,y
나무_11_남_01005.jpg,big,center,y,y,y,y,y
나무_11_남_01019.jpg,big,center,y,y,y,n,y
나무_11_남_01023.jpg,middle,center,y,y,y,y,y
나무_11_남_01145.jpg,big,center,y,y,y,y,y
나무_11_남_01417.jpg,middle,center,y,y,y,n,y
나무_11_남_01486.jpg,middle,center,y,y,y,n,y
나무_11_남_01527.jpg,big,center,y,y,y,n,y
나무_11_남_01600.jpg,middle,center,y,y,y,n,y
나무_11_남_01697.jpg,middle,left,y,y,y,y,y
나무_11_남_01722.jpg,middle,center,y,y,y,n,y
나무_11_남_01828.jpg,middle,center,y,y,y,n,y
나무_11_남_01902.jpg,middle,center,y,y,y,n,y
나무_11_남_02178.jpg,big,center,y,y,y,n,y
나무_11_남_02261.jpg,middle,right,y,y,y,n,y
나무_11_남_02356.jpg,big,center,y,y,y,n,y
나무_11_남_02437.jpg,middle,center,y,y,y,n,y
나무_11_남_02522.jpg,big,center,y,y,y,n,y
나무_11_남_02572.jpg,middle,center,y,y,y,n,y
나무_11_남_02579.jpg,middle,center,y,y,y,n,y
나무_11_남_02591.jpg,middle,left,y,y,y,n,y
나무_11_남_02616.jpg,middle,center,y,y,y,n,y
나무_11_남_02754.jpg,middle,center,y,y,y,n,y
나무_11_남_02772.jpg,big,center,y,y,y,y,n
나무_11_남_02817.jpg,middle,center,y,y,y,n,y
나무_11_남_02878.jpg,big,center,y,y,y,y,y
나무_11_남_02891.jpg,big,center,y,y,y,n,y
나무_11_남_02921.jpg,middle,center,y,y,y,n,y
나무_11_남_02998.jpg,middle,center,y,y,y,n,y
나무_11_남_03027.jpg,big,center,y,y,y,n,y
나무_11_남_03094.jpg,middle,center,y,y,y,n,y
나무_11_남_03133.jpg,middle,center,y,n,y,y,y
나무_11_남_03254.jpg,big,center,y,y,y,n,y
나무_11_남_03281.jpg,middle,center,y,y,y,y,y
나무_11_남_03346.jpg,middle,center,y,y,y,y,y
나무_11_남_03361.jpg,big,center,y,y,y,y,y
나무_11_남_03383.jpg,small,right,y,y,y,n,y
나무_11_남_03419.jpg,small,left,y,y,y,n,y
나무_11_남_03549.jpg,big,center,y,y,y,n,y
나무_11_남_03637.jpg,big,center,y,y,y,n,y
나무_11_남_03722.jpg,small,center,y,y,y,y,y
나무_11_남_03736.jpg,middle,center,y,y,y,n,y
나무_11_남_03777.jpg,middle,center,y,y,y,n,y
나무_11_남_03802.jpg,big,center,y,y,y,y,y
나무_11_남_03815.jpg,big,center,y,y,y,y,y
나무_11_남_03848.jpg,big,center,y,y,y,y,y
나무_11_남_03903.jpg,middle,center,y,y,y,n,y
나무_11_남_03930.jpg,big,center,y,y,y,n,y
나무_11_남_03940.jpg,middle,center,y,y,y,n,y
나무_11_남_03943.jpg,big,center,y,y,y,n,y
나무_11_남_03952.jpg,middle,left,y,y,y,n,y
나무_11_남_04028.jpg,middle,center,y,y,y,n,y
나무_11_남_04044.jpg,middle,center,y,y,y,n,y
나무_11_남_04109.jpg,big,center,y,y,y,n,y
나무_11_남_04301.jpg,big,center,y,y,y,n,y
나무_11_남_04307.jpg,middle,center,y,y,y,y,y
나무_11_남_04401.jpg,middle,center,y,y,y,n,y
나무_11_남_04410.jpg,middle,center,y,y,y,n,y
나무_11_남_04440.jpg,middle,center,y,y,y,n,y
나무_11_남_04572.jpg,middle,center,y,y,y,n,y
나무_11_남_04607.jpg,big,center,y,y,y,y,y
나무_11_남_04620.jpg,middle,center,y,y,n,n,y
나무_11_남_04628.jpg,big,center,y,y,y,n,y
나무_11_남_04697.jpg,middle,center,y,y,y,n,y
나무_11_남_04729.jpg,middle,center,y,y,y,n,y
나무_11_남_04921.jpg,small,center,y,y,y,y,y
나무_11_남_05023.jpg,middle,center,y,y,y,n,y
나무_11_남_05071.jpg,middle,center,y,y,y,n,y
나무_11_남_05135.jpg,big,center,y,y,y,n,y
나무_11_남_05239.jpg,small,left,y,y,n,y,y
나무_11_남_05396.jpg,big,center,y,y,y,y,y
나무_11_남_05510.jpg,middle,center,y,y,y,n,y
나무_11_남_05645.jpg,middle,center,y,y,y,n,y
나무_11_남_05949.jpg,big,center,y,y,y,n,y
나무_11_남_06005.jpg,big,center,y,y,y,y,y
나무_11_남_06080.jpg,small,left,y,y,y,n,y
나무_11_남_06096.jpg,middle,left,y,y,n,n,y
나무_11_남_06142.jpg,middle,center,y,y,y,n,y
나무_11_남_06173.jpg,middle,center,y,y,y,n,y
나무_11_남_06324.jpg,middle,center,y,y,y,y,y
나무_11_남_06339.jpg,big,center,y,y,y,y,y
나무_11_남_06436.jpg,middle,center,y,y,y,y,y
나무_11_남_06457.jpg,middle,center,y,y,y,n,y
나무_11_남_06502.jpg,big,center,y,y,y,n,y
나무_11_남_06510.jpg,middle,left,y,y,y,n,y
나무_11_남_06513.jpg,middle,center,y,y,y,n,y
나무_11_남_06531.jpg,big,center,y,y,y,n,y
나무_11_남_06559.jpg,big,center,y,y,y,n,y
나무_11_남_06571.jpg,big,center,y,y,y,n,y
나무_11_남_06707.jpg,big,center,y,y,y,n,y
나무_11_남_06713.jpg,big,center,y,y,y,n,y
나무_11_남_06726.jpg,big,center,y,y,y,n,y
나무_11_남_06766.jpg,big,center,y,y,y,n,y
나무_11_남_06768.jpg,middle,right,y,y,y,n,y
나무_11_남_06773.jpg,small,center,y,y,y,n,y
나무_11_남_06788.jpg,middle,center,y,y,y,n,y
나무_11_남_06859.jpg,middle,center,y,y,y,n,y
나무_11_남_06877.jpg,big,center,y,y,y,n,y
나무_11_남_06900.jpg,middle,center,y,y,n,n,y
나무_11_남_06933.jpg,middle,center,y,y,y,y,y
나무_11_남_07106.jpg,middle,center,y,y,n,n,y
나무_11_남_07149.jpg,middle,center,n,y,y,n,y
나무_11_남_07256.jpg,big,center,y,y,y,n,y
나무_11_남_07280.jpg,middle,center,y,y,y,n,y
나무_11_남_07298.jpg,middle,center,y,y,y,n,y
나무_11_남_07309.jpg,middle,center,y,y,n,n,y
나무_11_남_07367.jpg,middle,center,y,y,y,n,y
나무_11_남_07441.jpg,middle,center,y,y,y,n,y
나무_11_남_07510.jpg,big,center,y,y,y,n,y
나무_11_남_07519.jpg,big,center,y,y,y,n,y
나무_11_남_07550.jpg,middle,center,y,y,y,n,y
나무_11_남_07594.jpg,middle,center,y,y,y,n,y
나무_11_남_07641.jpg,middle,center,y,y,y,n,y
나무_11_남_07719.jpg,middle,center,y,y,y,n,y
나무_11_남_07778.jpg,middle,center,y,y,y,n,y
나무_11_남_07863.jpg,middle,center,y,y,y,n,y
나무_11_남_07865.jpg,middle,left,y,y,y,n,y
나무_11_남_07893.jpg,middle,center,y,y,y,y,y
나무_11_남_07988.jpg,middle,center,y,y,y,y,y
나무_11_남_08025.jpg,middle,center,y,y,y,n,y
나무_11_남_08118.jpg,big,center,y,y,y,n,y
나무_11_남_08156.jpg,middle,center,y,y,y,n,y
나무_11_남_08198.jpg,middle,center,y,y,y,n,y
나무_11_남_08204.jpg,middle,left,y,y,y,n,y
나무_11_남_08213.jpg,middle,center,y,y,y,n,y
나무_11_남_08264.jpg,big,center,y,y,n,n,y
나무_11_남_08294.jpg,middle,center,y,y,y,n,y
나무_11_남_08372.jpg,small,center,y,y,y,n,y
나무_11_남_08422.jpg,middle,left,y,y,y,y,y
나무_11_남_08449.jpg,big,center,y,y,y,y,y
나무_11_남_08579.jpg,middle,center,y,y,y,n,y
나무_11_남_08626.jpg,middle,center,y,y,y,n,y
나무_11_남_08690.jpg,middle,center,y,y,y,n,y
나무_11_남_08703.jpg,middle,center,y,y,y,n,y
나무_11_남_08850.jpg,middle,center,y,y,y,n,y
나무_11_남_09046.jpg,middle,center,y,y,y,n,y
나무_11_남_09090.jpg,middle,center,y,y,y,n,y
나무_11_남_09170.jpg,middle,center,y,y,y,n,y
나무_11_남_09182.jpg,middle,center,y,y,y,n,y
나무_11_남_09197.jpg,big,center,y,y,n,y,y
나무_11_남_09210.jpg,big,center,y,y,y,n,y
나무_11_남_09217.jpg,big,center,y,y,y,y,y
나무_11_남_09247.jpg,middle,center,y,y,y,n,y
나무_11_남_09275.jpg,middle,left,y,y,y,n,y
나무_11_남_09293.jpg,middle,center,y,y,y,n,y
나무_11_남_09342.jpg,middle,center,y,y,y,n,y
나무_11_남_09395.jpg,big,center,y,y,y,n,y
나무_11_남_09598.jpg,middle,center,y,y,y,n,y
나무_11_남_09615.jpg,middle,center,y,y,y,y,y
나무_11_남_09655.jpg,middle,center,y,y,y,n,y
나무_11_남_09788.jpg,middle,center,y,y,n,n,y
나무_11_남_09854.jpg,middle,center,y,y,y,n,y
나무_11_남_09867.jpg,middle,left,y,y,y,n,y
나무_11_남_09927.jpg,middle,center,y,y,y,n,y
나무_11_남_09956.jpg,middle,center,y,y,y,n,y
나무_11_남_09959.jpg,big,center,y,y,n,y,y
나무_11_남_09961.jpg,middle,center,y,y,y,n,y
나무_11_남_10088.jpg,big,center,y,y,y,y,y
나무_11_남_10109.jpg,small,center,y,y,y,y,y
나무_11_남_10134.jpg,middle,center,y,y,y,n,y
나무_11_남_10244.jpg,middle,left,y,y,y,n,y
나무_11_남_10307.jpg,middle,center,y,y,y,n,y
나무_11_남_10321.jpg,middle,center,y,y,y,n,y
나무_11_남_10410.jpg,big,center,y,y,y,n,y
나무_11_남_10436.jpg,middle,center,y,y,y,y,y
나무_11_남_10484.jpg,middle,center,y,y,y,y,y
나무_11_남_10577.jpg,small,left,y,y,n,y,y
나무_11_남_10646.jpg,big,center,y,y,y,n,y
나무_11_남_10679.jpg,big,center,y,y,y,n,y
나무_11_남_10787.jpg,big,center,y,y,y,n,y
나무_11_남_10812.jpg,big,center,y,n,n,n,y
나무_11_남_10930.jpg,big,center,y,y,y,y,y
나무_11_남_10975.jpg,middle,center,y,y,y,n,y
나무_11_남_11077.jpg,middle,center,y,y,n,n,y
나무_11_남_11129.jpg,middle,center,y,y,y,y,y
나무_11_남_11183.jpg,middle,center,y,y,y,n,y
나무_11_남_11202.jpg,middle,center,y,y,y,n,y
나무_11_남_11275.jpg,middle,left,y,y,n,n,y
나무_11_남_11296.jpg,big,center,y,y,y,n,y
나무_11_남_11313.jpg,middle,center,y,y,y,n,y
나무_11_남_11456.jpg,middle,center,y,y,y,y,y
나무_11_남_11506.jpg,middle,center,y,y,y,y,y
나무_11_남_11534.jpg,middle,center,y,y,y,n,y
나무_11_남_11566.jpg,middle,center,y,y,y,n,y
나무_11_남_11574.jpg,middle,center,y,y,y,n,y
나무_11_남_11618.jpg,middle,center,y,y,y,n,y
나무_11_남_11682.jpg,middle,center,y,y,y,n,y
나무_11_남_11761.jpg,middle,center,y,y,y,n,y
나무_11_남_11784.jpg,middle,center,y,y,y,n,y
나무_11_남_12025.jpg,small,left,y,y,y,n,y
나무_11_남_12067.jpg,middle,center,y,y,y,n,y
나무_11_남_12089.jpg,middle,center,y,y,y,n,y
나무_11_남_12104.jpg,middle,center,y,y,y,y,y
나무_11_남_12144.jpg,middle,center,y,y,y,n,y
나무_11_남_12189.jpg,middle,center,y,y,y,y,y
나무_11_남_12269.jpg,middle,center,y,y,y,n,y
나무_11_남_12288.jpg,big,center,y,y,y,n,y
나무_11_남_12324.jpg,middle,center,y,y,n,n,y
나무_11_남_12380.jpg,middle,left,y,y,n,n,y
나무_11_남_12562.jpg,big,center,y,y,y,n,y
나무_11_남_12567.jpg,middle,center,y,y,y,n,y
나무_11_남_12587.jpg,middle,center,y,y,y,n,y
나무_11_남_12598.jpg,big,center,y,y,y,n,y
나무_11_남_12889.jpg,middle,center,y,y,y,y,y
나무_11_남_12910.jpg,middle,center,y,y,y,n,y
나무_11_남_12924.jpg,big,left,y,y,y,y,y
나무_11_남_13012.jpg,middle,center,y,y,y,n,y
나무_11_남_13036.jpg,middle,center,y,y,y,n,y
나무_11_남_13057.jpg,middle,center,y,y,y,y,y
나무_11_남_13137.jpg,middle,left,y,y,y,n,y
나무_11_남_13317.jpg,middle,center,y,y,y,n,y
나무_11_남_13358.jpg,middle,center,y,y,y,y,y
나무_11_남_13399.jpg,middle,center,y,y,y,n,y
나무_11_남_13432.jpg,big,center,y,y,y,y,y
나무_11_남_13522.jpg,big,center,y,y,y,y,y
나무_11_남_13548.jpg,big,center,y,y,y,n,y
나무_11_남_13550.jpg,middle,center,y,y,y,y,y
나무_11_남_13663.jpg,big,center,y,y,y,n,y
나무_11_남_13683.jpg,middle,center,y,y,y,y,y
나무_11_남_13799.jpg,middle,center,y,y,y,n,y
나무_11_남_13810.jpg,middle,left,y,y,n,n,y
나무_11_남_13813.jpg,middle,left,y,y,y,n,y
나무_11_남_13826.jpg,middle,center,y,y,y,n,y
나무_11_남_13861.jpg,middle,center,y,y,y,n,y
나무_11_남_13923.jpg,small,center,y,y,y,n,y
나무_11_남_13951.jpg,small,center,y,y,y,n,y
나무_11_남_13959.jpg,big,center,y,y,y,y,y
나무_12_여_00086.jpg,big,center,y,y,y,n,y
나무_12_여_00088.jpg,small,center,y,y,n,n,y
나무_12_여_00203.jpg,big,center,y,y,y,n,y
나무_12_여_00254.jpg,middle,center,y,y,y,n,y
나무_12_여_00360.jpg,middle,center,y,y,y,n,y
나무_12_여_00366.jpg,middle,center,y,y,y,y,y
나무_12_여_00394.jpg,big,center,y,y,y,y,y
나무_12_여_00448.jpg,middle,center,y,y,y,y,y
나무_12_여_00493.jpg,big,center,y,y,y,n,y
나무_12_여_00507.jpg,middle,center,y,y,y,n,y
나무_12_여_00529.jpg,middle,left,y,y,y,y,y
나무_12_여_00582.jpg,middle,center,y,y,y,y,y
나무_12_여_00654.jpg,big,center,y,y,y,y,y
나무_12_여_00689.jpg,middle,center,y,y,y,y,y
나무_12_여_00696.jpg,middle,center,y,y,y,n,y
나무_12_여_00708.jpg,big,center,y,y,y,n,y
나무_12_여_00739.jpg,big,center,y,y,y,y,y
나무_12_여_00965.jpg,middle,center,y,y,y,y,y
나무_12_여_00994.jpg,middle,center,y,y,y,n,y
나무_12_여_01044.jpg,middle,left,y,y,y,n,y
나무_12_여_01048.jpg,middle,left,y,y,n,n,y
나무_12_여_01053.jpg,middle,center,y,y,y,n,y
나무_12_여_01123.jpg,middle,center,y,y,y,n,y
나무_12_여_01174.jpg,middle,left,y,y,y,n,y
나무_12_여_01210.jpg,middle,center,y,y,y,n,y
나무_12_여_01250.jpg,middle,center,y,y,y,y,y
나무_12_여_01318.jpg,middle,center,y,y,y,n,y
나무_12_여_01346.jpg,middle,center,y,y,y,n,y
나무_12_여_01414.jpg,middle,center,y,y,y,y,y
나무_12_여_01423.jpg,middle,center,y,y,y,y,y
나무_12_여_01431.jpg,big,center,y,y,y,y,y
나무_12_여_01446.jpg,middle,center,y,y,y,y,y
나무_12_여_01489.jpg,big,left,y,y,y,n,y
나무_12_여_01521.jpg,big,center,y,y,y,n,y
나무_12_여_01597.jpg,middle,center,y,y,y,n,y
나무_12_여_01623.jpg,middle,center,y,y,y,y,y
나무_12_여_01645.jpg,small,center,y,y,y,n,y
나무_12_여_01653.jpg,middle,center,y,y,y,n,y
나무_12_여_01676.jpg,middle,center,y,y,y,n,y
나무_12_여_01717.jpg,middle,center,y,y,y,y,y
나무_12_여_01732.jpg,middle,center,y,y,y,n,y
나무_12_여_01773.jpg,middle,center,y,y,y,n,y
나무_12_여_01814.jpg,small,center,y,y,y,y,y
나무_12_여_01816.jpg,middle,left,y,y,y,y,y
나무_12_여_01829.jpg,big,center,y,y,y,y,y
나무_12_여_01880.jpg,middle,left,y,y,y,y,y
나무_12_여_01927.jpg,big,left,y,y,y,y,y
나무_12_여_01992.jpg,big,center,y,y,y,n,y
나무_12_여_02079.jpg,big,center,y,y,n,n,y
나무_12_여_02314.jpg,middle,center,y,y,y,n,y
나무_12_여_02328.jpg,big,center,y,y,y,y,y
나무_12_여_02394.jpg,middle,left,y,y,y,n,y
나무_12_여_02400.jpg,big,center,y,y,y,n,y
나무_12_여_02540.jpg,middle,center,y,y,y,n,y
나무_12_여_02546.jpg,big,center,y,y,y,y,y
나무_12_여_02589.jpg,big,center,y,y,y,n,y
나무_12_여_02725.jpg,big,center,y,y,y,n,y
나무_12_여_02778.jpg,middle,left,y,y,y,n,y
나무_12_여_02953.jpg,middle,left,y,y,y,n,y
나무_12_여_02985.jpg,big,center,y,y,y,y,y
나무_12_여_03004.jpg,big,center,y,y,y,y,y
나무_12_여_03075.jpg,middle,center,y,y,y,n,y
나무_12_여_03155.jpg,middle,center,y,y,y,n,y
나무_12_여_03236.jpg,middle,center,y,y,y,y,y
나무_12_여_03241.jpg,big,center,y,y,y,y,y
나무_12_여_03262.jpg,middle,center,y,y,y,n,y
나무_12_여_03326.jpg,big,center,y,y,y,n,y
나무_12_여_03423.jpg,middle,center,y,y,y,n,y
나무_12_여_03429.jpg,middle,left,y,y,y,y,y
나무_12_여_03456.jpg,big,center,y,y,y,n,y
나무_12_여_03487.jpg,middle,center,y,y,y,y,y
나무_12_여_03534.jpg,big,center,y,y,y,n,y
나무_12_여_03670.jpg,middle,center,y,y,y,n,y
나무_12_여_03857.jpg,middle,center,y,y,y,n,y
나무_12_여_03866.jpg,middle,center,y,y,y,n,y
나무_12_여_03879.jpg,middle,left,y,y,y,n,y
나무_12_여_03902.jpg,middle,center,y,y,y,y,y
나무_12_여_03917.jpg,middle,center,y,y,y,n,y
나무_12_여_03921.jpg,big,center,y,y,y,y,y
나무_12_여_03978.jpg,middle,center,y,y,y,y,y
나무_12_여_03996.jpg,middle,center,y,y,y,y,y
나무_12_여_04140.jpg,big,center,y,y,y,n,y
나무_12_여_04161.jpg,middle,center,y,y,y,n,y
나무_12_여_04183.jpg,middle,left,y,y,y,n,y
나무_12_여_04207.jpg,big,center,y,y,y,n,y
나무_12_여_04235.jpg,big,center,y,y,y,y,y
나무_12_여_04273.jpg,big,center,y,y,y,n,y
나무_12_여_04303.jpg,big,center,y,y,y,n,y
나무_12_여_04309.jpg,big,center,y,y,y,n,y
나무_12_여_04369.jpg,big,center,y,y,y,n,y
나무_12_여_04382.jpg,middle,center,y,y,y,y,y
나무_12_여_04431.jpg,middle,left,y,y,y,y,y
나무_12_여_04432.jpg,big,center,y,y,y,n,y
나무_12_여_04463.jpg,big,center,y,y,y,n,y
나무_12_여_04468.jpg,big,center,y,y,y,y,y
나무_12_여_04473.jpg,middle,center,y,y,y,y,y
나무_12_여_04559.jpg,big,center,y,y,y,n,y
나무_12_여_04568.jpg,middle,center,y,y,y,n,y
나무_12_여_04693.jpg,middle,center,y,y,y,y,y
나무_12_여_04715.jpg,middle,center,y,y,y,n,y
나무_12_여_04743.jpg,middle,center,n,y,y,n,y
나무_12_여_04784.jpg,middle,right,y,y,y,n,y
나무_12_여_04832.jpg,middle,center,y,y,y,n,y
나무_12_여_04941.jpg,middle,left,y,y,n,n,y
나무_12_여_05020.jpg,middle,center,y,y,y,n,y
나무_12_여_05075.jpg,big,center,y,y,y,y,y
나무_12_여_05095.jpg,middle,center,y,y,y,n,y
나무_12_여_05166.jpg,middle,center,y,y,y,n,y
나무_12_여_05220.jpg,big,center,y,y,y,n,y
나무_12_여_05258.jpg,middle,center,y,y,y,n,y
나무_12_여_05283.jpg,big,center,y,y,y,y,y
나무_12_여_05522.jpg,middle,center,y,y,y,n,y
나무_12_여_05591.jpg,middle,left,y,y,y,n,y
나무_12_여_05628.jpg,big,center,y,y,y,y,y
나무_12_여_05696.jpg,middle,center,y,y,y,y,y
나무_12_여_05730.jpg,big,center,y,y,y,n,y
나무_12_여_05810.jpg,middle,center,y,y,y,n,y
나무_12_여_05859.jpg,middle,left,y,y,y,n,y
나무_12_여_05873.jpg,middle,center,y,y,y,n,y
나무_12_여_05916.jpg,middle,left,y,y,y,y,y
나무_12_여_06039.jpg,middle,center,y,y,y,n,y
나무_12_여_06044.jpg,middle,center,y,y,y,y,y
나무_12_여_06126.jpg,middle,center,y,y,y,y,y
나무_12_여_06167.jpg,big,center,y,y,y,n,y
나무_12_여_06197.jpg,middle,center,y,y,y,n,y
나무_12_여_06287.jpg,big,center,y,y,y,n,y
나무_12_여_06343.jpg,middle,center,y,y,y,n,y
나무_12_여_06379.jpg,middle,center,y,y,y,y,y
나무_12_여_06396.jpg,big,center,y,y,y,n,y
나무_12_여_06421.jpg,big,center,y,y,y,y,y
나무_12_여_06518.jpg,big,center,y,y,y,n,y
나무_12_여_06560.jpg,middle,center,y,y,y,n,y
나무_12_여_06692.jpg,middle,center,y,y,y,n,y
나무_12_여_06710.jpg,big,center,y,y,y,n,y
나무_12_여_06717.jpg,middle,center,y,y,n,n,y
나무_12_여_06730.jpg,middle,center,y,y,y,n,y
나무_12_여_06790.jpg,big,center,y,y,y,n,y
나무_12_여_06800.jpg,middle,center,y,y,y,n,y
나무_12_여_06808.jpg,middle,center,y,y,y,n,y
나무_12_여_06856.jpg,big,center,y,y,y,n,y
나무_12_여_06868.jpg,middle,center,y,y,y,n,y
나무_12_여_06889.jpg,middle,right,y,y,y,n,y
나무_12_여_06903.jpg,middle,center,y,y,y,n,y
나무_12_여_07023.jpg,middle,center,y,y,y,n,y
나무_12_여_07033.jpg,big,center,y,y,y,n,y
나무_12_여_07073.jpg,big,center,y,y,y,n,y
나무_12_여_07164.jpg,middle,center,y,y,n,n,y
나무_12_여_07275.jpg,middle,center,y,y,y,n,y
나무_12_여_07289.jpg,middle,center,y,y,y,n,y
나무_12_여_07417.jpg,big,center,y,y,y,n,y
나무_12_여_07432.jpg,middle,center,y,y,y,n,y
나무_12_여_07471.jpg,middle,center,y,y,y,y,y
나무_12_여_07496.jpg,big,center,y,y,y,n,y
나무_12_여_07527.jpg,middle,right,y,y,y,n,y
나무_12_여_07531.jpg,big,center,y,y,y,n,y
나무_12_여_07538.jpg,big,center,y,y,y,n,y
나무_12_여_07540.jpg,middle,center,y,y,y,y,y
나무_12_여_07563.jpg,middle,center,y,y,y,n,y
나무_12_여_07690.jpg,middle,left,y,y,y,n,y
나무_12_여_07769.jpg,big,center,y,y,y,y,y
나무_12_여_07796.jpg,big,center,y,y,y,n,y
나무_12_여_07828.jpg,middle,center,y,y,n,n,y
나무_12_여_07830.jpg,small,left,y,y,y,n,y
나무_12_여_07857.jpg,middle,center,y,y,y,n,y
나무_12_여_07895.jpg,middle,left,y,y,y,n,y
나무_12_여_07904.jpg,middle,center,y,y,y,y,y
나무_12_여_08013.jpg,middle,center,y,y,y,y,y
나무_12_여_08019.jpg,middle,center,y,y,n,n,y
나무_12_여_08031.jpg,middle,center,y,y,y,n,y
나무_12_여_08100.jpg,big,center,y,y,y,y,y
나무_12_여_08103.jpg,big,center,y,y,y,n,y
나무_12_여_08123.jpg,big,center,y,y,y,n,y
나무_12_여_08255.jpg,middle,center,y,y,y,n,y
나무_12_여_08321.jpg,big,center,y,y,y,n,y
나무_12_여_08340.jpg,middle,center,y,y,y,n,y
나무_12_여_08512.jpg,big,center,y,y,y,n,y
나무_12_여_08536.jpg,big,center,y,y,y,n,y
나무_12_여_08592.jpg,middle,center,y,y,y,n,y
나무_12_여_08599.jpg,big,center,y,y,y,n,y
나무_12_여_08623.jpg,middle,center,y,y,y,n,y
나무_12_여_08641.jpg,big,center,y,y,y,n,y
나무_12_여_08654.jpg,middle,center,y,y,n,n,y
나무_12_여_08730.jpg,middle,center,y,y,y,n,y
나무_12_여_08876.jpg,middle,left,y,y,y,n,y
나무_12_여_08956.jpg,middle,center,y,y,y,n,y
나무_12_여_08961.jpg,middle,center,y,y,y,y,y
나무_12_여_08981.jpg,middle,center,y,y,y,n,y
나무_12_여_09045.jpg,big,center,y,y,y,n,y
나무_12_여_09058.jpg,middle,center,y,y,y,n,y
나무_12_여_09074.jpg,middle,center,y,y,n,n,y
나무_12_여_09123.jpg,middle,center,y,y,y,n,y
나무_12_여_09154.jpg,middle,center,y,y,y,n,y
나무_12_여_09261.jpg,big,center,y,y,y,n,y
나무_12_여_09290.jpg,middle,center,y,y,y,n,y
나무_12_여_09320.jpg,middle,left,y,y,y,n,y
나무_12_여_09357.jpg,big,center,y,y,y,n,y
나무_12_여_09358.jpg,big,center,y,y,y,n,y
나무_12_여_09365.jpg,middle,left,y,y,y,n,y
나무_12_여_09414.jpg,big,center,y,y,y,y,n
나무_12_여_09417.jpg,middle,center,y,y,y,n,y
나무_12_여_09461.jpg,middle,center,y,y,y,y,y
나무_12_여_09640.jpg,middle,right,y,y,y,y,y
나무_12_여_09781.jpg,small,left,y,y,y,n,y
나무_12_여_09866.jpg,big,center,y,y,y,y,y
나무_12_여_09924.jpg,middle,center,y,y,y,n,y
나무_12_여_09948.jpg,big,center,y,y,y,n,y
나무_12_여_10019.jpg,small,center,y,y,y,n,y
나무_12_여_10040.jpg,middle,center,y,y,y,n,y
나무_12_여_10129.jpg,middle,center,y,y,y,n,y
나무_12_여_10132.jpg,big,center,y,y,n,n,y
나무_12_여_10135.jpg,middle,center,y,y,y,y,y
나무_12_여_10150.jpg,middle,center,y,y,y,n,y
나무_12_여_10166.jpg,big,center,y,y,y,n,y
나무_12_여_10212.jpg,big,center,y,y,y,y,y
나무_12_여_10266.jpg,middle,right,y,y,y,y,y
나무_12_여_10270.jpg,big,center,y,y,y,n,y
나무_12_여_10280.jpg,middle,center,y,y,y,n,y
나무_12_여_10344.jpg,big,center,y,y,y,n,y
나무_12_여_10383.jpg,big,center,y,y,y,n,y
나무_12_여_10399.jpg,middle,center,y,y,y,y,y
나무_12_여_10491.jpg,big,center,y,y,y,n,y
나무_12_여_10492.jpg,big,center,y,y,n,n,y
나무_12_여_10493.jpg,big,center,y,y,y,n,y
나무_12_여_10534.jpg,middle,center,y,y,y,n,y
나무_12_여_10547.jpg,middle,right,y,y,n,n,y
나무_12_여_10558.jpg,big,center,y,y,n,y,y
나무_12_여_10607.jpg,middle,center,y,y,y,n,y
나무_12_여_10727.jpg,middle,left,y,y,y,n,y
나무_12_여_10802.jpg,small,left,y,y,y,n,y
나무_12_여_10844.jpg,big,center,y,y,y,y,y
나무_12_여_10847.jpg,middle,center,y,y,y,n,y
나무_12_여_10921.jpg,big,center,y,y,y,y,y
나무_12_여_10945.jpg,middle,left,y,y,n,n,y
나무_12_여_11010.jpg,big,center,y,y,y,n,y
나무_12_여_11031.jpg,middle,center,y,y,y,n,y
나무_12_여_11164.jpg,middle,left,y,y,y,n,y
나무_12_여_11190.jpg,big,center,y,y,y,n,y
나무_12_여_11195.jpg,middle,center,y,y,y,y,y
나무_12_여_11221.jpg,big,center,y,y,y,y,y
나무_12_여_11224.jpg,middle,center,y,y,y,y,y
나무_12_여_11247.jpg,middle,center,y,y,y,n,y
나무_12_여_11251.jpg,middle,center,y,y,y,n,y
나무_12_여_11271.jpg,big,center,y,y,y,n,y
나무_12_여_11368.jpg,middle,center,y,y,y,y,y
나무_12_여_11408.jpg,big,center,y,y,y,n,y
나무_12_여_11410.jpg,small,left,y,y,y,n,y
나무_12_여_11445.jpg,middle,center,y,y,y,n,y
나무_12_여_11485.jpg,big,center,y,y,y,n,y
나무_12_여_11588.jpg,middle,center,y,y,y,n,y
나무_12_여_11605.jpg,big,center,y,y,y,y,y
나무_12_여_11622.jpg,middle,center,y,y,y,y,y
나무_12_여_11666.jpg,middle,center,y,y,y,n,y
나무_12_여_11703.jpg,big,center,y,y,y,n,y
나무_12_여_11708.jpg,middle,right,y,y,y,n,y
나무_12_여_11719.jpg,big,center,y,y,y,n,y
나무_12_여_11767.jpg,middle,left,y,y,y,n,y
나무_12_여_11802.jpg,middle,center,y,y,y,y,y
나무_12_여_11865.jpg,middle,center,y,y,y,y,y
나무_12_여_11903.jpg,middle,center,y,y,y,n,y
나무_12_여_11928.jpg,middle,center,y,y,y,n,y
나무_12_여_12004.jpg,middle,right,y,y,y,n,y
나무_12_여_12011.jpg,middle,center,y,y,y,y,y
나무_12_여_12034.jpg,middle,center,y,y,y,n,y
나무_12_여_12039.jpg,middle,left,y,y,y,n,y
나무_12_여_12159.jpg,middle,center,y,y,y,n,y
나무_12_여_12166.jpg,middle,center,y,y,y,y,y
나무_12_여_12172.jpg,middle,center,y,y,y,n,y
나무_12_여_12203.jpg,middle,center,y,y,y,n,y
나무_12_여_12218.jpg,big,center,y,y,y,y,y
나무_12_여_12264.jpg,big,center,y,y,y,n,y
나무_12_여_12293.jpg,big,center,y,y,y,n,y
나무_12_여_12294.jpg,small,left,y,y,y,n,y
나무_12_여_12300.jpg,big,right,y,y,y,n,y
나무_12_여_12301.jpg,middle,center,y,y,y,n,y
나무_12_여_12384.jpg,big,center,y,y,y,y,y
나무_12_여_12389.jpg,big,center,y,y,y,n,y
나무_12_여_12397.jpg,middle,right,y,y,y,n,y
나무_12_여_12399.jpg,middle,right,y,y,y,n,y
나무_12_여_12426.jpg,middle,center,y,y,y,n,y
나무_12_여_12448.jpg,middle,center,y,y,y,n,y
나무_12_여_12478.jpg,middle,center,y,y,y,n,y
나무_12_여_12518.jpg,middle,center,y,y,y,n,y
나무_12_여_12571.jpg,big,center,y,y,y,n,y
나무_12_여_12647.jpg,middle,center,y,y,y,n,y
나무_12_여_12660.jpg,middle,center,y,y,y,n,y
나무_12_여_12672.jpg,big,center,y,y,y,n,y
나무_12_여_12701.jpg,big,center,y,y,y,n,y
나무_12_여_12728.jpg,big,center,y,y,y,y,y
나무_12_여_12742.jpg,big,center,y,y,y,y,y
나무_12_여_12761.jpg,middle,left,y,y,y,n,y
나무_12_여_12770.jpg,big,center,y,y,y,n,y
나무_12_여_12888.jpg,big,center,y,y,y,n,y
나무_12_여_12901.jpg,big,center,y,y,y,n,y
나무_12_여_12941.jpg,middle,center,y,y,y,n,y
나무_12_여_12946.jpg,big,center,y,y,y,n,y
나무_12_여_12957.jpg,big,center,y,y,y,y,y
나무_12_여_12993.jpg,big,center,y,y,y,y,y
나무_12_여_13026.jpg,middle,center,y,y,y,n,y
나무_12_여_13089.jpg,big,center,y,y,y,n,y
나무_12_여_13164.jpg,big,center,y,y,y,y,y
나무_12_여_13168.jpg,middle,center,y,y,y,n,y
나무_12_여_13174.jpg,big,center,y,y,y,n,y
나무_12_여_13223.jpg,middle,center,y,y,y,y,y
나무_12_여_13329.jpg,big,center,y,y,y,n,y
나무_12_여_13479.jpg,middle,center,y,y,y,n,y
나무_12_여_13509.jpg,big,center,y,y,y,y,y
나무_12_여_13566.jpg,middle,center,y,y,y,n,y
나무_12_여_13617.jpg,middle,right,y,y,y,y,y
나무_12_여_13651.jpg,middle,center,y,y,y,n,y
나무_12_여_13659.jpg,middle,center,y,y,y,n,y
나무_12_여_13678.jpg,middle,center,y,y,y,y,y
나무_12_여_13732.jpg,middle,center,y,y,y,n,y
나무_12_여_13916.jpg,middle,left,y,y,y,n,y
나무_12_여_13924.jpg,middle,center,y,y,y,n,y
나무_12_여_13939.jpg,middle,center,y,y,y,n,y
나무_12_남_00066.jpg,middle,center,y,y,y,n,y
나무_12_남_00138.jpg,middle,center,y,y,y,n,y
나무_12_남_00283.jpg,big,center,y,y,y,n,y
나무_12_남_00286.jpg,big,center,y,y,y,n,y
나무_12_남_00335.jpg,middle,center,y,y,n,n,y
나무_12_남_00356.jpg,middle,left,y,y,y,n,y
나무_12_남_00472.jpg,middle,center,y,y,y,n,y
나무_12_남_00505.jpg,big,center,y,y,y,y,y
나무_12_남_00527.jpg,middle,left,y,y,y,y,y
나무_12_남_00577.jpg,middle,center,y,y,y,n,y
나무_12_남_00586.jpg,middle,left,y,y,y,n,y
나무_12_남_00642.jpg,middle,center,y,y,y,n,y
나무_12_남_00745.jpg,big,center,y,y,y,y,y
나무_12_남_00766.jpg,middle,center,y,y,y,n,y
나무_12_남_00854.jpg,middle,center,y,y,y,n,y
나무_12_남_00873.jpg,big,center,y,y,y,n,y
나무_12_남_00879.jpg,middle,center,y,y,y,y,y
나무_12_남_01101.jpg,big,center,y,y,y,n,y
나무_12_남_01242.jpg,big,center,y,y,y,n,y
나무_12_남_01361.jpg,middle,center,y,y,y,n,y
나무_12_남_01376.jpg,middle,center,y,y,y,n,y
나무_12_남_01391.jpg,middle,center,y,y,y,n,y
나무_12_남_01393.jpg,middle,center,y,y,y,n,y
나무_12_남_01399.jpg,big,center,y,y,y,n,y
나무_12_남_01479.jpg,big,center,y,y,y,y,y
나무_12_남_01541.jpg,big,center,y,y,y,n,y
나무_12_남_01652.jpg,middle,center,y,y,y,y,y
나무_12_남_01669.jpg,middle,center,y,y,y,n,y
나무_12_남_01843.jpg,middle,center,y,y,y,y,y
나무_12_남_01882.jpg,middle,center,y,y,y,n,y
나무_12_남_01938.jpg,middle,center,y,y,y,n,y
나무_12_남_01969.jpg,big,center,y,y,y,n,y
나무_12_남_01973.jpg,middle,center,y,y,y,n,y
나무_12_남_02036.jpg,middle,center,y,y,y,n,y
나무_12_남_02070.jpg,big,center,y,y,y,y,y
나무_12_남_02074.jpg,middle,center,y,y,y,y,y
나무_12_남_02132.jpg,big,center,y,y,y,n,y
나무_12_남_02144.jpg,big,center,y,y,y,n,y
나무_12_남_02165.jpg,middle,center,y,y,y,n,y
나무_12_남_02197.jpg,middle,center,y,y,y,n,y
나무_12_남_02210.jpg,big,center,y,y,y,n,y
나무_12_남_02240.jpg,middle,center,y,y,y,y,y
나무_12_남_02303.jpg,middle,center,y,y,y,n,y
나무_12_남_02382.jpg,middle,center,y,y,y,n,y
나무_12_남_02428.jpg,big,center,y,y,y,y,y
나무_12_남_02433.jpg,middle,center,y,y,y,y,y
나무_12_남_02443.jpg,middle,center,y,y,y,n,y
나무_12_남_02460.jpg,middle,right,y,y,y,y,y
나무_12_남_02575.jpg,big,center,y,y,y,n,y
나무_12_남_02609.jpg,small,left,y,y,y,n,y
나무_12_남_02647.jpg,middle,center,y,y,y,n,y
나무_12_남_02659.jpg,middle,center,y,y,y,n,y
나무_12_남_02741.jpg,middle,left,y,y,y,y,y
나무_12_남_02746.jpg,middle,center,y,y,y,n,y
나무_12_남_02934.jpg,middle,center,y,y,y,y,y
나무_12_남_03000.jpg,middle,left,y,y,y,y,y
나무_12_남_03013.jpg,middle,center,y,y,y,n,y
나무_12_남_03044.jpg,middle,center,y,y,y,n,y
나무_12_남_03235.jpg,big,center,y,y,y,n,y
나무_12_남_03323.jpg,big,center,y,y,y,y,y
나무_12_남_03324.jpg,big,center,y,y,y,n,y
나무_12_남_03337.jpg,middle,center,y,y,y,n,y
나무_12_남_03512.jpg,middle,center,y,y,y,y,n
나무_12_남_03564.jpg,middle,center,y,y,y,n,y
나무_12_남_03578.jpg,big,center,y,y,y,y,y
나무_12_남_03579.jpg,middle,center,y,y,y,y,y
나무_12_남_03699.jpg,big,center,y,y,y,n,y
나무_12_남_03829.jpg,middle,center,y,y,y,n,y
나무_12_남_03856.jpg,big,center,y,y,y,n,y
나무_12_남_03979.jpg,middle,center,y,y,y,n,y
나무_12_남_04010.jpg,middle,center,y,y,y,n,n
나무_12_남_04026.jpg,small,center,y,y,n,n,y
나무_12_남_04180.jpg,big,center,y,y,y,n,y
나무_12_남_04216.jpg,middle,center,y,y,y,n,y
나무_12_남_04241.jpg,middle,left,y,y,y,n,y
나무_12_남_04250.jpg,small,center,y,y,y,n,y
나무_12_남_04297.jpg,big,center,y,y,y,y,y
나무_12_남_04342.jpg,big,center,y,y,y,n,y
나무_12_남_04698.jpg,middle,center,y,y,y,n,y
나무_12_남_04788.jpg,middle,center,y,y,y,n,y
나무_12_남_04868.jpg,middle,center,y,y,y,y,y
나무_12_남_04977.jpg,big,center,y,y,y,y,y
나무_12_남_04989.jpg,big,center,y,y,y,y,y
나무_12_남_05099.jpg,small,left,y,y,y,n,y
나무_12_남_05134.jpg,middle,center,y,y,y,n,y
나무_12_남_05193.jpg,middle,center,y,y,y,n,y
나무_12_남_05204.jpg,big,center,y,y,y,n,y
나무_12_남_05236.jpg,middle,left,y,y,y,y,y
나무_12_남_05295.jpg,middle,left,y,y,y,n,y
나무_12_남_05371.jpg,middle,center,y,y,y,n,y
나무_12_남_05415.jpg,middle,center,y,y,y,y,y
나무_12_남_05464.jpg,middle,center,y,y,y,n,y
나무_12_남_05587.jpg,middle,center,y,y,y,y,y
나무_12_남_05594.jpg,middle,center,y,y,y,n,y
나무_12_남_05598.jpg,big,center,y,y,y,n,y
나무_12_남_05609.jpg,middle,center,y,y,y,y,y
나무_12_남_05785.jpg,middle,center,y,y,y,n,y
나무_12_남_05832.jpg,big,center,y,y,y,n,y
나무_12_남_05852.jpg,middle,center,y,y,y,n,y
나무_12_남_05869.jpg,middle,center,y,y,y,y,y
나무_12_남_05942.jpg,big,center,y,y,y,y,y
나무_12_남_05958.jpg,middle,left,y,y,y,n,y
나무_12_남_06015.jpg,middle,center,y,y,y,n,y
나무_12_남_06045.jpg,middle,center,y,y,y,y,y
나무_12_남_06061.jpg,middle,center,y,y,y,n,y
나무_12_남_06174.jpg,middle,center,y,y,y,n,y
나무_12_남_06190.jpg,middle,center,y,y,y,n,y
나무_12_남_06246.jpg,middle,center,y,y,y,n,y
나무_12_남_06302.jpg,middle,center,y,y,y,n,y
나무_12_남_06427.jpg,middle,center,y,y,y,y,y
나무_12_남_06562.jpg,middle,left,y,y,y,n,y
나무_12_남_06588.jpg,big,center,y,y,y,n,y
나무_12_남_06592.jpg,middle,center,y,y,y,n,y
나무_12_남_06627.jpg,big,center,y,y,y,n,y
나무_12_남_06630.jpg,middle,center,y,y,y,n,y
나무_12_남_06652.jpg,middle,center,y,y,y,y,y
나무_12_남_06718.jpg,middle,center,y,y,y,n,y
나무_12_남_06728.jpg,middle,center,y,y,y,y,y
나무_12_남_06751.jpg,middle,center,y,y,y,y,y
나무_12_남_06923.jpg,middle,center,y,y,y,n,y
나무_12_남_06948.jpg,middle,center,y,y,y,y,y
나무_12_남_06952.jpg,middle,right,y,y,y,n,y
나무_12_남_07072.jpg,big,center,y,y,y,n,y
나무_12_남_07186.jpg,middle,center,y,y,y,n,y
나무_12_남_07201.jpg,big,center,y,y,y,y,y
나무_12_남_07218.jpg,middle,right,y,y,y,n,y
나무_12_남_07226.jpg,middle,center,y,y,y,n,y
나무_12_남_07245.jpg,middle,center,y,y,y,y,y
나무_12_남_07262.jpg,big,center,y,y,y,y,y
나무_12_남_07302.jpg,middle,center,y,y,y,n,y
나무_12_남_07337.jpg,middle,left,y,y,y,y,y
나무_12_남_07410.jpg,middle,center,y,y,y,n,y
나무_12_남_07419.jpg,big,center,y,n,y,y,y
나무_12_남_07649.jpg,big,center,y,y,y,n,y
나무_12_남_07725.jpg,big,center,y,y,y,n,y
나무_12_남_07822.jpg,middle,left,y,y,y,n,y
나무_12_남_07883.jpg,big,center,y,y,y,n,y
나무_12_남_07900.jpg,middle,center,y,y,y,n,y
나무_12_남_07925.jpg,middle,center,y,y,y,n,y
나무_12_남_08004.jpg,middle,center,y,y,y,y,y
나무_12_남_08023.jpg,middle,center,y,y,y,y,y
나무_12_남_08050.jpg,middle,right,y,y,y,n,y
나무_12_남_08112.jpg,middle,center,y,y,y,n,y
나무_12_남_08125.jpg,middle,center,y,y,y,n,y
나무_12_남_08200.jpg,middle,right,y,y,n,n,y
나무_12_남_08229.jpg,big,center,y,y,y,n,y
나무_12_남_08391.jpg,middle,center,y,y,y,n,y
나무_12_남_08465.jpg,middle,center,y,y,y,n,y
나무_12_남_08481.jpg,middle,center,y,y,y,y,y
나무_12_남_08504.jpg,big,center,y,y,y,y,y
나무_12_남_08518.jpg,middle,center,y,y,y,n,y
나무_12_남_08533.jpg,middle,left,y,y,y,y,y
나무_12_남_08724.jpg,middle,right,y,y,y,n,y
나무_12_남_08778.jpg,middle,center,y,y,y,n,y
나무_12_남_08920.jpg,middle,center,y,y,y,n,y
나무_12_남_08954.jpg,middle,center,y,y,y,n,y
나무_12_남_08980.jpg,big,center,y,y,y,n,y
나무_12_남_09000.jpg,middle,left,y,y,y,n,y
나무_12_남_09014.jpg,middle,center,y,y,y,n,y
나무_12_남_09085.jpg,middle,center,y,y,y,n,y
나무_12_남_09147.jpg,middle,center,y,y,y,n,y
나무_12_남_09221.jpg,middle,center,y,y,y,n,y
나무_12_남_09276.jpg,middle,right,y,y,n,n,y
나무_12_남_09323.jpg,middle,center,y,y,y,n,y
나무_12_남_09359.jpg,middle,center,y,y,y,n,y
나무_12_남_09433.jpg,middle,center,y,y,y,y,y
나무_12_남_09502.jpg,middle,center,y,y,y,n,y
나무_12_남_09529.jpg,middle,center,y,y,y,n,y
나무_12_남_09577.jpg,middle,center,y,y,y,y,y
나무_12_남_09587.jpg,middle,center,y,y,y,n,y
나무_12_남_09600.jpg,middle,center,y,y,y,n,y
나무_12_남_09780.jpg,middle,center,y,y,y,n,y
나무_12_남_09878.jpg,middle,center,y,y,y,y,y
나무_12_남_09979.jpg,small,center,y,y,y,n,y
나무_12_남_09997.jpg,middle,left,y,y,y,y,y
나무_12_남_10100.jpg,middle,center,y,y,y,n,n
나무_12_남_10121.jpg,big,center,y,y,y,y,y
나무_12_남_10172.jpg,middle,center,y,y,y,y,y
나무_12_남_10700.jpg,middle,center,y,y,y,n,y
나무_12_남_10740.jpg,big,center,y,y,y,n,y
나무_12_남_10742.jpg,middle,center,y,y,y,n,y
나무_12_남_10754.jpg,middle,center,y,y,y,n,y
나무_12_남_10778.jpg,small,center,y,y,y,n,y
나무_12_남_10815.jpg,small,left,y,y,y,n,y
나무_12_남_10821.jpg,middle,center,y,y,y,n,y
나무_12_남_10836.jpg,middle,left,y,y,y,y,y
나무_12_남_10862.jpg,big,center,y,y,y,y,y
나무_12_남_10991.jpg,middle,center,y,y,y,y,y
나무_12_남_11034.jpg,middle,center,y,y,y,y,y
나무_12_남_11050.jpg,middle,center,y,y,y,n,y
나무_12_남_11068.jpg,middle,center,y,y,y,n,y
나무_12_남_11150.jpg,big,center,y,y,y,n,y
나무_12_남_11163.jpg,middle,center,y,y,y,n,y
나무_12_남_11248.jpg,big,center,y,y,y,n,y
나무_12_남_11270.jpg,middle,left,y,y,y,y,y
나무_12_남_11304.jpg,middle,center,y,y,y,y,y
나무_12_남_11399.jpg,middle,center,y,y,y,n,y
나무_12_남_11455.jpg,middle,center,y,y,n,n,y
나무_12_남_11476.jpg,middle,center,y,y,y,y,y
나무_12_남_11578.jpg,middle,center,y,y,y,y,y
나무_12_남_11592.jpg,middle,center,y,y,y,n,y
나무_12_남_11625.jpg,middle,center,y,y,y,n,y
나무_12_남_11680.jpg,middle,center,y,y,y,n,y
나무_12_남_11685.jpg,middle,center,y,y,y,n,y
나무_12_남_11726.jpg,middle,left,y,y,y,n,y
나무_12_남_11931.jpg,middle,center,y,y,y,n,y
나무_12_남_11934.jpg,middle,center,y,y,y,n,y
나무_12_남_12080.jpg,middle,center,y,y,y,n,y
나무_12_남_12082.jpg,middle,center,y,y,y,y,y
나무_12_남_12108.jpg,big,center,y,y,y,n,y
나무_12_남_12236.jpg,middle,center,y,y,y,y,y
나무_12_남_12285.jpg,small,left,y,y,y,n,y
나무_12_남_12475.jpg,big,center,y,y,y,n,y
나무_12_남_12476.jpg,big,center,y,y,y,n,y
나무_12_남_12482.jpg,middle,center,y,y,y,y,y
나무_12_남_12531.jpg,big,center,y,y,y,n,y
나무_12_남_12601.jpg,middle,left,y,y,y,y,y
나무_12_남_12677.jpg,middle,center,y,y,y,n,y
나무_12_남_12809.jpg,middle,center,y,y,y,n,y
나무_12_남_12830.jpg,big,center,y,y,y,n,y
나무_12_남_12916.jpg,middle,center,y,y,y,n,y
나무_12_남_12972.jpg,big,center,y,y,y,n,y
나무_12_남_13078.jpg,big,center,y,y,y,n,y
나무_12_남_13103.jpg,middle,left,y,y,n,n,y
나무_12_남_13158.jpg,middle,center,y,y,y,y,y
나무_12_남_13198.jpg,middle,center,y,y,y,n,y
나무_12_남_13234.jpg,middle,center,y,y,y,n,y
나무_12_남_13250.jpg,big,center,y,y,y,n,y
나무_12_남_13268.jpg,small,center,y,y,y,n,y
나무_12_남_13299.jpg,middle,left,y,y,y,n,y
나무_12_남_13376.jpg,middle,left,y,y,y,n,y
나무_12_남_13416.jpg,middle,center,y,y,y,y,y
나무_12_남_13427.jpg,middle,center,y,y,y,n,y
나무_12_남_13437.jpg,small,right,y,y,y,y,y
나무_12_남_13465.jpg,middle,center,y,y,y,n,y
나무_12_남_13517.jpg,big,center,y,y,y,n,y
나무_12_남_13547.jpg,middle,center,y,y,y,y,y
나무_12_남_13572.jpg,middle,center,y,y,y,y,y
나무_12_남_13574.jpg,small,center,y,y,y,n,y
나무_12_남_13620.jpg,middle,center,y,y,y,n,y
나무_12_남_13725.jpg,middle,center,y,y,y,y,y
나무_12_남_13914.jpg,middle,center,y,y,y,n,y
나무_13_여_00035.jpg,middle,center,y,y,y,n,y
나무_13_여_00047.jpg,big,center,y,y,y,n,y
나무_13_여_00108.jpg,small,center,y,y,y,y,y
나무_13_여_00161.jpg,middle,center,y,y,y,n,y
나무_13_여_00237.jpg,big,center,y,y,y,n,y
나무_13_여_00319.jpg,middle,center,y,y,y,n,y
나무_13_여_00345.jpg,big,center,y,y,y,y,y
나무_13_여_00388.jpg,big,center,y,y,y,n,y
나무_13_여_00561.jpg,middle,left,y,y,y,y,y
나무_13_여_00600.jpg,middle,center,y,y,y,y,y
나무_13_여_00601.jpg,big,center,y,y,y,n,y
나무_13_여_00752.jpg,middle,center,y,y,y,n,y
나무_13_여_00778.jpg,big,center,y,y,y,y,y
나무_13_여_00796.jpg,big,center,y,y,y,y,y
나무_13_여_00850.jpg,small,center,y,y,y,y,y
나무_13_여_00885.jpg,big,center,y,y,y,n,y
나무_13_여_00979.jpg,middle,center,y,y,y,y,y
나무_13_여_01012.jpg,big,center,y,y,y,n,y
나무_13_여_01022.jpg,big,center,y,y,y,n,y
나무_13_여_01046.jpg,big,center,y,y,y,y,y
나무_13_여_01063.jpg,big,center,y,y,y,y,y
나무_13_여_01068.jpg,middle,center,y,y,y,n,y
나무_13_여_01093.jpg,middle,center,y,y,y,y,y
나무_13_여_01200.jpg,middle,left,y,y,y,y,y
나무_13_여_01291.jpg,middle,center,y,y,y,n,y
나무_13_여_01296.jpg,big,center,y,y,y,n,y
나무_13_여_01373.jpg,big,center,y,y,y,n,y
나무_13_여_01471.jpg,middle,center,y,y,y,n,y
나무_13_여_01474.jpg,big,center,y,y,y,n,y
나무_13_여_01512.jpg,big,center,y,y,y,n,y
나무_13_여_01649.jpg,middle,center,y,y,y,n,y
나무_13_여_01668.jpg,middle,center,y,y,y,y,y
나무_13_여_01674.jpg,big,center,y,y,y,n,y
나무_13_여_01707.jpg,big,center,y,y,y,y,y
나무_13_여_01763.jpg,middle,center,y,y,y,n,y
나무_13_여_01845.jpg,big,center,y,y,y,y,y
나무_13_여_01866.jpg,middle,center,y,y,y,n,y
나무_13_여_01913.jpg,big,center,y,y,y,y,y
나무_13_여_02020.jpg,middle,center,y,y,y,y,y
나무_13_여_02052.jpg,big,center,y,y,y,n,y
나무_13_여_02104.jpg,middle,center,y,y,y,y,y
나무_13_여_02222.jpg,middle,center,y,y,y,y,y
나무_13_여_02238.jpg,middle,center,y,y,y,n,y
나무_13_여_02257.jpg,middle,center,y,y,y,y,y
나무_13_여_02278.jpg,middle,center,y,y,y,n,y
나무_13_여_02290.jpg,middle,right,y,y,y,n,y
나무_13_여_02329.jpg,middle,center,y,y,y,y,y
나무_13_여_02333.jpg,big,center,y,y,y,n,y
나무_13_여_02505.jpg,middle,center,y,y,y,n,y
나무_13_여_02534.jpg,big,center,y,y,y,y,y
나무_13_여_02691.jpg,big,center,y,y,y,n,y
나무_13_여_02701.jpg,small,left,y,y,y,n,y
나무_13_여_02797.jpg,big,center,y,y,y,n,y
나무_13_여_02888.jpg,middle,center,y,y,y,n,y
나무_13_여_02938.jpg,big,center,y,y,y,y,y
나무_13_여_02942.jpg,big,center,y,y,y,n,y
나무_13_여_02960.jpg,small,center,y,y,y,n,y
나무_13_여_02969.jpg,middle,center,y,y,y,n,y
나무_13_여_03036.jpg,big,center,y,y,y,n,y
나무_13_여_03072.jpg,big,center,y,y,y,n,y
나무_13_여_03090.jpg,middle,center,y,y,y,n,y
나무_13_여_03095.jpg,middle,center,y,y,y,y,y
나무_13_여_03121.jpg,middle,center,y,y,y,y,y
나무_13_여_03178.jpg,middle,center,y,y,y,y,y
나무_13_여_03216.jpg,small,center,y,y,y,n,y
나무_13_여_03396.jpg,middle,center,y,y,y,y,y
나무_13_여_03405.jpg,big,center,y,y,y,n,y
나무_13_여_03433.jpg,big,center,y,y,y,y,y
나무_13_여_03588.jpg,big,center,y,y,y,n,y
나무_13_여_03691.jpg,middle,center,y,y,y,n,y
나무_13_여_03711.jpg,big,center,y,y,y,y,y
나무_13_여_03870.jpg,big,center,y,y,y,n,y
나무_13_여_04050.jpg,middle,left,y,y,y,n,y
나무_13_여_04084.jpg,middle,left,y,y,n,n,y
나무_13_여_04159.jpg,middle,center,y,y,y,n,y
나무_13_여_04185.jpg,middle,center,y,y,y,n,y
나무_13_여_04186.jpg,big,center,y,y,y,n,y
나무_13_여_04233.jpg,middle,center,y,y,y,n,y
나무_13_여_04267.jpg,middle,center,y,y,y,y,y
나무_13_여_04287.jpg,middle,center,y,y,y,n,y
나무_13_여_04331.jpg,middle,left,y,y,y,y,y
나무_13_여_04362.jpg,middle,left,y,y,y,n,y
나무_13_여_04379.jpg,middle,center,y,y,y,n,y
나무_13_여_04438.jpg,big,center,y,y,y,n,y
나무_13_여_04560.jpg,big,center,y,y,y,n,y
나무_13_여_04587.jpg,big,center,y,y,y,n,y
나무_13_여_04646.jpg,middle,center,y,y,y,n,y
나무_13_여_04647.jpg,middle,center,y,y,y,n,y
나무_13_여_04787.jpg,middle,left,y,y,y,n,y
나무_13_여_04828.jpg,big,center,y,y,y,n,y
나무_13_여_04895.jpg,big,center,y,y,y,y,y
나무_13_여_04905.jpg,big,center,y,y,y,n,y
나무_13_여_05087.jpg,big,center,y,y,y,n,y
나무_13_여_05149.jpg,big,center,y,y,y,y,y
나무_13_여_05171.jpg,big,center,y,y,y,y,y
나무_13_여_05178.jpg,big,center,y,y,y,y,y
나무_13_여_05253.jpg,middle,center,y,y,y,n,y
나무_13_여_05344.jpg,big,center,y,y,y,y,y
나무_13_여_05353.jpg,middle,center,y,y,y,n,y
나무_13_여_05421.jpg,middle,center,y,y,y,n,y
나무_13_여_05452.jpg,middle,center,y,y,y,n,y
나무_13_여_05485.jpg,middle,left,y,y,y,y,y
나무_13_여_05487.jpg,big,center,y,y,y,y,y
나무_13_여_05672.jpg,big,center,y,y,y,y,y
나무_13_여_05681.jpg,middle,center,y,y,y,y,y
나무_13_여_05716.jpg,middle,center,y,y,y,y,y
나무_13_여_05907.jpg,middle,left,y,y,y,y,y
나무_13_여_05940.jpg,middle,center,y,y,y,y,y
나무_13_여_05991.jpg,middle,center,y,y,y,n,y
나무_13_여_06009.jpg,big,center,y,y,y,n,y
나무_13_여_06019.jpg,middle,center,y,y,y,y,y
나무_13_여_06026.jpg,middle,center,y,y,y,n,y
나무_13_여_06062.jpg,middle,right,y,y,y,n,y
나무_13_여_06079.jpg,middle,center,y,y,n,y,y
나무_13_여_06123.jpg,middle,left,y,y,y,y,y
나무_13_여_06128.jpg,big,center,y,y,y,n,y
나무_13_여_06131.jpg,big,center,y,y,y,y,y
나무_13_여_06135.jpg,middle,center,y,y,y,n,y
나무_13_여_06172.jpg,big,center,y,y,y,n,y
나무_13_여_06250.jpg,middle,center,y,y,y,n,y
나무_13_여_06253.jpg,big,center,y,y,y,n,y
나무_13_여_06269.jpg,middle,left,y,y,y,n,y
나무_13_여_06283.jpg,big,center,y,y,y,n,y
나무_13_여_06292.jpg,middle,center,y,y,y,n,y
나무_13_여_06293.jpg,middle,left,y,y,n,n,y
나무_13_여_06467.jpg,middle,left,y,y,y,n,y
나무_13_여_06479.jpg,big,center,y,y,y,y,y
나무_13_여_06501.jpg,middle,center,y,y,y,n,y
나무_13_여_06536.jpg,middle,center,y,y,y,n,y
나무_13_여_06563.jpg,middle,center,y,y,y,n,y
나무_13_여_06587.jpg,middle,center,y,y,y,y,y
나무_13_여_06688.jpg,middle,left,y,y,y,n,y
나무_13_여_06754.jpg,big,center,y,y,y,n,y
나무_13_여_06770.jpg,big,center,y,y,y,n,y
나무_13_여_06791.jpg,big,center,y,y,y,n,y
나무_13_여_06827.jpg,middle,right,y,y,y,n,y
나무_13_여_06862.jpg,big,center,y,y,y,n,y
나무_13_여_06896.jpg,middle,left,y,y,y,n,y
나무_13_여_06956.jpg,middle,center,y,y,y,n,y
나무_13_여_07015.jpg,big,center,y,y,y,n,y
나무_13_여_07068.jpg,big,center,y,y,y,y,y
나무_13_여_07075.jpg,middle,center,y,y,y,n,y
나무_13_여_07092.jpg,middle,right,y,y,y,n,y
나무_13_여_07198.jpg,middle,center,y,y,y,n,y
나무_13_여_07236.jpg,big,center,y,y,y,y,y
나무_13_여_07260.jpg,middle,center,y,y,y,n,y
나무_13_여_07326.jpg,big,center,y,y,y,n,y
나무_13_여_07333.jpg,middle,left,y,y,y,n,y
나무_13_여_07335.jpg,middle,center,y,y,y,n,y
나무_13_여_07468.jpg,big,center,y,y,y,n,y
나무_13_여_07524.jpg,middle,center,y,y,y,n,y
나무_13_여_07583.jpg,middle,center,y,y,y,n,y
나무_13_여_07618.jpg,big,center,y,y,y,n,y
나무_13_여_07969.jpg,middle,center,y,y,y,y,y
나무_13_여_07995.jpg,middle,center,y,y,y,n,y
나무_13_여_08000.jpg,big,center,y,y,y,n,y
나무_13_여_08270.jpg,middle,center,y,y,y,n,y
나무_13_여_08309.jpg,middle,center,y,y,y,n,y
나무_13_여_08332.jpg,middle,center,y,y,y,n,y
나무_13_여_08435.jpg,big,center,y,y,y,n,y
나무_13_여_08456.jpg,big,center,y,y,y,n,y
나무_13_여_08478.jpg,big,center,y,y,y,y,y
나무_13_여_08505.jpg,middle,left,y,y,y,n,y
나무_13_여_08510.jpg,middle,center,y,y,y,y,y
나무_13_여_08540.jpg,big,center,y,y,y,n,y
나무_13_여_08547.jpg,big,center,y,y,n,n,y
나무_13_여_08621.jpg,middle,center,y,y,y,y,y
나무_13_여_08622.jpg,middle,center,y,y,y,n,y
나무_13_여_08648.jpg,middle,left,y,y,y,n,y
나무_13_여_08746.jpg,big,center,y,y,y,n,y
나무_13_여_08772.jpg,big,center,y,y,y,n,y
나무_13_여_08868.jpg,middle,center,y,y,y,y,y
나무_13_여_09001.jpg,big,center,y,y,y,y,y
나무_13_여_09162.jpg,middle,center,y,y,y,n,y
나무_13_여_09193.jpg,middle,center,y,y,y,n,y
나무_13_여_09281.jpg,big,center,y,y,y,n,y
나무_13_여_09410.jpg,middle,center,y,y,y,n,y
나무_13_여_09495.jpg,middle,left,y,y,n,n,y
나무_13_여_09504.jpg,middle,center,y,y,y,n,y
나무_13_여_09513.jpg,middle,center,y,y,y,y,y
나무_13_여_09568.jpg,middle,center,y,y,y,n,y
나무_13_여_09592.jpg,middle,center,y,y,y,y,y
나무_13_여_09617.jpg,middle,center,y,y,y,y,y
나무_13_여_09670.jpg,middle,center,y,y,y,n,y
나무_13_여_09725.jpg,big,center,y,y,y,n,y
나무_13_여_09764.jpg,middle,center,y,y,y,n,y
나무_13_여_09815.jpg,middle,center,y,y,y,n,y
나무_13_여_09881.jpg,middle,right,y,y,y,y,y
나무_13_여_09889.jpg,middle,center,y,y,y,y,y
나무_13_여_09909.jpg,middle,center,n,y,y,n,y
나무_13_여_10045.jpg,middle,center,y,y,y,n,y
나무_13_여_10105.jpg,small,left,y,y,y,n,y
나무_13_여_10153.jpg,middle,center,y,y,y,n,y
나무_13_여_10156.jpg,middle,center,y,y,y,n,y
나무_13_여_10174.jpg,big,center,y,y,y,n,y
나무_13_여_10201.jpg,middle,center,y,y,y,n,y
나무_13_여_10219.jpg,middle,center,y,y,y,n,y
나무_13_여_10258.jpg,big,center,y,y,y,y,y
나무_13_여_10276.jpg,middle,left,y,y,y,y,y
나무_13_여_10295.jpg,middle,center,y,y,y,n,y
나무_13_여_10310.jpg,middle,center,y,y,y,n,y
나무_13_여_10462.jpg,middle,center,y,y,n,y,y
나무_13_여_10476.jpg,middle,center,y,y,y,n,y
나무_13_여_10531.jpg,middle,center,y,y,y,n,y
나무_13_여_10572.jpg,big,center,y,y,y,n,y
나무_13_여_10615.jpg,middle,center,y,y,y,n,y
나무_13_여_10661.jpg,big,center,y,y,y,y,n
나무_13_여_10699.jpg,middle,center,y,y,y,n,y
나무_13_여_10886.jpg,middle,center,y,y,y,n,y
나무_13_여_10934.jpg,big,center,y,y,y,n,n
나무_13_여_10935.jpg,big,center,y,y,y,n,y
나무_13_여_11051.jpg,middle,center,y,y,y,n,y
나무_13_여_11174.jpg,big,center,y,y,y,n,y
나무_13_여_11289.jpg,middle,left,y,y,y,n,y
나무_13_여_11446.jpg,middle,center,y,y,y,n,y
나무_13_여_11461.jpg,big,center,y,y,y,y,y
나무_13_여_11516.jpg,big,center,y,y,y,n,y
나무_13_여_11580.jpg,middle,center,y,y,y,y,y
나무_13_여_11595.jpg,big,center,y,y,y,y,y
나무_13_여_11615.jpg,big,center,y,y,y,n,y
나무_13_여_11641.jpg,big,center,y,y,y,n,y
나무_13_여_11661.jpg,middle,center,y,y,y,y,y
나무_13_여_11743.jpg,middle,center,y,y,y,n,y
나무_13_여_11771.jpg,big,center,y,y,y,y,y
나무_13_여_11787.jpg,big,center,y,y,y,n,y
나무_13_여_11958.jpg,middle,center,y,y,y,n,y
나무_13_여_11960.jpg,big,center,y,y,y,n,y
나무_13_여_11968.jpg,middle,left,y,y,y,n,y
나무_13_여_12044.jpg,middle,center,y,y,y,n,y
나무_13_여_12134.jpg,middle,center,y,y,y,n,y
나무_13_여_12221.jpg,middle,center,y,y,y,n,y
나무_13_여_12241.jpg,middle,left,y,y,y,n,y
나무_13_여_12292.jpg,big,center,y,y,y,y,y
나무_13_여_12338.jpg,big,center,y,y,y,n,y
나무_13_여_12347.jpg,big,center,y,y,y,n,y
나무_13_여_12453.jpg,big,center,y,y,y,y,y
나무_13_여_12539.jpg,middle,center,y,y,y,y,y
나무_13_여_12569.jpg,middle,center,y,y,y,n,y
나무_13_여_12698.jpg,big,center,y,y,y,n,y
나무_13_여_12751.jpg,middle,center,y,y,y,n,y
나무_13_여_12760.jpg,big,center,y,y,y,n,y
나무_13_여_12781.jpg,big,center,y,y,y,y,y
나무_13_여_12796.jpg,middle,center,y,y,y,y,y
나무_13_여_12798.jpg,big,center,y,y,y,n,y
나무_13_여_12820.jpg,big,center,y,y,y,n,y
나무_13_여_12824.jpg,big,center,y,y,y,n,y
나무_13_여_12832.jpg,middle,center,y,y,y,n,y
나무_13_여_12866.jpg,middle,right,y,y,y,n,y
나무_13_여_12869.jpg,middle,center,y,y,n,n,y
나무_13_여_13052.jpg,big,center,y,y,y,n,y
나무_13_여_13086.jpg,big,center,y,y,y,n,y
나무_13_여_13144.jpg,middle,center,y,y,y,n,y
나무_13_여_13167.jpg,big,center,y,y,y,y,y
나무_13_여_13303.jpg,middle,center,y,y,y,n,y
나무_13_여_13307.jpg,big,left,y,y,y,n,y
나무_13_여_13350.jpg,middle,center,y,y,y,n,y
나무_13_여_13381.jpg,middle,left,y,y,y,n,y
나무_13_여_13419.jpg,small,center,y,y,y,n,y
나무_13_여_13420.jpg,middle,center,y,y,y,y,y
나무_13_여_13442.jpg,middle,left,y,y,y,n,y
나무_13_여_13705.jpg,middle,center,y,y,y,y,y
나무_13_여_13739.jpg,big,center,y,y,y,y,y
나무_13_여_13794.jpg,middle,center,y,y,y,n,y
나무_13_여_13878.jpg,big,center,n,y,y,y,y
나무_13_여_13972.jpg,middle,center,y,y,y,n,y
나무_13_여_13981.jpg,middle,center,y,y,y,n,y
나무_13_여_13998.jpg,middle,center,y,y,y,y,y
나무_13_남_00073.jpg,middle,center,y,y,y,n,y
나무_13_남_00077.jpg,middle,center,y,y,y,n,y
나무_13_남_00102.jpg,big,center,y,y,y,y,y
나무_13_남_00225.jpg,middle,center,y,y,y,y,y
나무_13_남_00227.jpg,middle,center,y,y,y,y,y
나무_13_남_00266.jpg,middle,center,y,y,y,n,y
나무_13_남_00372.jpg,small,left,y,y,y,n,y
나무_13_남_00378.jpg,big,center,y,y,y,n,y
나무_13_남_00482.jpg,middle,center,y,y,y,n,y
나무_13_남_00613.jpg,middle,center,y,y,y,y,y
나무_13_남_00680.jpg,big,center,y,y,y,y,y
나무_13_남_00787.jpg,big,center,y,y,y,n,y
나무_13_남_00842.jpg,big,center,y,y,y,n,y
나무_13_남_00907.jpg,big,center,y,y,y,n,y
나무_13_남_00944.jpg,middle,center,y,y,y,n,y
나무_13_남_00978.jpg,big,center,y,y,y,y,y
나무_13_남_01024.jpg,big,center,y,y,y,n,y
나무_13_남_01056.jpg,middle,center,y,y,y,n,y
나무_13_남_01087.jpg,middle,center,y,y,n,y,y
나무_13_남_01118.jpg,big,center,y,y,y,y,y
나무_13_남_01134.jpg,big,center,y,y,y,n,y
나무_13_남_01279.jpg,middle,center,y,y,y,n,y
나무_13_남_01288.jpg,middle,center,y,y,y,n,y
나무_13_남_01316.jpg,middle,center,y,y,y,n,y
나무_13_남_01402.jpg,middle,left,y,y,y,n,y
나무_13_남_01427.jpg,middle,center,y,y,y,n,y
나무_13_남_01572.jpg,big,center,y,y,y,y,y
나무_13_남_01731.jpg,middle,left,y,y,n,n,y
나무_13_남_01758.jpg,small,center,y,y,y,n,y
나무_13_남_01762.jpg,big,center,y,y,y,n,y
나무_13_남_01815.jpg,middle,center,y,y,y,n,y
나무_13_남_01982.jpg,middle,center,y,y,y,y,y
나무_13_남_02034.jpg,middle,left,y,y,y,n,y
나무_13_남_02099.jpg,big,center,y,y,y,n,y
나무_13_남_02124.jpg,big,center,y,y,y,y,y
나무_13_남_02180.jpg,middle,center,y,y,y,n,y
나무_13_남_02186.jpg,middle,left,y,y,y,y,y
나무_13_남_02226.jpg,middle,center,y,y,y,n,y
나무_13_남_02258.jpg,middle,center,y,y,y,n,y
나무_13_남_02420.jpg,middle,center,y,y,y,y,y
나무_13_남_02446.jpg,middle,center,y,y,y,n,y
나무_13_남_02457.jpg,middle,center,y,y,y,y,y
나무_13_남_02562.jpg,middle,center,y,y,y,n,y
나무_13_남_02595.jpg,middle,center,y,y,y,n,y
나무_13_남_02840.jpg,middle,left,y,y,y,n,y
나무_13_남_02856.jpg,big,center,y,y,y,y,y
나무_13_남_02910.jpg,middle,center,y,y,y,n,y
나무_13_남_02914.jpg,big,center,y,y,y,y,y
나무_13_남_02949.jpg,middle,center,y,y,y,n,y
나무_13_남_02954.jpg,middle,center,y,y,y,y,y
나무_13_남_02982.jpg,middle,center,y,y,y,n,y
나무_13_남_03068.jpg,middle,left,y,y,y,n,y
나무_13_남_03101.jpg,middle,center,y,y,y,y,y
나무_13_남_03111.jpg,big,center,y,y,y,n,y
나무_13_남_03128.jpg,middle,center,y,y,y,n,y
나무_13_남_03166.jpg,middle,center,y,y,y,n,y
나무_13_남_03272.jpg,middle,center,y,y,y,n,y
나무_13_남_03352.jpg,middle,center,y,y,y,n,y
나무_13_남_03597.jpg,big,center,y,y,y,y,y
나무_13_남_03666.jpg,big,center,n,y,y,y,y
나무_13_남_03703.jpg,middle,center,y,y,y,n,y
나무_13_남_03775.jpg,big,center,n,y,y,y,y
나무_13_남_03784.jpg,middle,center,y,y,y,n,y
나무_13_남_03794.jpg,middle,center,y,y,y,n,y
나무_13_남_03868.jpg,big,center,y,y,y,y,y
나무_13_남_03887.jpg,middle,center,y,y,y,n,y
나무_13_남_03901.jpg,middle,center,y,y,y,n,y
나무_13_남_03953.jpg,middle,center,y,y,y,n,y
나무_13_남_04059.jpg,big,center,y,y,y,n,y
나무_13_남_04076.jpg,middle,center,y,y,y,y,y
나무_13_남_04135.jpg,middle,center,y,y,y,n,y
나무_13_남_04136.jpg,big,center,y,y,y,n,y
나무_13_남_04169.jpg,middle,left,y,y,y,n,y
나무_13_남_04206.jpg,middle,center,y,y,y,n,y
나무_13_남_04239.jpg,middle,center,y,y,y,n,y
나무_13_남_04258.jpg,big,center,y,y,y,n,y
나무_13_남_04329.jpg,middle,center,y,y,y,n,y
나무_13_남_04343.jpg,middle,center,y,y,y,n,y
나무_13_남_04472.jpg,small,center,y,y,y,n,y
나무_13_남_04571.jpg,middle,center,y,y,y,n,y
나무_13_남_04573.jpg,middle,center,y,y,y,n,y
나무_13_남_04597.jpg,middle,center,y,y,y,y,y
나무_13_남_04603.jpg,big,center,y,y,y,y,y
나무_13_남_04636.jpg,middle,center,y,y,y,n,y
나무_13_남_04681.jpg,big,center,y,y,n,y,y
나무_13_남_04739.jpg,middle,center,y,y,y,n,y
나무_13_남_05022.jpg,small,center,y,y,y,n,y
나무_13_남_05061.jpg,middle,center,y,y,y,n,y
나무_13_남_05194.jpg,big,center,y,y,y,n,y
나무_13_남_05208.jpg,small,left,y,y,y,n,y
나무_13_남_05274.jpg,middle,center,y,y,y,n,y
나무_13_남_05322.jpg,middle,center,y,y,y,n,y
나무_13_남_05330.jpg,big,center,y,y,y,n,y
나무_13_남_05498.jpg,middle,center,y,y,y,n,y
나무_13_남_05504.jpg,small,center,y,y,y,n,y
나무_13_남_05508.jpg,big,center,y,y,y,n,y
나무_13_남_05589.jpg,middle,center,y,y,y,n,y
나무_13_남_05769.jpg,big,center,y,y,y,n,y
나무_13_남_05790.jpg,middle,center,y,y,y,n,y
나무_13_남_05797.jpg,middle,center,y,y,y,y,y
나무_13_남_05803.jpg,middle,center,y,y,n,y,y
나무_13_남_05943.jpg,middle,center,y,y,y,n,y
나무_13_남_05954.jpg,middle,center,y,y,y,n,y
나무_13_남_06011.jpg,middle,center,y,y,y,n,y
나무_13_남_06065.jpg,middle,center,y,y,y,n,y
나무_13_남_06203.jpg,big,center,y,y,y,n,y
나무_13_남_06223.jpg,small,center,y,y,y,n,y
나무_13_남_06256.jpg,middle,center,y,y,y,n,y
나무_13_남_06274.jpg,middle,center,y,y,y,y,y
나무_13_남_06366.jpg,middle,center,y,y,y,n,y
나무_13_남_06372.jpg,big,center,y,y,y,n,y
나무_13_남_06387.jpg,small,center,y,y,y,n,y
나무_13_남_06492.jpg,middle,center,y,y,y,n,y
나무_13_남_06701.jpg,middle,center,y,y,y,n,y
나무_13_남_06712.jpg,middle,center,y,y,y,y,y
나무_13_남_06813.jpg,big,center,y,y,y,n,y
나무_13_남_06835.jpg,big,center,y,y,y,n,y
나무_13_남_06845.jpg,middle,left,y,y,n,n,y
나무_13_남_06874.jpg,middle,center,y,y,y,n,y
나무_13_남_06998.jpg,big,center,y,y,y,y,y
나무_13_남_07230.jpg,big,center,y,y,y,n,y
나무_13_남_07242.jpg,big,center,y,y,y,n,y
나무_13_남_07268.jpg,middle,center,y,y,y,n,y
나무_13_남_07382.jpg,middle,center,y,y,y,n,y
나무_13_남_07429.jpg,middle,center,y,y,y,n,y
나무_13_남_07494.jpg,middle,center,y,y,y,n,y
나무_13_남_07517.jpg,big,center,y,y,y,n,y
나무_13_남_07536.jpg,big,center,y,y,y,y,y
나무_13_남_07588.jpg,middle,center,y,y,y,y,y
나무_13_남_07596.jpg,middle,left,y,y,y,n,y
나무_13_남_07610.jpg,big,center,y,y,y,n,y
나무_13_남_07627.jpg,middle,center,y,y,y,y,y
나무_13_남_07652.jpg,big,center,y,y,y,n,y
나무_13_남_07664.jpg,middle,center,y,y,n,n,y
나무_13_남_07708.jpg,middle,center,y,y,y,n,y
나무_13_남_07709.jpg,big,center,y,y,y,y,y
나무_13_남_07741.jpg,middle,left,y,y,y,n,y
나무_13_남_07759.jpg,middle,center,y,y,n,n,y
나무_13_남_07847.jpg,middle,center,y,y,y,n,y
나무_13_남_07862.jpg,middle,center,y,y,y,y,y
나무_13_남_07870.jpg,big,center,y,y,y,n,y
나무_13_남_07874.jpg,middle,right,y,y,y,n,y
나무_13_남_07920.jpg,middle,center,y,y,y,y,y
나무_13_남_07993.jpg,middle,left,y,y,y,n,y
나무_13_남_08238.jpg,small,center,y,y,y,n,y
나무_13_남_08353.jpg,middle,center,y,y,y,n,y
나무_13_남_08445.jpg,middle,center,y,y,y,n,y
나무_13_남_08468.jpg,middle,center,y,y,y,n,y
나무_13_남_08582.jpg,middle,center,y,y,y,n,y
나무_13_남_08595.jpg,middle,center,y,y,n,n,y
나무_13_남_08659.jpg,middle,center,y,y,y,n,y
나무_13_남_08687.jpg,big,center,y,y,y,y,y
나무_13_남_08827.jpg,big,center,y,y,y,n,y
나무_13_남_08893.jpg,big,center,y,y,y,n,y
나무_13_남_08983.jpg,middle,center,n,y,y,n,y
나무_13_남_09024.jpg,middle,center,y,y,y,n,y
나무_13_남_09223.jpg,middle,left,y,y,y,n,y
나무_13_남_09324.jpg,big,center,y,y,y,n,y
나무_13_남_09451.jpg,middle,center,y,y,y,n,y
나무_13_남_09544.jpg,middle,center,y,y,y,n,y
나무_13_남_09599.jpg,middle,left,y,y,y,n,y
나무_13_남_09621.jpg,big,center,y,y,y,n,y
나무_13_남_09680.jpg,big,center,y,y,y,n,y
나무_13_남_09709.jpg,big,center,y,y,y,n,y
나무_13_남_09735.jpg,middle,center,y,y,n,y,y
나무_13_남_09892.jpg,middle,center,y,y,y,y,y
나무_13_남_09918.jpg,big,center,y,y,y,y,y
나무_13_남_09974.jpg,big,center,y,y,y,n,y
나무_13_남_09992.jpg,middle,center,y,y,n,n,y
나무_13_남_10036.jpg,big,center,y,y,y,n,y
나무_13_남_10052.jpg,middle,center,y,y,y,y,y
나무_13_남_10178.jpg,middle,left,y,y,y,y,y
나무_13_남_10190.jpg,middle,center,y,y,y,n,n
나무_13_남_10193.jpg,middle,center,y,y,y,n,y
나무_13_남_10330.jpg,middle,center,y,y,y,n,y
나무_13_남_10333.jpg,middle,center,y,y,y,n,y
나무_13_남_10376.jpg,middle,center,y,y,y,n,y
나무_13_남_10405.jpg,middle,center,y,y,y,n,y
나무_13_남_10515.jpg,middle,center,y,y,y,n,y
나무_13_남_10561.jpg,big,center,y,y,y,n,y
나무_13_남_10605.jpg,middle,center,y,y,y,n,y
나무_13_남_10611.jpg,middle,center,y,y,y,n,y
나무_13_남_10728.jpg,middle,center,y,y,y,n,y
나무_13_남_10730.jpg,big,center,y,y,y,n,y
나무_13_남_10797.jpg,middle,center,y,y,n,y,y
나무_13_남_10798.jpg,middle,center,y,y,y,y,y
나무_13_남_10816.jpg,middle,center,y,y,y,n,y
나무_13_남_10845.jpg,middle,center,y,y,y,n,y
나무_13_남_10852.jpg,middle,left,y,y,y,n,y
나무_13_남_10887.jpg,big,center,y,y,y,y,y
나무_13_남_10923.jpg,big,center,y,y,y,n,y
나무_13_남_10994.jpg,middle,center,y,y,y,n,y
나무_13_남_11130.jpg,big,center,y,y,y,n,y
나무_13_남_11211.jpg,big,center,y,y,y,n,y
나무_13_남_11449.jpg,big,center,y,y,y,y,y
나무_13_남_11629.jpg,middle,center,y,y,y,n,y
나무_13_남_11640.jpg,middle,center,y,y,y,n,y
나무_13_남_11672.jpg,middle,left,y,y,y,y,y
나무_13_남_11740.jpg,middle,center,y,y,y,n,y
나무_13_남_11744.jpg,middle,center,y,y,y,n,y
나무_13_남_11750.jpg,middle,center,y,y,y,n,y
나무_13_남_11792.jpg,middle,center,y,y,y,n,y
나무_13_남_11873.jpg,big,center,y,y,y,n,y
나무_13_남_11979.jpg,middle,center,y,y,y,n,y
나무_13_남_12029.jpg,small,center,y,y,y,n,y
나무_13_남_12059.jpg,big,center,y,y,y,y,y
나무_13_남_12308.jpg,big,center,y,y,y,n,y
나무_13_남_12392.jpg,middle,center,y,y,y,n,y
나무_13_남_12395.jpg,middle,center,y,y,y,y,y
나무_13_남_12463.jpg,middle,left,y,y,y,n,n
나무_13_남_12640.jpg,small,center,y,y,y,n,y
나무_13_남_12731.jpg,middle,left,y,y,y,y,y
나무_13_남_12754.jpg,middle,left,y,y,y,n,y
나무_13_남_12755.jpg,middle,center,y,y,y,n,y
나무_13_남_12944.jpg,middle,center,y,y,y,n,y
나무_13_남_13028.jpg,middle,center,y,y,y,y,y
나무_13_남_13247.jpg,big,center,y,y,y,y,y
나무_13_남_13261.jpg,middle,center,y,y,y,n,y
나무_13_남_13265.jpg,middle,center,y,y,n,n,y
나무_13_남_13327.jpg,middle,center,y,y,y,n,y
나무_13_남_13341.jpg,middle,center,y,y,y,n,y
나무_13_남_13360.jpg,middle,center,y,y,y,n,y
나무_13_남_13361.jpg,middle,left,y,y,y,n,y
나무_13_남_13424.jpg,big,center,y,y,n,n,y
나무_13_남_13462.jpg,middle,center,y,y,y,n,y
나무_13_남_13555.jpg,middle,center,y,y,y,y,y
나무_13_남_13664.jpg,big,center,y,y,y,n,y
나무_13_남_13676.jpg,middle,center,y,y,y,y,y
나무_13_남_13706.jpg,middle,center,y,y,y,n,y
나무_13_남_13722.jpg,middle,center,y,y,y,n,y
나무_13_남_13740.jpg,big,center,y,y,y,n,y
나무_7_여_02304.jpg,big,center,y,y,y,n,y
나무_7_여_03147.jpg,big,center,y,y,y,n,y
나무_7_여_04616.jpg,middle,center,y,y,y,y,y
나무_7_여_05804.jpg,middle,center,y,y,y,n,y
나무_7_여_10527.jpg,big,center,y,y,y,n,y
나무_7_여_11631.jpg,middle,right,y,y,y,n,y
나무_7_여_12169.jpg,middle,left,y,y,n,n,y
나무_7_여_12879.jpg,big,center,y,y,y,n,y
나무_7_여_13426.jpg,middle,center,y,y,y,y,y
나무_7_남_01010.jpg,big,center,y,y,y,n,y
나무_7_남_01378.jpg,big,center,y,y,y,n,y
나무_7_남_01628.jpg,middle,left,y,y,y,n,y
나무_7_남_02285.jpg,middle,center,y,y,y,n,y
나무_7_남_04902.jpg,middle,left,y,y,y,n,y
나무_7_남_05486.jpg,middle,left,y,y,y,n,y
나무_7_남_05675.jpg,small,left,y,y,y,y,y
나무_7_남_07105.jpg,middle,center,y,y,y,n,y
나무_7_남_07137.jpg,middle,center,y,y,y,n,y
나무_7_남_07780.jpg,middle,center,y,y,y,n,y
나무_7_남_08655.jpg,middle,center,y,y,y,n,y
나무_7_남_09271.jpg,middle,center,y,y,y,n,y
나무_7_남_09286.jpg,middle,center,y,y,y,n,y
나무_7_남_10741.jpg,middle,center,y,y,y,n,y
나무_8_여_00041.jpg,middle,center,y,y,y,y,y
나무_8_여_00111.jpg,middle,center,y,y,y,n,y
나무_8_여_00190.jpg,middle,left,y,y,y,n,y
나무_8_여_00240.jpg,middle,center,y,y,y,y,y
나무_8_여_00346.jpg,middle,center,y,y,y,n,y
나무_8_여_00385.jpg,big,center,y,y,y,n,y
나무_8_여_00568.jpg,middle,center,y,y,y,y,y
나무_8_여_00905.jpg,middle,center,y,y,y,y,y
나무_8_여_01091.jpg,big,center,y,y,y,n,y
나무_8_여_01209.jpg,middle,right,y,y,y,n,y
나무_8_여_01546.jpg,middle,center,y,y,y,y,y
나무_8_여_01748.jpg,big,center,y,y,y,n,y
나무_8_여_01852.jpg,middle,center,y,y,y,y,y
나무_8_여_01893.jpg,big,center,y,y,y,n,y
나무_8_여_01930.jpg,middle,center,y,y,y,y,y
나무_8_여_01942.jpg,middle,center,y,y,y,n,y
나무_8_여_02485.jpg,big,center,y,y,y,y,y
나무_8_여_02706.jpg,middle,center,y,y,y,n,y
나무_8_여_02786.jpg,middle,center,y,y,y,n,y
나무_8_여_02813.jpg,middle,center,y,y,y,n,y
나무_8_여_02999.jpg,middle,left,y,y,y,n,y
나무_8_여_03293.jpg,big,center,y,y,y,n,y
나무_8_여_03343.jpg,middle,center,y,y,n,n,y
나무_8_여_03526.jpg,middle,center,y,y,y,n,y
나무_8_여_03732.jpg,small,left,y,y,y,n,y
나무_8_여_03748.jpg,middle,center,y,y,y,n,y
나무_8_여_03796.jpg,middle,center,y,y,y,n,y
나무_8_여_03808.jpg,small,center,y,y,y,n,y
나무_8_여_04182.jpg,middle,center,y,y,y,y,y
나무_8_여_04554.jpg,middle,center,y,y,y,n,y
나무_8_여_04640.jpg,middle,center,y,y,y,n,y
나무_8_여_04756.jpg,middle,center,y,y,y,n,y
나무_8_여_04804.jpg,middle,center,y,y,y,y,y
나무_8_여_04917.jpg,big,center,y,y,y,n,y
나무_8_여_05133.jpg,middle,center,y,y,y,y,y
나무_8_여_05241.jpg,middle,center,y,y,y,n,y
나무_8_여_05429.jpg,middle,center,y,y,y,y,y
나무_8_여_05437.jpg,big,center,y,y,y,y,y
나무_8_여_05525.jpg,middle,center,y,y,y,n,y
나무_8_여_05639.jpg,middle,center,y,y,y,n,y
나무_8_여_05685.jpg,middle,center,y,y,y,n,y
나무_8_여_05855.jpg,middle,left,y,y,y,n,y
나무_8_여_06370.jpg,middle,center,y,y,y,y,y
나무_8_여_06608.jpg,middle,center,y,y,y,y,y
나무_8_여_06662.jpg,middle,center,y,y,y,n,y
나무_8_여_06738.jpg,middle,left,y,y,y,n,y
나무_8_여_06806.jpg,middle,right,y,y,y,n,y
나무_8_여_06816.jpg,middle,center,y,y,y,y,y
나무_8_여_06876.jpg,middle,center,y,y,y,n,y
나무_8_여_07313.jpg,middle,center,y,y,y,y,y
나무_8_여_07434.jpg,middle,center,y,y,y,y,y
나무_8_여_07448.jpg,middle,center,y,y,y,n,y
나무_8_여_07480.jpg,middle,center,y,y,y,n,y
나무_8_여_07522.jpg,small,left,y,y,n,n,y
나무_8_여_07711.jpg,middle,center,y,y,y,n,y
나무_8_여_07804.jpg,middle,left,y,y,y,n,y
나무_8_여_07826.jpg,middle,center,y,y,y,y,y
나무_8_여_07950.jpg,big,center,n,y,y,n,y
나무_8_여_08003.jpg,middle,center,y,y,y,n,y
나무_8_여_08063.jpg,big,center,y,y,y,y,y
나무_8_여_08385.jpg,middle,center,y,y,y,n,y
나무_8_여_08667.jpg,middle,center,y,y,y,y,y
나무_8_여_08679.jpg,middle,center,y,y,y,n,y
나무_8_여_08701.jpg,big,center,y,y,y,n,y
나무_8_여_08881.jpg,big,center,y,y,y,n,y
나무_8_여_08912.jpg,middle,center,y,y,y,y,y
나무_8_여_08945.jpg,middle,center,y,y,y,n,y
나무_8_여_09181.jpg,middle,left,y,y,y,n,y
나무_8_여_09467.jpg,middle,left,y,y,y,n,y
나무_8_여_09686.jpg,middle,center,y,y,y,n,y
나무_8_여_09897.jpg,middle,center,y,y,y,y,y
나무_8_여_09991.jpg,middle,center,y,y,y,n,y
나무_8_여_10026.jpg,middle,center,y,y,y,n,y
나무_8_여_10131.jpg,middle,center,y,y,y,n,y
나무_8_여_10287.jpg,middle,center,y,y,y,n,y
나무_8_여_10481.jpg,middle,left,y,y,n,n,y
나무_8_여_10720.jpg,middle,center,y,y,y,n,y
나무_8_여_10931.jpg,big,center,y,y,y,y,y
나무_8_여_11149.jpg,middle,left,y,y,y,n,y
나무_8_여_11260.jpg,middle,center,y,y,y,n,y
나무_8_여_11292.jpg,middle,center,y,y,y,y,y
나무_8_여_11454.jpg,middle,right,y,y,y,n,y
나무_8_여_11643.jpg,middle,left,y,y,y,n,y
나무_8_여_11707.jpg,middle,center,y,y,y,n,y
나무_8_여_12035.jpg,big,center,y,y,y,n,y
나무_8_여_12055.jpg,middle,center,y,y,y,y,y
나무_8_여_12152.jpg,middle,center,y,y,y,n,y
나무_8_여_12212.jpg,middle,center,y,y,y,n,y
나무_8_여_12287.jpg,middle,right,y,y,y,n,y
나무_8_여_12317.jpg,middle,center,y,y,y,n,y
나무_8_여_12362.jpg,big,center,y,y,y,y,y
나무_8_여_12566.jpg,middle,left,y,y,y,n,y
나무_8_여_12689.jpg,big,center,y,y,y,n,y
나무_8_여_12949.jpg,middle,center,y,y,y,y,y
나무_8_여_12988.jpg,middle,left,y,y,y,y,y
나무_8_여_12997.jpg,middle,center,y,y,y,y,y
나무_8_여_13018.jpg,big,center,y,y,y,y,y
나무_8_여_13061.jpg,middle,center,y,y,y,y,y
나무_8_여_13113.jpg,middle,left,y,y,y,y,y
나무_8_여_13179.jpg,middle,center,y,y,y,n,y
나무_8_여_13257.jpg,middle,left,y,y,y,n,y
나무_8_여_13598.jpg,middle,center,y,y,y,y,y
나무_8_여_13897.jpg,middle,center,y,y,y,n,y
나무_8_남_00034.jpg,middle,center,y,y,y,n,y
나무_8_남_00062.jpg,middle,center,y,y,y,n,y
나무_8_남_00094.jpg,middle,left,y,y,y,y,y
나무_8_남_00097.jpg,middle,center,y,y,y,n,y
나무_8_남_00248.jpg,big,center,y,y,y,n,y
나무_8_남_00278.jpg,middle,left,y,y,y,y,n
나무_8_남_00289.jpg,middle,center,y,y,y,n,y
나무_8_남_00395.jpg,big,center,y,y,y,y,y
나무_8_남_00572.jpg,middle,left,y,y,y,y,y
나무_8_남_00615.jpg,middle,center,y,y,y,n,y
나무_8_남_00748.jpg,middle,center,y,y,y,n,y
나무_8_남_00831.jpg,middle,center,y,y,y,n,y
나무_8_남_01001.jpg,middle,left,y,y,y,n,y
나무_8_남_01008.jpg,big,center,y,y,y,n,y
나무_8_남_01021.jpg,big,center,y,y,y,y,y
나무_8_남_01183.jpg,middle,center,y,y,y,n,y
나무_8_남_01251.jpg,big,center,y,y,y,y,y
나무_8_남_02027.jpg,small,left,y,y,y,n,y
나무_8_남_02417.jpg,middle,center,y,y,y,n,y
나무_8_남_02494.jpg,big,center,y,y,y,y,y
나무_8_남_02804.jpg,big,center,y,y,y,n,y
나무_8_남_03097.jpg,middle,center,y,y,y,n,y
나무_8_남_03145.jpg,middle,center,y,y,y,y,y
나무_8_남_03193.jpg,middle,center,n,y,y,n,y
나무_8_남_03219.jpg,middle,center,y,y,y,y,y
나무_8_남_03252.jpg,middle,left,y,y,y,y,y
나무_8_남_03305.jpg,middle,left,y,y,y,n,y
나무_8_남_03329.jpg,big,center,y,y,y,n,y
나무_8_남_03544.jpg,middle,center,y,y,y,n,y
나무_8_남_03562.jpg,middle,center,y,y,y,n,y
나무_8_남_03679.jpg,middle,center,y,y,y,n,y
나무_8_남_03700.jpg,middle,center,y,y,y,y,y
나무_8_남_03816.jpg,small,right,y,y,y,n,y
나무_8_남_03834.jpg,big,center,y,y,y,n,y
나무_8_남_03839.jpg,small,left,y,y,n,y,y
나무_8_남_03892.jpg,middle,center,y,y,y,y,y
나무_8_남_03893.jpg,big,center,y,y,n,y,y
나무_8_남_03929.jpg,middle,center,y,y,y,n,y
나무_8_남_04025.jpg,small,center,y,y,y,y,y
나무_8_남_04045.jpg,middle,center,y,y,y,n,y
나무_8_남_04415.jpg,middle,left,y,y,y,n,y
나무_8_남_04429.jpg,middle,center,y,y,y,y,y
나무_8_남_04461.jpg,big,center,y,y,y,n,y
나무_8_남_04481.jpg,middle,center,y,y,y,n,y
나무_8_남_04666.jpg,big,center,y,y,y,y,y
나무_8_남_04701.jpg,middle,left,y,y,y,n,y
나무_8_남_04762.jpg,middle,center,y,y,y,n,y
나무_8_남_04833.jpg,middle,center,y,y,y,y,y
나무_8_남_04838.jpg,big,center,y,y,y,n,y
나무_8_남_04853.jpg,middle,center,y,y,y,y,y
나무_8_남_04866.jpg,big,center,y,y,y,y,y
나무_8_남_04928.jpg,middle,center,y,y,y,y,y
나무_8_남_05074.jpg,small,center,y,y,y,n,y
나무_8_남_05085.jpg,middle,center,y,y,y,n,y
나무_8_남_05109.jpg,middle,center,y,y,y,y,y
나무_8_남_05157.jpg,middle,center,y,y,y,n,y
나무_8_남_05198.jpg,big,center,y,y,n,y,y
나무_8_남_05262.jpg,big,center,y,y,y,y,y
나무_8_남_05392.jpg,middle,center,y,y,y,y,y
나무_8_남_05502.jpg,middle,center,y,y,y,y,y
나무_8_남_05528.jpg,big,center,y,y,y,y,y
나무_8_남_05668.jpg,middle,center,y,y,y,n,y
나무_8_남_05723.jpg,middle,center,y,y,y,y,y
나무_8_남_05880.jpg,big,center,y,y,y,n,y
나무_8_남_06040.jpg,middle,center,y,y,y,n,y
나무_8_남_06152.jpg,big,center,y,y,y,n,y
나무_8_남_06166.jpg,big,center,y,y,y,n,y
나무_8_남_06261.jpg,middle,center,y,y,y,n,y
나무_8_남_06460.jpg,middle,center,y,y,y,n,y
나무_8_남_06528.jpg,middle,left,y,y,y,n,y
나무_8_남_06573.jpg,big,center,y,y,y,n,y
나무_8_남_06658.jpg,middle,center,y,y,y,y,y
나무_8_남_06898.jpg,big,center,y,y,y,n,y
나무_8_남_06946.jpg,big,center,y,y,y,y,y
나무_8_남_06947.jpg,small,left,y,y,y,n,y
나무_8_남_06963.jpg,middle,center,y,y,y,n,y
나무_8_남_07088.jpg,big,center,y,y,y,n,y
나무_8_남_07159.jpg,middle,center,y,y,y,n,y
나무_8_남_07173.jpg,small,left,y,y,y,n,n
나무_8_남_07187.jpg,big,center,y,y,y,n,y
나무_8_남_07239.jpg,middle,left,y,y,y,n,y
나무_8_남_07283.jpg,middle,center,y,y,y,n,y
나무_8_남_07377.jpg,middle,center,y,y,y,n,y
나무_8_남_07507.jpg,middle,center,y,y,y,n,y
나무_8_남_07582.jpg,middle,center,y,y,n,n,y
나무_8_남_07668.jpg,middle,center,y,y,y,n,y
나무_8_남_07776.jpg,middle,center,y,y,y,n,y
나무_8_남_07832.jpg,middle,center,y,y,n,n,y
나무_8_남_07923.jpg,small,center,y,y,y,n,y
나무_8_남_08059.jpg,middle,center,y,y,y,y,y
나무_8_남_08194.jpg,middle,center,y,y,y,n,y
나무_8_남_08380.jpg,middle,center,y,y,y,n,y
나무_8_남_08432.jpg,middle,right,y,y,y,n,y
나무_8_남_08555.jpg,middle,center,y,y,y,n,y
나무_8_남_08642.jpg,middle,center,y,y,y,n,y
나무_8_남_08731.jpg,middle,center,y,y,y,y,y
나무_8_남_08856.jpg,middle,center,y,y,y,n,y
나무_8_남_09075.jpg,middle,center,y,y,y,n,y
나무_8_남_09102.jpg,middle,right,y,y,y,y,y
나무_8_남_09134.jpg,middle,center,y,y,y,n,y
나무_8_남_09309.jpg,middle,center,y,y,y,n,y
나무_8_남_09507.jpg,middle,center,y,y,y,n,y
나무_8_남_09661.jpg,small,center,y,y,y,n,y
나무_8_남_09846.jpg,middle,center,y,y,y,n,y
나무_8_남_09931.jpg,middle,center,y,y,y,n,y
나무_8_남_10022.jpg,middle,center,y,y,y,y,y
나무_8_남_10261.jpg,big,center,y,y,y,n,y
나무_8_남_10305.jpg,middle,center,y,y,y,n,y
나무_8_남_10505.jpg,small,center,y,y,y,n,y
나무_8_남_10508.jpg,big,center,y,y,y,y,y
나무_8_남_10592.jpg,middle,center,y,y,n,n,y
나무_8_남_10687.jpg,big,center,y,y,y,n,y
나무_8_남_10708.jpg,middle,center,y,y,y,n,y
나무_8_남_10745.jpg,small,left,y,y,y,y,y
나무_8_남_10784.jpg,middle,left,y,y,y,y,y
나무_8_남_10901.jpg,big,center,y,y,y,n,y
나무_8_남_10999.jpg,middle,center,y,y,y,y,y
나무_8_남_11116.jpg,middle,center,y,y,y,n,y
나무_8_남_11181.jpg,middle,center,y,y,y,n,y
나무_8_남_11200.jpg,big,center,y,y,y,n,y
나무_8_남_11505.jpg,middle,left,y,y,y,n,n
나무_8_남_11565.jpg,big,center,y,y,y,n,y
나무_8_남_11567.jpg,middle,center,y,y,y,n,y
나무_8_남_11610.jpg,middle,center,y,y,y,n,y
나무_8_남_11721.jpg,middle,center,y,y,y,n,y
나무_8_남_11835.jpg,big,center,y,y,y,n,y
나무_8_남_11866.jpg,middle,center,y,y,y,n,y
나무_8_남_11880.jpg,middle,center,y,y,y,n,y
나무_8_남_12211.jpg,middle,center,y,y,y,n,y
나무_8_남_12427.jpg,middle,center,y,y,y,n,y
나무_8_남_12583.jpg,middle,center,y,y,y,n,y
나무_8_남_12591.jpg,middle,center,y,y,y,n,y
나무_8_남_12649.jpg,middle,center,y,y,y,n,y
나무_8_남_12656.jpg,small,left,y,y,y,y,y
나무_8_남_12743.jpg,middle,left,y,y,y,n,y
나무_8_남_12819.jpg,small,center,y,y,y,n,y
나무_8_남_12928.jpg,big,center,y,y,y,n,y
나무_8_남_13044.jpg,middle,center,y,y,y,n,y
나무_8_남_13115.jpg,big,center,y,y,y,n,y
나무_8_남_13311.jpg,middle,left,y,y,y,y,y
나무_8_남_13328.jpg,middle,center,y,y,y,y,y
나무_8_남_13374.jpg,middle,left,y,y,y,n,y
나무_8_남_13508.jpg,middle,center,y,y,y,n,y
나무_8_남_13544.jpg,small,left,y,y,y,n,y
나무_8_남_13993.jpg,big,center,y,y,y,y,y
나무_9_여_00037.jpg,big,center,y,y,y,n,y
나무_9_여_00109.jpg,middle,center,y,y,y,y,y
나무_9_여_00186.jpg,big,center,y,y,y,n,y
나무_9_여_00382.jpg,middle,center,y,y,y,y,y
나무_9_여_01269.jpg,middle,right,y,y,y,n,y
나무_9_여_01602.jpg,big,center,y,y,y,n,y
나무_9_여_01655.jpg,middle,center,y,y,y,y,y
나무_9_여_01899.jpg,middle,center,y,y,y,n,y
나무_9_여_01904.jpg,big,center,y,y,y,y,y
나무_9_여_01999.jpg,small,center,y,y,y,y,y
나무_9_여_02192.jpg,big,center,y,y,y,n,y
나무_9_여_02241.jpg,middle,center,y,y,y,n,y
나무_9_여_02310.jpg,big,center,y,y,y,n,y
나무_9_여_02455.jpg,middle,center,y,y,y,n,y
나무_9_여_02541.jpg,big,center,y,y,y,y,y
나무_9_여_02555.jpg,middle,center,y,y,y,y,y
나무_9_여_02641.jpg,middle,center,y,y,y,n,y
나무_9_여_02909.jpg,big,center,y,y,y,n,y
나무_9_여_02951.jpg,middle,center,y,y,y,y,y
나무_9_여_03049.jpg,middle,center,y,y,y,n,y
나무_9_여_03131.jpg,middle,center,y,n,y,n,y
나무_9_여_03138.jpg,big,center,y,y,y,n,y
나무_9_여_03158.jpg,big,center,y,y,y,y,y
나무_9_여_03325.jpg,big,center,y,y,y,n,y
나무_9_여_03418.jpg,big,center,y,y,y,y,y
나무_9_여_03642.jpg,middle,left,y,y,y,n,y
나무_9_여_04122.jpg,big,center,y,y,y,n,y
나무_9_여_04240.jpg,middle,left,y,y,y,n,y
나무_9_여_04274.jpg,big,center,y,y,n,n,y
나무_9_여_04515.jpg,big,center,y,y,y,n,y
나무_9_여_04625.jpg,big,center,y,y,y,y,y
나무_9_여_04731.jpg,middle,left,y,y,y,n,y
나무_9_여_04741.jpg,middle,center,y,y,y,n,y
나무_9_여_04890.jpg,big,center,y,y,y,y,y
나무_9_여_04938.jpg,middle,center,y,y,y,y,y
나무_9_여_05005.jpg,big,center,y,y,y,n,y
나무_9_여_05041.jpg,middle,center,y,y,y,n,y
나무_9_여_05191.jpg,middle,left,y,y,y,y,y
나무_9_여_05346.jpg,middle,center,y,y,y,y,y
나무_9_여_05457.jpg,middle,center,y,y,y,y,y
나무_9_여_05500.jpg,middle,center,y,y,y,y,y
나무_9_여_05624.jpg,middle,center,y,y,y,n,y
나무_9_여_05635.jpg,middle,center,y,y,y,n,y
나무_9_여_05747.jpg,middle,center,y,y,y,y,y
나무_9_여_05749.jpg,middle,center,y,y,y,y,y
나무_9_여_05766.jpg,big,center,y,y,y,y,y
나무_9_여_05767.jpg,middle,center,y,y,y,y,y
나무_9_여_06056.jpg,middle,center,y,y,y,n,y
나무_9_여_06192.jpg,big,center,y,y,y,n,y
나무_9_여_06404.jpg,middle,right,y,y,y,n,y
나무_9_여_06508.jpg,big,center,y,y,y,n,y
나무_9_여_06526.jpg,middle,left,y,y,y,n,y
나무_9_여_06750.jpg,middle,center,y,y,y,n,y
나무_9_여_06932.jpg,middle,center,y,y,y,n,y
나무_9_여_07140.jpg,big,center,y,y,y,n,y
나무_9_여_07167.jpg,middle,center,y,y,n,n,y
나무_9_여_07380.jpg,middle,center,y,y,y,n,y
나무_9_여_07625.jpg,middle,center,y,y,y,y,y
나무_9_여_07698.jpg,middle,center,y,y,y,n,y
나무_9_여_07812.jpg,middle,center,y,y,n,n,y
나무_9_여_07903.jpg,middle,center,y,y,y,n,y
나무_9_여_08077.jpg,big,center,y,y,n,y,y
나무_9_여_08195.jpg,middle,center,y,y,y,y,y
나무_9_여_08292.jpg,big,center,y,y,y,n,y
나무_9_여_08571.jpg,middle,center,y,y,y,n,y
나무_9_여_08741.jpg,middle,center,y,y,y,n,y
나무_9_여_08933.jpg,big,center,y,y,y,y,y
나무_9_여_08942.jpg,middle,center,y,y,y,n,y
나무_9_여_08994.jpg,middle,center,y,y,y,y,y
나무_9_여_09109.jpg,big,center,y,y,y,n,y
나무_9_여_09283.jpg,big,center,y,y,y,y,y
나무_9_여_09420.jpg,big,center,y,y,y,n,y
나무_9_여_09763.jpg,middle,left,y,y,y,y,y
나무_9_여_09794.jpg,middle,center,y,y,y,n,y
나무_9_여_10361.jpg,middle,center,y,y,y,y,y
나무_9_여_10617.jpg,big,center,y,y,n,y,y
나무_9_여_10833.jpg,middle,center,y,y,y,n,y
나무_9_여_11250.jpg,middle,center,y,y,y,n,y
나무_9_여_11562.jpg,middle,center,y,y,y,y,y
나무_9_여_11990.jpg,big,center,y,y,y,y,y
나무_9_여_12087.jpg,middle,center,y,y,y,n,y
나무_9_여_12137.jpg,middle,center,y,y,y,n,y
나무_9_여_12373.jpg,big,right,y,y,y,n,y
나무_9_여_12492.jpg,middle,center,y,y,y,y,y
나무_9_여_12523.jpg,middle,center,y,y,y,n,y
나무_9_여_12534.jpg,middle,center,y,y,y,y,y
나무_9_여_12538.jpg,middle,center,y,y,y,n,y
나무_9_여_12565.jpg,middle,center,y,y,y,y,y
나무_9_여_12638.jpg,big,center,y,y,y,n,y
나무_9_여_12650.jpg,small,left,y,y,y,y,y
나무_9_여_13050.jpg,middle,center,y,y,y,n,y
나무_9_여_13184.jpg,middle,center,y,y,y,n,y
나무_9_여_13207.jpg,middle,center,y,y,y,y,y
나무_9_여_13282.jpg,middle,center,y,y,y,y,y
나무_9_여_13334.jpg,middle,left,y,y,y,y,y
나무_9_여_13400.jpg,middle,left,y,y,y,y,y
나무_9_여_13511.jpg,middle,center,y,y,y,y,y
나무_9_여_13515.jpg,middle,left,y,y,y,n,y
나무_9_여_13619.jpg,middle,center,y,y,y,n,y
나무_9_여_13657.jpg,middle,center,y,y,y,n,y
나무_9_여_13894.jpg,big,center,y,y,n,n,y
나무_9_남_00012.jpg,big,center,y,y,y,n,y
나무_9_남_00046.jpg,middle,center,y,y,y,n,y
나무_9_남_00063.jpg,middle,center,y,y,y,n,y
나무_9_남_00179.jpg,big,center,y,y,y,y,y
나무_9_남_00340.jpg,middle,center,y,y,y,n,y
나무_9_남_00440.jpg,middle,right,y,y,y,n,y
나무_9_남_00492.jpg,big,center,y,y,y,n,y
나무_9_남_00551.jpg,big,center,y,y,n,n,y
나무_9_남_00637.jpg,middle,center,y,y,y,y,y
나무_9_남_00698.jpg,middle,center,y,y,y,n,y
나무_9_남_00712.jpg,middle,center,y,y,y,y,y
나무_9_남_00807.jpg,middle,center,n,y,n,y,y
나무_9_남_00810.jpg,middle,right,y,y,y,y,y
나무_9_남_00843.jpg,middle,left,y,y,y,y,y
나무_9_남_00844.jpg,big,center,y,y,y,n,y
나무_9_남_00984.jpg,middle,left,y,y,y,n,y
나무_9_남_01075.jpg,middle,center,y,y,y,n,y
나무_9_남_01111.jpg,middle,center,y,y,y,n,y
나무_9_남_01195.jpg,middle,center,y,y,y,n,y
나무_9_남_01285.jpg,middle,center,y,y,y,y,y
나무_9_남_01398.jpg,middle,center,y,y,y,n,n
나무_9_남_01480.jpg,middle,center,y,y,y,n,y
나무_9_남_01487.jpg,big,center,y,y,y,y,y
나무_9_남_01644.jpg,big,center,y,y,y,n,y
나무_9_남_01686.jpg,big,center,y,y,y,y,y
나무_9_남_01747.jpg,big,center,y,y,y,n,y
나무_9_남_01771.jpg,middle,center,y,y,y,n,y
나무_9_남_01811.jpg,middle,left,y,y,y,n,y
나무_9_남_01823.jpg,middle,center,y,y,y,n,y
나무_9_남_01841.jpg,middle,left,y,y,y,y,y
나무_9_남_01900.jpg,middle,center,y,y,y,y,y
나무_9_남_01965.jpg,middle,left,y,y,y,y,y
나무_9_남_02098.jpg,small,center,y,y,y,n,y
나무_9_남_02146.jpg,middle,center,y,y,y,y,y
나무_9_남_02250.jpg,middle,left,y,y,y,n,y
나무_9_남_02297.jpg,middle,center,y,y,y,n,y
나무_9_남_02362.jpg,big,center,y,y,y,y,y
나무_9_남_02432.jpg,middle,center,y,y,y,n,y
나무_9_남_02467.jpg,small,left,y,y,y,n,y
나무_9_남_02656.jpg,middle,left,y,y,y,n,y
나무_9_남_02660.jpg,big,center,y,y,y,n,y
나무_9_남_02698.jpg,middle,center,y,y,y,y,y
나무_9_남_02773.jpg,middle,center,y,y,y,n,y
나무_9_남_02920.jpg,small,center,y,y,y,n,y
나무_9_남_02935.jpg,big,center,y,y,n,y,y
나무_9_남_02997.jpg,middle,center,y,y,y,n,y
나무_9_남_03184.jpg,middle,center,y,y,y,n,y
나무_9_남_03226.jpg,middle,left,y,y,y,n,y
나무_9_남_03270.jpg,middle,center,y,y,y,y,y
나무_9_남_03331.jpg,middle,left,y,y,y,n,y
나무_9_남_03368.jpg,middle,center,y,y,y,n,y
나무_9_남_03375.jpg,small,right,y,y,y,n,y
나무_9_남_03390.jpg,middle,center,y,y,y,n,y
나무_9_남_03447.jpg,middle,center,y,y,y,n,y
나무_9_남_03473.jpg,middle,center,y,y,y,n,y
나무_9_남_03499.jpg,middle,center,y,y,y,y,y
나무_9_남_03511.jpg,big,center,y,y,y,n,y
나무_9_남_03680.jpg,middle,left,y,y,y,n,y
나무_9_남_03811.jpg,middle,center,y,y,y,n,y
나무_9_남_03841.jpg,middle,center,y,y,y,n,y
나무_9_남_03906.jpg,big,center,y,y,y,n,y
나무_9_남_03972.jpg,middle,center,y,y,y,n,y
나무_9_남_04001.jpg,middle,center,y,y,y,n,y
나무_9_남_04087.jpg,big,center,y,y,n,y,y
나무_9_남_04200.jpg,middle,center,y,y,y,n,y
나무_9_남_04318.jpg,big,center,y,y,y,n,y
나무_9_남_04405.jpg,middle,center,y,y,y,y,y
나무_9_남_04425.jpg,middle,center,y,y,y,y,y
나무_9_남_04448.jpg,big,center,y,y,y,y,n
나무_9_남_04456.jpg,middle,center,y,y,y,n,y
나무_9_남_04459.jpg,middle,center,y,y,y,n,y
나무_9_남_04486.jpg,big,center,y,y,y,y,y
나무_9_남_04539.jpg,middle,center,y,y,y,n,y
나무_9_남_04546.jpg,middle,left,y,y,y,n,y
나무_9_남_04570.jpg,middle,center,y,y,y,n,y
나무_9_남_04642.jpg,middle,center,y,y,y,n,y
나무_9_남_04645.jpg,middle,center,y,y,y,n,y
나무_9_남_04774.jpg,middle,center,y,y,y,n,y
나무_9_남_04942.jpg,middle,center,y,y,y,y,y
나무_9_남_05031.jpg,middle,center,y,y,y,y,y
나무_9_남_05088.jpg,middle,center,y,y,y,n,y
나무_9_남_05148.jpg,middle,center,y,y,y,n,y
나무_9_남_05380.jpg,middle,center,y,y,y,n,y
나무_9_남_05474.jpg,middle,center,y,y,y,n,y
나무_9_남_05541.jpg,middle,center,y,y,y,y,y
나무_9_남_05583.jpg,big,center,y,y,y,y,n
나무_9_남_05603.jpg,middle,center,y,y,y,n,y
나무_9_남_05846.jpg,middle,left,y,y,y,n,y
나무_9_남_05923.jpg,middle,left,y,y,y,y,y
나무_9_남_06132.jpg,middle,center,y,y,y,n,y
나무_9_남_06198.jpg,middle,center,y,y,y,n,y
나무_9_남_06255.jpg,big,center,y,y,y,n,y
나무_9_남_06258.jpg,big,center,y,y,y,y,y
나무_9_남_06266.jpg,middle,left,y,y,y,y,y
나무_9_남_06341.jpg,middle,center,y,y,y,n,y
나무_9_남_06422.jpg,middle,center,y,y,y,y,y
나무_9_남_06646.jpg,middle,center,y,y,y,n,y
나무_9_남_06675.jpg,small,center,y,y,y,n,y
나무_9_남_06702.jpg,middle,center,y,y,y,n,y
나무_9_남_06706.jpg,big,center,y,y,y,y,y
나무_9_남_06792.jpg,middle,center,y,y,y,n,y
나무_9_남_06854.jpg,middle,center,y,y,y,n,y
나무_9_남_06890.jpg,big,center,y,y,y,n,y
나무_9_남_06891.jpg,middle,left,y,y,y,y,y
나무_9_남_07145.jpg,big,center,y,y,y,y,y
나무_9_남_07221.jpg,middle,center,y,y,y,n,y
나무_9_남_07243.jpg,middle,center,y,y,n,n,y
나무_9_남_07324.jpg,big,center,y,y,y,n,y
나무_9_남_07415.jpg,big,center,y,y,y,y,y
나무_9_남_07423.jpg,middle,right,y,y,y,y,y
나무_9_남_07474.jpg,middle,center,y,y,y,n,y
나무_9_남_07501.jpg,middle,left,y,y,y,n,y
나무_9_남_07520.jpg,middle,center,y,y,y,n,y
나무_9_남_07683.jpg,small,left,y,y,y,n,y
나무_9_남_07760.jpg,middle,center,y,y,y,n,y
나무_9_남_07881.jpg,big,center,y,y,y,n,y
나무_9_남_07907.jpg,big,center,y,y,y,y,y
나무_9_남_07957.jpg,middle,left,y,y,y,n,y
나무_9_남_08085.jpg,middle,center,y,y,y,n,y
나무_9_남_08090.jpg,middle,center,y,y,y,n,y
나무_9_남_08174.jpg,middle,center,y,y,y,n,y
나무_9_남_08180.jpg,middle,center,y,y,y,n,y
나무_9_남_08182.jpg,middle,center,y,y,y,n,y
나무_9_남_08211.jpg,big,center,y,y,y,n,y
나무_9_남_08215.jpg,middle,center,y,y,n,y,y
나무_9_남_08322.jpg,small,center,y,y,y,n,y
나무_9_남_08406.jpg,big,center,y,y,y,n,y
나무_9_남_08410.jpg,middle,center,y,y,n,n,y
나무_9_남_08439.jpg,middle,center,y,y,y,n,y
나무_9_남_08546.jpg,middle,center,y,y,y,y,y
나무_9_남_08699.jpg,middle,center,y,y,y,y,y
나무_9_남_08767.jpg,middle,center,y,y,y,n,y
나무_9_남_08770.jpg,big,center,y,y,y,y,y
나무_9_남_08890.jpg,middle,center,y,y,y,n,y
나무_9_남_08891.jpg,middle,center,y,y,y,n,y
나무_9_남_09032.jpg,middle,center,y,y,y,y,y
나무_9_남_09068.jpg,middle,center,y,y,y,n,y
나무_9_남_09194.jpg,big,center,y,y,y,y,y
나무_9_남_09218.jpg,big,center,y,y,y,n,y
나무_9_남_09484.jpg,middle,center,y,y,y,n,y
나무_9_남_09526.jpg,middle,center,y,y,y,n,y
나무_9_남_09530.jpg,middle,center,y,y,y,n,y
나무_9_남_09845.jpg,middle,center,y,y,y,n,y
나무_9_남_09855.jpg,middle,center,y,y,y,n,y
나무_9_남_09885.jpg,middle,center,y,y,y,n,y
나무_9_남_09929.jpg,middle,center,y,y,y,n,y
나무_9_남_09941.jpg,middle,right,y,y,y,n,y
나무_9_남_09942.jpg,middle,center,y,y,y,n,y
나무_9_남_10021.jpg,big,center,y,y,y,n,y
나무_9_남_10035.jpg,middle,center,y,y,y,y,y
나무_9_남_10110.jpg,big,center,y,y,y,n,y
나무_9_남_10136.jpg,middle,center,y,y,y,n,y
나무_9_남_10155.jpg,big,center,y,y,n,n,y
나무_9_남_10279.jpg,middle,center,y,y,n,n,y
나무_9_남_10370.jpg,middle,left,y,y,y,y,y
나무_9_남_10395.jpg,middle,center,y,y,y,n,y
나무_9_남_10483.jpg,middle,center,y,y,y,n,y
나무_9_남_10650.jpg,small,center,y,y,y,n,y
나무_9_남_10657.jpg,big,center,y,y,y,n,y
나무_9_남_10671.jpg,middle,center,y,y,n,n,y
나무_9_남_10717.jpg,big,center,y,y,y,n,y
나무_9_남_10849.jpg,big,center,y,y,y,n,y
나무_9_남_10902.jpg,middle,center,y,y,y,n,y
나무_9_남_10941.jpg,middle,center,y,y,y,n,y
나무_9_남_10969.jpg,middle,center,y,y,y,n,y
나무_9_남_11103.jpg,middle,center,y,y,y,n,y
나무_9_남_11182.jpg,middle,center,y,y,y,y,y
나무_9_남_11362.jpg,middle,center,n,y,n,y,y
나무_9_남_11371.jpg,big,center,n,y,y,n,y
나무_9_남_11404.jpg,middle,center,y,y,y,y,y
나무_9_남_11423.jpg,middle,left,y,y,y,y,y
나무_9_남_11429.jpg,middle,center,y,y,y,y,y
나무_9_남_11575.jpg,big,center,y,y,y,n,y
나무_9_남_11675.jpg,middle,center,y,y,y,y,y
나무_9_남_11724.jpg,middle,center,y,y,y,y,y
나무_9_남_11829.jpg,middle,center,y,y,y,y,y
나무_9_남_11846.jpg,middle,center,y,y,y,y,y
나무_9_남_11918.jpg,middle,center,y,y,y,n,y
나무_9_남_11961.jpg,middle,center,y,y,y,n,y
나무_9_남_11987.jpg,big,center,y,y,y,n,y
나무_9_남_12118.jpg,big,center,y,y,y,y,y
나무_9_남_12126.jpg,middle,center,y,y,y,n,y
나무_9_남_12139.jpg,middle,center,y,y,y,n,y
나무_9_남_12289.jpg,middle,center,y,y,y,n,y
나무_9_남_12360.jpg,big,center,y,y,y,n,y
나무_9_남_12413.jpg,middle,right,y,n,y,y,y
나무_9_남_12592.jpg,middle,center,y,y,y,n,y
나무_9_남_12611.jpg,middle,left,y,y,y,n,y
나무_9_남_12713.jpg,small,center,y,y,y,y,y
나무_9_남_12848.jpg,middle,center,y,y,y,n,y
나무_9_남_12945.jpg,middle,center,y,y,y,n,y
나무_9_남_13009.jpg,middle,left,y,y,y,n,y
나무_9_남_13110.jpg,middle,center,y,y,y,y,y
나무_9_남_13259.jpg,middle,center,y,y,y,n,y
나무_9_남_13275.jpg,big,center,y,y,y,y,y
나무_9_남_13392.jpg,big,center,y,y,y,n,y
나무_9_남_13394.jpg,middle,right,y,y,y,y,y
나무_9_남_13473.jpg,middle,right,y,y,y,n,y
나무_9_남_13484.jpg,big,center,y,y,y,n,y
나무_9_남_13561.jpg,middle,left,y,y,y,n,y
나무_9_남_13687.jpg,middle,center,y,y,y,n,y
나무_9_남_13934.jpg,big,center,y,y,y,n,y
