id,size,loc,arm_yn,eye_yn,leg_yn,mouth_yn
여자사람_10_여_00149.jpg,small,center,y,y,y,y
여자사람_10_여_00186.jpg,middle,center,y,y,y,y
여자사람_10_여_00360.jpg,middle,center,y,y,y,y
여자사람_10_여_00446.jpg,small,left,y,y,y,y
여자사람_10_여_00521.jpg,middle,center,y,y,y,y
여자사람_10_여_00613.jpg,small,left,y,y,y,y
여자사람_10_여_00730.jpg,small,center,y,y,y,y
여자사람_10_여_00756.jpg,middle,center,y,y,y,y
여자사람_10_여_00803.jpg,big,center,y,y,y,y
여자사람_10_여_00912.jpg,middle,center,y,y,y,y
여자사람_10_여_01007.jpg,middle,center,y,y,y,y
여자사람_10_여_01124.jpg,small,center,y,y,y,y
여자사람_10_여_01228.jpg,big,center,y,y,y,y
여자사람_10_여_01238.jpg,middle,center,y,y,y,y
여자사람_10_여_01249.jpg,middle,left,y,y,y,y
여자사람_10_여_01408.jpg,middle,center,y,y,y,y
여자사람_10_여_01544.jpg,small,center,y,y,y,y
여자사람_10_여_01665.jpg,small,center,y,y,y,y
여자사람_10_여_01781.jpg,middle,center,y,y,y,y
여자사람_10_여_01989.jpg,middle,center,y,y,y,y
여자사람_10_여_02022.jpg,small,center,y,y,y,y
여자사람_10_여_02031.jpg,small,center,y,y,y,y
여자사람_10_여_02206.jpg,middle,center,y,y,y,y
여자사람_10_여_02240.jpg,middle,center,y,y,y,y
여자사람_10_여_02311.jpg,middle,center,y,y,y,y
여자사람_10_여_02430.jpg,middle,center,y,y,y,y
여자사람_10_여_02475.jpg,small,center,y,y,y,n
여자사람_10_여_02477.jpg,middle,right,y,y,y,y
여자사람_10_여_02525.jpg,small,center,y,y,y,y
여자사람_10_여_02572.jpg,big,center,y,y,y,y
여자사람_10_여_02586.jpg,small,center,y,y,y,y
여자사람_10_여_02613.jpg,middle,center,y,y,y,y
여자사람_10_여_02640.jpg,middle,center,y,y,y,y
여자사람_10_여_02643.jpg,small,center,y,y,y,y
여자사람_10_여_02674.jpg,middle,center,y,y,y,y
여자사람_10_여_02702.jpg,small,center,y,y,y,y
여자사람_10_여_02744.jpg,middle,center,y,y,y,y
여자사람_10_여_02825.jpg,small,center,y,y,y,y
여자사람_10_여_02859.jpg,small,center,y,y,y,y
여자사람_10_여_03112.jpg,middle,center,y,y,y,y
여자사람_10_여_03118.jpg,middle,center,y,y,y,y
여자사람_10_여_03135.jpg,big,center,y,y,y,y
여자사람_10_여_03312.jpg,middle,center,y,y,y,y
여자사람_10_여_03458.jpg,small,center,y,y,y,y
여자사람_10_여_03476.jpg,middle,center,y,y,y,y
여자사람_10_여_03648.jpg,middle,center,y,y,y,y
여자사람_10_여_03667.jpg,small,center,y,y,y,y
여자사람_10_여_03762.jpg,big,center,y,y,y,y
여자사람_10_여_03764.jpg,big,center,y,y,y,y
여자사람_10_여_03799.jpg,small,center,y,y,y,y
여자사람_10_여_03809.jpg,middle,center,y,y,y,y
여자사람_10_여_03810.jpg,small,center,y,y,y,y
여자사람_10_여_03873.jpg,middle,center,y,y,y,y
여자사람_10_여_03982.jpg,small,center,y,y,y,y
여자사람_10_여_04096.jpg,small,center,y,y,y,y
여자사람_10_여_04412.jpg,small,center,y,y,y,y
여자사람_10_여_04584.jpg,small,center,y,y,y,y
여자사람_10_여_04594.jpg,big,center,y,y,y,y
여자사람_10_여_04899.jpg,small,center,y,y,y,y
여자사람_10_여_04971.jpg,middle,center,y,n,y,y
여자사람_10_여_05196.jpg,middle,center,y,y,y,y
여자사람_10_여_05259.jpg,big,center,y,y,y,y
여자사람_10_여_05460.jpg,small,center,y,y,y,y
여자사람_10_여_05543.jpg,middle,center,y,y,y,y
여자사람_10_여_05727.jpg,small,center,y,y,y,y
여자사람_10_여_05768.jpg,middle,center,y,y,y,y
여자사람_10_여_05778.jpg,big,center,y,y,y,y
여자사람_10_여_05800.jpg,big,center,y,y,y,y
여자사람_10_여_05834.jpg,middle,center,y,y,y,y
여자사람_10_여_05931.jpg,middle,center,y,y,y,y
여자사람_10_여_05971.jpg,small,center,y,y,y,y
여자사람_10_여_06047.jpg,big,center,y,y,y,y
여자사람_10_여_06077.jpg,small,center,y,y,y,y
여자사람_10_여_06153.jpg,middle,center,y,y,y,y
여자사람_10_여_06360.jpg,small,center,y,y,y,y
여자사람_10_여_06522.jpg,small,center,y,y,y,y
여자사람_10_여_06623.jpg,small,center,y,y,y,y
여자사람_10_여_06727.jpg,middle,right,y,y,y,y
여자사람_10_여_06948.jpg,middle,center,y,y,y,y
여자사람_10_여_06960.jpg,middle,center,y,y,y,y
여자사람_10_여_07018.jpg,small,left,y,y,y,y
여자사람_10_여_07121.jpg,middle,center,y,y,y,y
여자사람_10_여_07141.jpg,middle,center,y,y,y,y
여자사람_10_여_07180.jpg,small,center,y,y,y,y
여자사람_10_여_07414.jpg,small,center,y,y,y,y
여자사람_10_여_07490.jpg,big,center,y,y,y,y
여자사람_10_여_07550.jpg,big,center,y,y,y,y
여자사람_10_여_07593.jpg,middle,center,y,y,y,y
여자사람_10_여_07596.jpg,small,center,y,y,y,y
여자사람_10_여_07649.jpg,middle,center,y,y,y,y
여자사람_10_여_07684.jpg,middle,center,y,y,y,y
여자사람_10_여_07697.jpg,middle,center,y,y,y,y
여자사람_10_여_07901.jpg,middle,center,y,y,y,y
여자사람_10_여_07920.jpg,middle,center,y,y,y,y
여자사람_10_여_07941.jpg,middle,center,y,y,y,y
여자사람_10_여_07945.jpg,middle,center,y,y,y,y
여자사람_10_여_08065.jpg,big,center,y,y,y,y
여자사람_10_여_08073.jpg,small,left,y,y,y,y
여자사람_10_여_08131.jpg,middle,center,y,y,y,y
여자사람_10_여_08203.jpg,small,center,y,y,y,y
여자사람_10_여_08208.jpg,middle,center,y,y,y,y
여자사람_10_여_08210.jpg,big,center,y,y,y,y
여자사람_10_여_08232.jpg,small,center,y,y,y,y
여자사람_10_여_08303.jpg,small,center,y,y,y,y
여자사람_10_여_08437.jpg,middle,center,y,y,y,y
여자사람_10_여_08479.jpg,big,center,n,y,y,y
여자사람_10_여_08498.jpg,middle,center,y,y,y,y
여자사람_10_여_08562.jpg,middle,center,y,y,y,y
여자사람_10_여_08870.jpg,small,center,y,y,y,y
여자사람_10_여_08873.jpg,small,center,y,y,y,y
여자사람_10_여_08879.jpg,middle,center,y,y,y,y
여자사람_10_여_09004.jpg,small,center,y,y,y,y
여자사람_10_여_09106.jpg,small,center,y,y,y,y
여자사람_10_여_09255.jpg,big,center,y,y,y,y
여자사람_10_여_09272.jpg,middle,left,y,y,y,y
여자사람_10_여_09294.jpg,middle,left,y,y,y,y
여자사람_10_여_09311.jpg,small,center,y,y,y,y
여자사람_10_여_09314.jpg,small,center,y,y,y,y
여자사람_10_여_09489.jpg,middle,center,y,y,y,y
여자사람_10_여_09854.jpg,big,center,y,y,y,y
여자사람_10_여_09914.jpg,middle,center,y,y,y,y
여자사람_10_여_09969.jpg,middle,center,y,y,y,y
여자사람_10_여_09992.jpg,small,center,y,y,y,y
여자사람_10_여_09999.jpg,small,center,y,y,y,y
여자사람_10_여_10119.jpg,small,center,y,y,y,y
여자사람_10_여_10228.jpg,middle,center,y,y,y,y
여자사람_10_여_10348.jpg,big,center,y,y,y,y
여자사람_10_여_10400.jpg,small,center,y,y,y,y
여자사람_10_여_10402.jpg,big,center,y,y,y,y
여자사람_10_여_10591.jpg,small,center,y,y,y,y
여자사람_10_여_10640.jpg,middle,center,y,y,y,y
여자사람_10_여_10647.jpg,big,center,y,y,y,y
여자사람_10_여_10807.jpg,middle,center,y,y,y,y
여자사람_10_여_10816.jpg,small,center,y,y,y,y
여자사람_10_여_10819.jpg,big,center,y,y,y,y
여자사람_10_여_10972.jpg,middle,center,y,y,y,y
여자사람_10_여_11048.jpg,middle,left,y,y,y,y
여자사람_10_여_11181.jpg,middle,center,y,y,y,y
여자사람_10_여_11330.jpg,middle,center,y,y,y,y
여자사람_10_여_11362.jpg,big,center,y,y,y,y
여자사람_10_여_11571.jpg,big,center,y,y,y,y
여자사람_10_여_11627.jpg,big,center,y,y,y,y
여자사람_10_여_11706.jpg,middle,center,y,y,y,y
여자사람_10_여_11744.jpg,middle,center,y,y,y,y
여자사람_10_여_11828.jpg,middle,center,y,y,y,y
여자사람_10_여_11899.jpg,middle,center,y,y,y,y
여자사람_10_여_12053.jpg,small,center,y,y,y,y
여자사람_10_여_12058.jpg,middle,center,y,y,y,y
여자사람_10_여_12108.jpg,big,center,y,y,y,y
여자사람_10_여_12118.jpg,middle,center,y,y,y,y
여자사람_10_여_12125.jpg,middle,center,y,y,y,y
여자사람_10_여_12234.jpg,small,center,y,y,y,y
여자사람_10_여_12384.jpg,middle,center,y,y,y,y
여자사람_10_여_12473.jpg,middle,center,y,y,y,y
여자사람_10_여_12492.jpg,big,center,y,y,y,y
여자사람_10_여_12639.jpg,middle,center,y,y,y,y
여자사람_10_여_12647.jpg,small,center,y,y,y,y
여자사람_10_여_12722.jpg,middle,center,y,y,y,y
여자사람_10_여_12787.jpg,small,center,y,y,y,y
여자사람_10_여_12833.jpg,middle,center,y,y,y,y
여자사람_10_여_12866.jpg,big,center,y,y,y,y
여자사람_10_여_12948.jpg,middle,center,y,y,y,y
여자사람_10_여_12968.jpg,middle,center,y,y,y,y
여자사람_10_여_12972.jpg,middle,center,y,y,y,y
여자사람_10_여_13030.jpg,middle,center,y,y,y,y
여자사람_10_여_13388.jpg,middle,center,y,y,y,y
여자사람_10_여_13395.jpg,small,center,y,y,y,y
여자사람_10_여_13486.jpg,middle,center,y,y,y,y
여자사람_10_여_13498.jpg,small,center,y,y,y,y
여자사람_10_여_13609.jpg,big,center,y,y,y,y
여자사람_10_여_13617.jpg,small,center,y,y,y,y
여자사람_10_여_13725.jpg,middle,center,y,y,y,y
여자사람_10_여_13742.jpg,middle,center,y,y,y,y
여자사람_10_여_13745.jpg,big,center,y,y,y,y
여자사람_10_여_13749.jpg,middle,center,y,y,y,y
여자사람_10_여_13754.jpg,small,center,y,y,y,y
여자사람_10_여_13910.jpg,middle,center,y,y,y,y
여자사람_10_여_13943.jpg,middle,center,y,y,y,y
여자사람_10_여_13971.jpg,middle,center,y,y,y,y
여자사람_10_남_00039.jpg,middle,center,y,y,y,y
여자사람_10_남_00125.jpg,middle,center,y,y,y,y
여자사람_10_남_00136.jpg,big,center,y,y,y,y
여자사람_10_남_00172.jpg,big,center,y,y,y,y
여자사람_10_남_00207.jpg,big,center,y,n,y,y
여자사람_10_남_00211.jpg,big,center,y,y,y,y
여자사람_10_남_00237.jpg,middle,center,y,y,y,y
여자사람_10_남_00321.jpg,small,center,y,y,y,y
여자사람_10_남_00488.jpg,middle,center,y,y,y,y
여자사람_10_남_00698.jpg,big,center,y,y,y,y
여자사람_10_남_00729.jpg,middle,center,y,y,y,y
여자사람_10_남_00827.jpg,big,center,y,y,y,y
여자사람_10_남_00896.jpg,middle,center,y,y,y,y
여자사람_10_남_00962.jpg,small,center,y,y,y,y
여자사람_10_남_01018.jpg,small,center,y,y,y,y
여자사람_10_남_01035.jpg,small,center,y,y,y,y
여자사람_10_남_01055.jpg,middle,left,y,y,y,y
여자사람_10_남_01193.jpg,big,center,y,y,y,y
여자사람_10_남_01244.jpg,middle,center,y,y,y,y
여자사람_10_남_01269.jpg,middle,center,y,y,y,y
여자사람_10_남_01321.jpg,middle,center,y,y,y,y
여자사람_10_남_01395.jpg,middle,center,y,y,y,y
여자사람_10_남_01401.jpg,middle,center,y,y,y,y
여자사람_10_남_01452.jpg,big,center,y,y,y,y
여자사람_10_남_01456.jpg,middle,center,y,y,y,y
여자사람_10_남_01477.jpg,big,center,y,y,y,y
여자사람_10_남_01525.jpg,middle,center,y,y,y,y
여자사람_10_남_01605.jpg,big,center,y,y,y,y
여자사람_10_남_01634.jpg,small,center,y,y,y,y
여자사람_10_남_01709.jpg,middle,center,y,y,y,y
여자사람_10_남_01725.jpg,middle,center,y,y,y,y
여자사람_10_남_01729.jpg,small,center,y,y,y,y
여자사람_10_남_01768.jpg,big,center,y,y,y,y
여자사람_10_남_01778.jpg,big,center,y,y,y,y
여자사람_10_남_01819.jpg,small,center,y,y,y,y
여자사람_10_남_01845.jpg,big,center,y,y,y,y
여자사람_10_남_01861.jpg,big,center,y,y,y,y
여자사람_10_남_02084.jpg,small,center,y,y,y,y
여자사람_10_남_02098.jpg,middle,center,y,y,y,y
여자사람_10_남_02142.jpg,middle,center,y,y,y,y
여자사람_10_남_02220.jpg,big,center,y,y,y,y
여자사람_10_남_02305.jpg,big,center,y,y,y,y
여자사람_10_남_02321.jpg,middle,center,y,y,y,y
여자사람_10_남_02359.jpg,middle,left,y,y,y,y
여자사람_10_남_02515.jpg,small,center,y,y,y,y
여자사람_10_남_02552.jpg,small,center,y,y,y,y
여자사람_10_남_02708.jpg,middle,center,y,y,y,y
여자사람_10_남_02738.jpg,middle,center,y,y,y,y
여자사람_10_남_02741.jpg,middle,center,y,y,y,y
여자사람_10_남_02877.jpg,small,center,y,y,y,y
여자사람_10_남_02923.jpg,small,center,y,y,y,y
여자사람_10_남_02982.jpg,small,center,y,y,y,y
여자사람_10_남_03068.jpg,big,center,y,y,y,y
여자사람_10_남_03184.jpg,small,center,y,y,y,y
여자사람_10_남_03264.jpg,middle,center,y,y,y,y
여자사람_10_남_03330.jpg,middle,center,y,y,y,y
여자사람_10_남_03395.jpg,big,center,y,y,y,y
여자사람_10_남_03447.jpg,big,center,y,y,y,y
여자사람_10_남_03519.jpg,small,center,y,y,y,y
여자사람_10_남_03621.jpg,big,center,y,y,y,y
여자사람_10_남_03623.jpg,middle,center,y,y,y,y
여자사람_10_남_03706.jpg,middle,center,y,y,y,y
여자사람_10_남_03798.jpg,middle,center,y,y,y,y
여자사람_10_남_03934.jpg,big,center,y,y,y,y
여자사람_10_남_04085.jpg,middle,center,y,y,y,y
여자사람_10_남_04113.jpg,small,center,y,y,y,y
여자사람_10_남_04116.jpg,small,center,y,y,y,y
여자사람_10_남_04147.jpg,middle,center,y,y,y,y
여자사람_10_남_04252.jpg,middle,center,y,y,y,y
여자사람_10_남_04470.jpg,middle,left,y,y,y,y
여자사람_10_남_04473.jpg,middle,center,y,y,y,y
여자사람_10_남_04620.jpg,small,center,y,y,y,y
여자사람_10_남_04676.jpg,middle,center,y,y,y,y
여자사람_10_남_04729.jpg,big,center,y,y,y,y
여자사람_10_남_04758.jpg,big,center,y,y,y,y
여자사람_10_남_04768.jpg,small,center,y,y,y,y
여자사람_10_남_04786.jpg,middle,center,y,y,y,y
여자사람_10_남_04859.jpg,small,center,y,y,y,y
여자사람_10_남_04869.jpg,small,center,y,y,y,y
여자사람_10_남_04919.jpg,big,center,y,y,y,y
여자사람_10_남_04931.jpg,small,center,y,y,y,y
여자사람_10_남_04947.jpg,middle,center,y,y,y,y
여자사람_10_남_05469.jpg,middle,center,y,y,y,y
여자사람_10_남_05525.jpg,middle,center,y,y,y,y
여자사람_10_남_05608.jpg,middle,center,y,y,y,y
여자사람_10_남_05723.jpg,middle,center,y,y,y,y
여자사람_10_남_05745.jpg,big,center,y,y,y,y
여자사람_10_남_05794.jpg,small,center,y,y,y,y
여자사람_10_남_05994.jpg,small,center,y,y,y,y
여자사람_10_남_06007.jpg,middle,center,y,y,y,y
여자사람_10_남_06119.jpg,middle,center,y,y,y,y
여자사람_10_남_06141.jpg,small,center,y,y,y,y
여자사람_10_남_06222.jpg,middle,center,y,y,y,y
여자사람_10_남_06224.jpg,middle,center,y,y,y,y
여자사람_10_남_06229.jpg,big,center,y,y,y,y
여자사람_10_남_06260.jpg,small,center,y,y,y,y
여자사람_10_남_06308.jpg,small,center,y,y,y,y
여자사람_10_남_06319.jpg,middle,center,y,y,y,y
여자사람_10_남_06324.jpg,small,center,y,y,y,y
여자사람_10_남_06405.jpg,small,center,y,y,y,y
여자사람_10_남_06509.jpg,middle,center,y,y,y,y
여자사람_10_남_06554.jpg,middle,center,y,y,y,y
여자사람_10_남_06580.jpg,middle,center,y,y,y,y
여자사람_10_남_06597.jpg,middle,center,y,y,y,y
여자사람_10_남_06728.jpg,small,left,y,y,y,y
여자사람_10_남_06752.jpg,middle,center,y,y,y,y
여자사람_10_남_06792.jpg,small,center,y,y,y,y
여자사람_10_남_06806.jpg,middle,center,y,y,y,y
여자사람_10_남_06869.jpg,middle,center,y,y,y,y
여자사람_10_남_06884.jpg,middle,center,y,y,y,y
여자사람_10_남_06990.jpg,small,center,y,y,y,y
여자사람_10_남_07064.jpg,big,center,y,y,y,y
여자사람_10_남_07137.jpg,big,center,y,y,y,y
여자사람_10_남_07241.jpg,middle,center,y,y,y,y
여자사람_10_남_07300.jpg,small,center,y,y,y,y
여자사람_10_남_07443.jpg,middle,center,y,y,y,y
여자사람_10_남_07448.jpg,middle,center,y,y,y,y
여자사람_10_남_07485.jpg,big,center,y,y,y,y
여자사람_10_남_07524.jpg,middle,center,y,y,y,y
여자사람_10_남_07529.jpg,small,center,y,y,y,y
여자사람_10_남_07563.jpg,middle,center,y,y,y,y
여자사람_10_남_07710.jpg,small,center,y,y,y,y
여자사람_10_남_07885.jpg,middle,center,y,y,y,y
여자사람_10_남_07921.jpg,middle,center,y,y,y,y
여자사람_10_남_07934.jpg,middle,center,y,y,y,y
여자사람_10_남_07967.jpg,middle,center,y,y,y,y
여자사람_10_남_07982.jpg,small,center,y,y,y,y
여자사람_10_남_08008.jpg,middle,center,y,y,y,y
여자사람_10_남_08146.jpg,middle,center,y,y,y,y
여자사람_10_남_08183.jpg,big,center,y,y,y,y
여자사람_10_남_08184.jpg,middle,center,y,y,y,y
여자사람_10_남_08336.jpg,middle,center,y,y,y,y
여자사람_10_남_08337.jpg,middle,center,y,y,y,y
여자사람_10_남_08363.jpg,big,center,y,y,y,y
여자사람_10_남_08412.jpg,middle,center,y,y,y,y
여자사람_10_남_08520.jpg,small,center,y,y,y,y
여자사람_10_남_08555.jpg,middle,center,y,y,y,y
여자사람_10_남_08647.jpg,small,right,y,y,y,y
여자사람_10_남_08705.jpg,middle,center,y,y,y,y
여자사람_10_남_09121.jpg,middle,center,y,y,y,y
여자사람_10_남_09187.jpg,middle,center,y,y,y,y
여자사람_10_남_09188.jpg,big,center,y,y,y,y
여자사람_10_남_09193.jpg,middle,center,y,y,y,y
여자사람_10_남_09195.jpg,middle,center,y,y,y,y
여자사람_10_남_09228.jpg,small,center,y,y,y,y
여자사람_10_남_09249.jpg,big,center,y,y,y,y
여자사람_10_남_09339.jpg,big,center,y,y,y,y
여자사람_10_남_09402.jpg,small,center,y,y,y,y
여자사람_10_남_09436.jpg,small,center,y,y,y,y
여자사람_10_남_09565.jpg,middle,center,y,y,y,y
여자사람_10_남_09618.jpg,small,center,y,y,y,y
여자사람_10_남_09735.jpg,middle,center,y,y,y,y
여자사람_10_남_09858.jpg,middle,center,y,y,y,y
여자사람_10_남_09868.jpg,big,center,y,y,y,y
여자사람_10_남_09877.jpg,middle,center,y,y,y,y
여자사람_10_남_09878.jpg,middle,center,y,y,y,y
여자사람_10_남_09882.jpg,small,center,y,y,y,y
여자사람_10_남_09916.jpg,big,left,y,y,y,y
여자사람_10_남_09960.jpg,middle,center,y,y,y,y
여자사람_10_남_10149.jpg,middle,center,y,y,y,y
여자사람_10_남_10154.jpg,big,center,y,y,y,y
여자사람_10_남_10209.jpg,middle,center,y,y,y,y
여자사람_10_남_10252.jpg,middle,center,y,y,y,y
여자사람_10_남_10286.jpg,middle,center,y,y,y,y
여자사람_10_남_10366.jpg,middle,center,y,y,y,y
여자사람_10_남_10395.jpg,small,center,y,y,y,y
여자사람_10_남_10689.jpg,small,center,y,y,y,y
여자사람_10_남_10701.jpg,middle,center,y,y,y,y
여자사람_10_남_10825.jpg,middle,center,y,y,y,y
여자사람_10_남_10833.jpg,middle,center,y,y,y,y
여자사람_10_남_10842.jpg,big,center,y,y,y,y
여자사람_10_남_10878.jpg,middle,center,y,y,y,y
여자사람_10_남_11143.jpg,big,center,y,y,y,y
여자사람_10_남_11145.jpg,middle,center,y,y,y,y
여자사람_10_남_11185.jpg,middle,center,y,y,y,y
여자사람_10_남_11190.jpg,middle,center,y,y,y,y
여자사람_10_남_11209.jpg,middle,center,y,y,y,y
여자사람_10_남_11270.jpg,middle,center,y,y,y,y
여자사람_10_남_11331.jpg,small,center,y,y,y,y
여자사람_10_남_11352.jpg,middle,center,y,y,y,y
여자사람_10_남_11444.jpg,big,center,y,y,y,y
여자사람_10_남_11504.jpg,middle,center,y,y,y,y
여자사람_10_남_11518.jpg,small,center,y,y,y,y
여자사람_10_남_11582.jpg,middle,center,y,y,y,y
여자사람_10_남_11641.jpg,middle,center,y,y,y,y
여자사람_10_남_11670.jpg,small,center,y,y,y,y
여자사람_10_남_11674.jpg,middle,center,y,y,y,y
여자사람_10_남_11707.jpg,middle,center,y,y,y,y
여자사람_10_남_11767.jpg,middle,center,y,y,y,y
여자사람_10_남_11802.jpg,middle,center,y,y,y,y
여자사람_10_남_11859.jpg,middle,left,y,y,y,y
여자사람_10_남_11898.jpg,middle,center,y,y,y,y
여자사람_10_남_11986.jpg,big,center,y,y,y,y
여자사람_10_남_12044.jpg,middle,center,y,y,y,y
여자사람_10_남_12076.jpg,middle,center,y,y,y,y
여자사람_10_남_12085.jpg,middle,center,y,y,y,y
여자사람_10_남_12088.jpg,small,center,y,y,y,y
여자사람_10_남_12129.jpg,small,center,y,y,y,y
여자사람_10_남_12167.jpg,middle,center,y,y,y,y
여자사람_10_남_12257.jpg,small,center,y,y,y,y
여자사람_10_남_12340.jpg,small,center,y,y,y,y
여자사람_10_남_12351.jpg,middle,center,y,y,y,y
여자사람_10_남_12359.jpg,middle,center,y,y,y,y
여자사람_10_남_12385.jpg,middle,center,y,y,y,y
여자사람_10_남_12481.jpg,middle,center,y,y,y,y
여자사람_10_남_12621.jpg,small,center,y,y,y,y
여자사람_10_남_12719.jpg,small,center,y,y,y,y
여자사람_10_남_12750.jpg,small,center,y,y,y,y
여자사람_10_남_12819.jpg,big,center,y,y,y,y
여자사람_10_남_12914.jpg,small,center,y,y,y,y
여자사람_10_남_12936.jpg,small,center,y,y,y,y
여자사람_10_남_12937.jpg,big,center,y,y,y,y
여자사람_10_남_12953.jpg,small,center,y,y,y,y
여자사람_10_남_12958.jpg,big,center,y,y,y,y
여자사람_10_남_13061.jpg,big,center,y,y,y,y
여자사람_10_남_13087.jpg,middle,center,y,y,y,y
여자사람_10_남_13131.jpg,middle,center,y,y,y,y
여자사람_10_남_13169.jpg,small,center,y,y,y,y
여자사람_10_남_13232.jpg,middle,center,y,y,y,y
여자사람_10_남_13239.jpg,small,center,y,y,y,y
여자사람_10_남_13397.jpg,big,center,y,y,y,y
여자사람_10_남_13404.jpg,middle,center,y,y,y,y
여자사람_10_남_13555.jpg,big,center,y,y,y,y
여자사람_10_남_13604.jpg,middle,center,y,y,y,y
여자사람_10_남_13641.jpg,big,center,y,y,y,y
여자사람_10_남_13760.jpg,big,center,y,y,y,y
여자사람_10_남_13899.jpg,middle,center,y,y,y,y
여자사람_10_남_13928.jpg,big,center,y,y,y,y
여자사람_10_남_13980.jpg,middle,center,y,y,y,y
여자사람_11_여_00115.jpg,middle,right,y,y,y,y
여자사람_11_여_00162.jpg,middle,center,y,y,y,y
여자사람_11_여_00242.jpg,middle,center,y,y,y,y
여자사람_11_여_00302.jpg,small,center,y,y,y,n
여자사람_11_여_00434.jpg,middle,center,y,y,y,y
여자사람_11_여_00452.jpg,small,left,y,y,y,y
여자사람_11_여_00507.jpg,middle,center,y,y,y,y
여자사람_11_여_00664.jpg,small,center,y,y,y,y
여자사람_11_여_00671.jpg,small,center,y,y,y,y
여자사람_11_여_00820.jpg,middle,center,y,y,y,y
여자사람_11_여_00887.jpg,small,center,y,y,y,y
여자사람_11_여_00905.jpg,middle,center,y,y,y,y
여자사람_11_여_00933.jpg,small,center,y,y,y,y
여자사람_11_여_00983.jpg,middle,center,y,y,y,y
여자사람_11_여_01044.jpg,middle,center,y,y,y,y
여자사람_11_여_01066.jpg,middle,center,y,y,y,y
여자사람_11_여_01083.jpg,big,center,y,y,y,y
여자사람_11_여_01122.jpg,middle,center,y,y,y,y
여자사람_11_여_01399.jpg,middle,center,y,y,y,y
여자사람_11_여_01409.jpg,middle,center,y,y,y,y
여자사람_11_여_01414.jpg,middle,center,y,y,y,y
여자사람_11_여_01521.jpg,small,center,y,y,y,y
여자사람_11_여_01576.jpg,middle,center,y,y,y,y
여자사람_11_여_01579.jpg,big,center,y,y,y,y
여자사람_11_여_01621.jpg,middle,center,y,y,y,y
여자사람_11_여_01644.jpg,middle,center,y,y,y,y
여자사람_11_여_01697.jpg,middle,center,y,y,y,y
여자사람_11_여_01737.jpg,middle,center,y,y,y,y
여자사람_11_여_01807.jpg,small,center,y,y,y,y
여자사람_11_여_01810.jpg,middle,center,y,y,y,y
여자사람_11_여_01821.jpg,middle,center,y,y,y,y
여자사람_11_여_01828.jpg,small,center,y,y,y,y
여자사람_11_여_01879.jpg,middle,center,y,y,y,y
여자사람_11_여_01907.jpg,big,center,y,y,y,y
여자사람_11_여_01956.jpg,big,center,y,y,y,y
여자사람_11_여_01988.jpg,middle,center,y,y,y,y
여자사람_11_여_02150.jpg,middle,center,y,y,y,y
여자사람_11_여_02235.jpg,big,center,y,y,y,y
여자사람_11_여_02243.jpg,middle,center,y,y,y,y
여자사람_11_여_02282.jpg,small,center,y,y,y,y
여자사람_11_여_02409.jpg,middle,center,y,y,y,y
여자사람_11_여_02418.jpg,big,center,y,y,y,y
여자사람_11_여_02438.jpg,middle,center,y,y,y,y
여자사람_11_여_02445.jpg,middle,center,y,y,y,y
여자사람_11_여_02529.jpg,middle,center,y,y,y,y
여자사람_11_여_02729.jpg,middle,center,y,y,y,y
여자사람_11_여_02733.jpg,middle,center,y,y,y,y
여자사람_11_여_02966.jpg,middle,center,y,y,y,y
여자사람_11_여_03020.jpg,middle,center,y,y,y,y
여자사람_11_여_03038.jpg,small,center,y,y,y,y
여자사람_11_여_03096.jpg,small,center,y,y,y,y
여자사람_11_여_03108.jpg,middle,center,y,y,y,y
여자사람_11_여_03150.jpg,middle,center,y,y,y,y
여자사람_11_여_03228.jpg,big,center,y,y,y,y
여자사람_11_여_03344.jpg,middle,center,y,y,y,y
여자사람_11_여_03361.jpg,middle,center,y,y,y,y
여자사람_11_여_03412.jpg,small,center,y,y,y,y
여자사람_11_여_03461.jpg,middle,center,y,y,y,y
여자사람_11_여_03474.jpg,big,center,y,y,y,y
여자사람_11_여_03504.jpg,middle,center,y,y,y,y
여자사람_11_여_03527.jpg,middle,center,y,y,y,y
여자사람_11_여_03553.jpg,middle,center,y,y,y,y
여자사람_11_여_03662.jpg,small,center,y,y,y,y
여자사람_11_여_03835.jpg,middle,center,y,y,y,y
여자사람_11_여_03861.jpg,big,center,y,y,y,y
여자사람_11_여_03888.jpg,middle,center,y,y,y,y
여자사람_11_여_03898.jpg,big,center,y,y,y,y
여자사람_11_여_03915.jpg,small,center,y,y,y,y
여자사람_11_여_03939.jpg,small,center,y,y,y,y
여자사람_11_여_03962.jpg,small,center,y,y,y,y
여자사람_11_여_04012.jpg,small,center,y,y,y,y
여자사람_11_여_04138.jpg,big,center,y,y,y,y
여자사람_11_여_04262.jpg,big,center,y,y,y,y
여자사람_11_여_04322.jpg,middle,center,y,y,y,y
여자사람_11_여_04376.jpg,big,center,y,y,y,y
여자사람_11_여_04384.jpg,small,center,y,y,y,y
여자사람_11_여_04460.jpg,middle,center,y,y,y,y
여자사람_11_여_04536.jpg,middle,center,y,y,y,y
여자사람_11_여_04696.jpg,big,center,y,y,y,y
여자사람_11_여_04736.jpg,middle,center,y,y,y,y
여자사람_11_여_04807.jpg,small,center,y,y,y,y
여자사람_11_여_04883.jpg,small,center,y,y,y,y
여자사람_11_여_04904.jpg,middle,center,y,y,y,y
여자사람_11_여_04908.jpg,middle,left,y,y,y,y
여자사람_11_여_04912.jpg,middle,center,y,y,y,y
여자사람_11_여_04944.jpg,big,center,y,y,y,y
여자사람_11_여_04970.jpg,middle,center,y,y,y,y
여자사람_11_여_05020.jpg,middle,center,y,y,y,y
여자사람_11_여_05032.jpg,middle,center,y,y,y,y
여자사람_11_여_05140.jpg,small,center,y,y,y,n
여자사람_11_여_05202.jpg,middle,center,y,y,y,y
여자사람_11_여_05228.jpg,big,center,y,y,y,y
여자사람_11_여_05257.jpg,small,center,y,y,y,y
여자사람_11_여_05320.jpg,middle,center,y,y,y,y
여자사람_11_여_05415.jpg,middle,center,y,y,y,y
여자사람_11_여_05471.jpg,middle,center,y,y,y,y
여자사람_11_여_05515.jpg,small,center,y,y,y,y
여자사람_11_여_05523.jpg,big,center,y,y,y,y
여자사람_11_여_05561.jpg,middle,center,y,y,y,y
여자사람_11_여_05578.jpg,big,center,y,y,y,y
여자사람_11_여_05628.jpg,middle,center,y,y,y,y
여자사람_11_여_05673.jpg,small,center,y,y,y,y
여자사람_11_여_05791.jpg,middle,center,y,y,y,y
여자사람_11_여_05875.jpg,big,center,y,y,y,y
여자사람_11_여_05966.jpg,big,center,y,n,y,n
여자사람_11_여_05983.jpg,middle,center,y,y,y,y
여자사람_11_여_06000.jpg,small,center,y,y,y,y
여자사람_11_여_06049.jpg,middle,center,y,y,y,y
여자사람_11_여_06201.jpg,middle,center,y,y,y,y
여자사람_11_여_06321.jpg,small,center,y,y,y,y
여자사람_11_여_06358.jpg,small,center,y,y,y,y
여자사람_11_여_06363.jpg,middle,center,y,y,y,y
여자사람_11_여_06384.jpg,middle,center,y,y,y,y
여자사람_11_여_06424.jpg,middle,center,y,y,y,y
여자사람_11_여_06539.jpg,middle,center,y,y,y,y
여자사람_11_여_06645.jpg,small,left,y,y,y,y
여자사람_11_여_06689.jpg,big,center,y,y,y,y
여자사람_11_여_06825.jpg,middle,center,y,y,y,y
여자사람_11_여_06933.jpg,middle,center,y,y,y,y
여자사람_11_여_06962.jpg,middle,center,y,y,y,y
여자사람_11_여_07135.jpg,small,center,y,y,y,y
여자사람_11_여_07169.jpg,middle,center,y,y,y,y
여자사람_11_여_07272.jpg,small,center,y,y,y,y
여자사람_11_여_07287.jpg,middle,center,y,y,y,y
여자사람_11_여_07306.jpg,big,center,y,y,n,y
여자사람_11_여_07413.jpg,middle,center,y,y,y,y
여자사람_11_여_07564.jpg,middle,center,y,y,y,y
여자사람_11_여_07780.jpg,small,center,y,y,y,y
여자사람_11_여_07795.jpg,small,center,y,y,y,y
여자사람_11_여_07929.jpg,big,center,y,y,y,y
여자사람_11_여_07990.jpg,middle,center,y,y,y,y
여자사람_11_여_08093.jpg,small,center,y,y,y,y
여자사람_11_여_08116.jpg,middle,center,y,y,y,y
여자사람_11_여_08296.jpg,big,center,y,y,y,y
여자사람_11_여_08350.jpg,small,center,y,y,y,y
여자사람_11_여_08393.jpg,middle,center,y,y,y,y
여자사람_11_여_08510.jpg,small,center,y,y,y,y
여자사람_11_여_08548.jpg,middle,center,y,y,y,y
여자사람_11_여_08554.jpg,middle,center,y,y,y,y
여자사람_11_여_08951.jpg,middle,center,y,y,y,y
여자사람_11_여_09058.jpg,middle,center,y,y,y,y
여자사람_11_여_09109.jpg,middle,center,y,y,y,y
여자사람_11_여_09217.jpg,small,center,y,y,y,y
여자사람_11_여_09496.jpg,middle,center,y,y,y,y
여자사람_11_여_09504.jpg,middle,center,y,y,y,y
여자사람_11_여_09552.jpg,middle,center,y,y,y,y
여자사람_11_여_09582.jpg,middle,left,y,y,y,y
여자사람_11_여_09693.jpg,middle,center,y,y,y,y
여자사람_11_여_09801.jpg,middle,center,y,y,y,y
여자사람_11_여_09869.jpg,middle,center,y,y,y,y
여자사람_11_여_09884.jpg,small,center,y,y,y,y
여자사람_11_여_09923.jpg,big,center,y,y,y,y
여자사람_11_여_10015.jpg,middle,center,y,y,y,y
여자사람_11_여_10106.jpg,big,center,y,y,y,y
여자사람_11_여_10184.jpg,middle,center,y,y,y,y
여자사람_11_여_10245.jpg,small,center,y,y,y,y
여자사람_11_여_10279.jpg,small,center,y,y,y,y
여자사람_11_여_10324.jpg,small,left,y,y,y,y
여자사람_11_여_10375.jpg,small,center,y,y,y,y
여자사람_11_여_10392.jpg,small,center,y,y,y,y
여자사람_11_여_10398.jpg,middle,center,y,y,y,y
여자사람_11_여_10488.jpg,middle,center,y,y,y,y
여자사람_11_여_10497.jpg,middle,center,y,y,y,y
여자사람_11_여_10580.jpg,big,center,y,y,y,y
여자사람_11_여_10601.jpg,middle,center,y,y,y,y
여자사람_11_여_10603.jpg,middle,center,y,y,y,y
여자사람_11_여_10646.jpg,big,center,y,y,y,y
여자사람_11_여_10662.jpg,middle,center,y,y,y,y
여자사람_11_여_10682.jpg,middle,center,y,y,y,y
여자사람_11_여_10702.jpg,big,center,y,y,y,y
여자사람_11_여_10709.jpg,middle,center,y,y,y,y
여자사람_11_여_10763.jpg,big,center,y,y,y,y
여자사람_11_여_10820.jpg,middle,center,y,y,y,y
여자사람_11_여_10834.jpg,middle,center,y,y,y,y
여자사람_11_여_10886.jpg,middle,center,y,y,y,y
여자사람_11_여_10919.jpg,middle,center,y,y,y,y
여자사람_11_여_10938.jpg,middle,center,y,y,y,y
여자사람_11_여_11032.jpg,small,right,y,y,y,y
여자사람_11_여_11033.jpg,middle,center,y,y,y,y
여자사람_11_여_11106.jpg,middle,left,y,y,y,y
여자사람_11_여_11193.jpg,middle,center,y,y,y,y
여자사람_11_여_11266.jpg,middle,center,y,y,y,y
여자사람_11_여_11280.jpg,big,center,y,y,y,y
여자사람_11_여_11358.jpg,middle,center,y,y,y,y
여자사람_11_여_11400.jpg,middle,center,y,y,y,y
여자사람_11_여_11501.jpg,middle,center,y,y,y,y
여자사람_11_여_11560.jpg,middle,right,y,y,y,y
여자사람_11_여_11576.jpg,small,center,y,y,y,y
여자사람_11_여_11606.jpg,middle,center,y,y,y,y
여자사람_11_여_11646.jpg,middle,center,y,y,y,y
여자사람_11_여_11694.jpg,middle,center,y,y,y,y
여자사람_11_여_11726.jpg,middle,center,y,y,y,y
여자사람_11_여_11791.jpg,middle,center,y,y,y,y
여자사람_11_여_11794.jpg,middle,center,y,y,y,y
여자사람_11_여_11947.jpg,middle,center,y,y,y,y
여자사람_11_여_11981.jpg,middle,center,y,y,y,y
여자사람_11_여_12127.jpg,middle,center,y,y,y,y
여자사람_11_여_12162.jpg,small,left,y,y,y,y
여자사람_11_여_12233.jpg,middle,center,y,y,y,y
여자사람_11_여_12278.jpg,middle,center,y,y,y,y
여자사람_11_여_12308.jpg,small,center,y,y,y,y
여자사람_11_여_12326.jpg,middle,center,y,y,y,y
여자사람_11_여_12365.jpg,middle,center,y,y,y,y
여자사람_11_여_12570.jpg,middle,center,y,y,y,y
여자사람_11_여_12650.jpg,middle,center,y,y,y,y
여자사람_11_여_12655.jpg,middle,center,y,y,y,y
여자사람_11_여_12765.jpg,middle,center,y,y,y,y
여자사람_11_여_12811.jpg,small,center,y,y,y,y
여자사람_11_여_12934.jpg,middle,center,y,y,y,y
여자사람_11_여_13034.jpg,middle,center,y,y,y,y
여자사람_11_여_13054.jpg,middle,center,y,y,y,y
여자사람_11_여_13056.jpg,middle,center,y,y,y,y
여자사람_11_여_13082.jpg,middle,center,y,y,y,y
여자사람_11_여_13102.jpg,middle,center,y,y,y,y
여자사람_11_여_13103.jpg,small,center,y,y,y,y
여자사람_11_여_13105.jpg,small,center,y,y,y,y
여자사람_11_여_13143.jpg,big,center,y,y,y,y
여자사람_11_여_13163.jpg,big,center,y,y,y,y
여자사람_11_여_13203.jpg,big,center,y,y,y,y
여자사람_11_여_13223.jpg,middle,center,y,y,y,y
여자사람_11_여_13230.jpg,big,center,y,y,y,y
여자사람_11_여_13282.jpg,middle,center,y,y,y,y
여자사람_11_여_13303.jpg,middle,center,y,y,y,y
여자사람_11_여_13478.jpg,middle,center,y,y,y,y
여자사람_11_여_13516.jpg,small,center,y,y,y,y
여자사람_11_여_13571.jpg,small,center,y,y,y,y
여자사람_11_여_13597.jpg,big,left,y,y,y,y
여자사람_11_여_13676.jpg,middle,left,y,y,y,y
여자사람_11_여_13727.jpg,middle,center,y,y,y,y
여자사람_11_여_13771.jpg,small,center,y,y,y,y
여자사람_11_여_13775.jpg,big,center,y,y,y,y
여자사람_11_여_13801.jpg,middle,center,y,y,y,y
여자사람_11_여_13802.jpg,middle,center,y,y,y,y
여자사람_11_여_13814.jpg,middle,center,y,y,y,y
여자사람_11_여_13817.jpg,big,center,y,y,y,y
여자사람_11_여_13822.jpg,middle,center,y,y,y,y
여자사람_11_여_13871.jpg,middle,center,y,y,y,y
여자사람_11_남_00002.jpg,middle,center,y,y,y,y
여자사람_11_남_00019.jpg,middle,center,y,y,y,y
여자사람_11_남_00064.jpg,middle,center,y,y,y,y
여자사람_11_남_00098.jpg,middle,center,y,y,y,y
여자사람_11_남_00163.jpg,small,center,y,y,y,y
여자사람_11_남_00229.jpg,middle,center,y,y,y,y
여자사람_11_남_00519.jpg,small,center,y,y,y,y
여자사람_11_남_00528.jpg,big,center,y,y,y,y
여자사람_11_남_00626.jpg,big,center,y,y,y,y
여자사람_11_남_00642.jpg,middle,center,y,y,y,y
여자사람_11_남_00668.jpg,middle,center,y,y,y,y
여자사람_11_남_00748.jpg,middle,center,y,y,y,y
여자사람_11_남_00860.jpg,big,center,y,y,y,y
여자사람_11_남_00867.jpg,middle,left,y,y,y,y
여자사람_11_남_00881.jpg,small,center,y,y,y,y
여자사람_11_남_00969.jpg,middle,center,y,y,y,y
여자사람_11_남_00980.jpg,big,center,y,y,y,y
여자사람_11_남_01105.jpg,small,center,y,y,y,y
여자사람_11_남_01150.jpg,middle,center,y,y,y,y
여자사람_11_남_01311.jpg,middle,left,y,y,y,y
여자사람_11_남_01482.jpg,middle,center,y,y,y,y
여자사람_11_남_01505.jpg,middle,center,y,y,y,y
여자사람_11_남_01531.jpg,big,center,y,y,y,y
여자사람_11_남_01573.jpg,middle,center,y,y,y,y
여자사람_11_남_01612.jpg,big,center,y,y,y,y
여자사람_11_남_01641.jpg,big,center,y,y,y,y
여자사람_11_남_01643.jpg,middle,center,y,y,y,y
여자사람_11_남_01650.jpg,small,center,y,y,y,y
여자사람_11_남_01763.jpg,middle,center,y,y,y,y
여자사람_11_남_02076.jpg,middle,center,y,y,y,y
여자사람_11_남_02110.jpg,middle,center,y,y,y,y
여자사람_11_남_02172.jpg,middle,center,y,y,y,y
여자사람_11_남_02277.jpg,middle,center,y,y,y,y
여자사람_11_남_02426.jpg,middle,left,y,y,y,y
여자사람_11_남_02428.jpg,big,center,y,y,y,y
여자사람_11_남_02543.jpg,big,center,y,y,y,y
여자사람_11_남_02585.jpg,small,left,y,y,y,y
여자사람_11_남_02992.jpg,middle,center,y,y,y,y
여자사람_11_남_03026.jpg,small,center,y,y,y,y
여자사람_11_남_03128.jpg,big,center,y,y,y,y
여자사람_11_남_03223.jpg,middle,center,y,y,y,y
여자사람_11_남_03252.jpg,middle,center,y,y,y,y
여자사람_11_남_03276.jpg,middle,center,y,y,y,y
여자사람_11_남_03286.jpg,small,center,y,y,y,y
여자사람_11_남_03294.jpg,middle,left,y,y,y,y
여자사람_11_남_03315.jpg,small,center,y,y,y,y
여자사람_11_남_03356.jpg,small,center,y,y,y,y
여자사람_11_남_03377.jpg,middle,left,y,y,y,y
여자사람_11_남_03403.jpg,middle,center,y,y,y,y
여자사람_11_남_03532.jpg,middle,center,y,y,y,y
여자사람_11_남_03536.jpg,middle,left,y,y,y,y
여자사람_11_남_03550.jpg,middle,center,y,y,y,y
여자사람_11_남_03607.jpg,big,center,y,y,y,y
여자사람_11_남_03644.jpg,middle,center,y,y,y,y
여자사람_11_남_03692.jpg,middle,center,y,y,y,y
여자사람_11_남_03738.jpg,middle,center,y,y,y,y
여자사람_11_남_03838.jpg,small,center,y,y,y,n
여자사람_11_남_03896.jpg,small,center,y,y,y,y
여자사람_11_남_03938.jpg,small,center,y,y,y,y
여자사람_11_남_03945.jpg,small,center,y,y,y,y
여자사람_11_남_03973.jpg,middle,center,y,y,y,y
여자사람_11_남_04009.jpg,small,center,y,y,y,y
여자사람_11_남_04190.jpg,small,center,y,y,y,y
여자사람_11_남_04315.jpg,small,center,y,y,y,y
여자사람_11_남_04417.jpg,small,center,y,n,y,y
여자사람_11_남_04454.jpg,middle,center,y,y,y,y
여자사람_11_남_04482.jpg,small,center,y,y,y,y
여자사람_11_남_04524.jpg,middle,center,y,y,y,y
여자사람_11_남_04581.jpg,middle,center,y,y,y,y
여자사람_11_남_04602.jpg,middle,center,y,y,y,y
여자사람_11_남_04671.jpg,middle,center,y,y,y,y
여자사람_11_남_04700.jpg,middle,center,y,y,y,y
여자사람_11_남_04713.jpg,middle,center,y,y,y,y
여자사람_11_남_04717.jpg,middle,center,y,y,y,y
여자사람_11_남_04726.jpg,middle,center,y,y,y,y
여자사람_11_남_04788.jpg,big,center,y,y,y,y
여자사람_11_남_04804.jpg,middle,center,y,y,y,y
여자사람_11_남_04896.jpg,small,center,y,y,y,y
여자사람_11_남_05085.jpg,small,center,y,y,y,y
여자사람_11_남_05090.jpg,middle,center,y,y,y,y
여자사람_11_남_05192.jpg,middle,center,y,y,y,y
여자사람_11_남_05200.jpg,big,center,y,y,y,y
여자사람_11_남_05215.jpg,big,center,y,y,y,y
여자사람_11_남_05309.jpg,middle,center,y,y,y,y
여자사람_11_남_05373.jpg,middle,center,y,y,y,y
여자사람_11_남_05385.jpg,big,center,y,y,y,y
여자사람_11_남_05424.jpg,small,center,y,y,y,y
여자사람_11_남_05613.jpg,middle,center,y,y,y,y
여자사람_11_남_05683.jpg,middle,center,y,y,y,y
여자사람_11_남_05937.jpg,small,center,y,y,y,y
여자사람_11_남_05955.jpg,middle,center,y,y,y,y
여자사람_11_남_06021.jpg,middle,center,y,y,y,y
여자사람_11_남_06063.jpg,big,center,y,y,y,y
여자사람_11_남_06136.jpg,middle,center,y,y,y,y
여자사람_11_남_06336.jpg,small,center,y,y,y,y
여자사람_11_남_06364.jpg,big,center,y,y,y,y
여자사람_11_남_06488.jpg,middle,center,y,y,y,y
여자사람_11_남_06719.jpg,big,center,y,y,y,y
여자사람_11_남_06797.jpg,big,center,y,y,y,y
여자사람_11_남_06849.jpg,big,center,y,y,y,y
여자사람_11_남_06853.jpg,middle,center,y,y,y,y
여자사람_11_남_06880.jpg,small,right,y,y,y,y
여자사람_11_남_06915.jpg,small,center,y,y,y,y
여자사람_11_남_07068.jpg,small,center,y,y,y,y
여자사람_11_남_07085.jpg,big,center,y,y,y,y
여자사람_11_남_07170.jpg,middle,center,y,y,y,y
여자사람_11_남_07235.jpg,big,right,y,y,y,y
여자사람_11_남_07252.jpg,small,center,y,y,y,y
여자사람_11_남_07253.jpg,middle,left,y,y,y,y
여자사람_11_남_07276.jpg,middle,center,y,y,y,y
여자사람_11_남_07339.jpg,middle,center,y,y,y,y
여자사람_11_남_07380.jpg,big,center,y,n,y,y
여자사람_11_남_07415.jpg,middle,center,y,y,y,y
여자사람_11_남_07513.jpg,middle,center,y,y,y,y
여자사람_11_남_07544.jpg,middle,center,y,y,y,y
여자사람_11_남_07551.jpg,middle,center,y,y,y,y
여자사람_11_남_07573.jpg,middle,center,y,y,y,y
여자사람_11_남_07579.jpg,middle,center,y,y,y,y
여자사람_11_남_07581.jpg,middle,center,y,y,y,y
여자사람_11_남_07595.jpg,middle,center,y,y,y,y
여자사람_11_남_07631.jpg,middle,center,y,y,y,y
여자사람_11_남_07634.jpg,middle,center,y,y,y,y
여자사람_11_남_07652.jpg,middle,center,y,y,y,y
여자사람_11_남_07694.jpg,middle,center,y,y,y,y
여자사람_11_남_07854.jpg,middle,center,y,y,y,y
여자사람_11_남_07906.jpg,small,center,y,y,y,y
여자사람_11_남_08006.jpg,small,center,y,y,y,y
여자사람_11_남_08039.jpg,middle,center,y,y,y,y
여자사람_11_남_08047.jpg,middle,center,y,y,y,y
여자사람_11_남_08061.jpg,middle,left,y,y,y,y
여자사람_11_남_08098.jpg,middle,center,y,y,y,y
여자사람_11_남_08185.jpg,big,center,y,y,y,y
여자사람_11_남_08277.jpg,small,center,y,y,y,y
여자사람_11_남_08318.jpg,middle,center,y,y,y,y
여자사람_11_남_08362.jpg,middle,center,y,y,y,y
여자사람_11_남_08396.jpg,small,center,y,y,y,y
여자사람_11_남_08458.jpg,middle,center,y,y,y,y
여자사람_11_남_08503.jpg,middle,center,y,y,y,y
여자사람_11_남_08611.jpg,big,center,y,y,y,y
여자사람_11_남_08706.jpg,big,center,y,y,y,y
여자사람_11_남_08712.jpg,small,center,y,y,y,y
여자사람_11_남_08744.jpg,middle,center,y,y,y,y
여자사람_11_남_08807.jpg,big,center,y,y,y,y
여자사람_11_남_08825.jpg,middle,center,y,y,y,y
여자사람_11_남_08976.jpg,small,center,y,y,y,y
여자사람_11_남_08995.jpg,small,center,y,y,y,y
여자사람_11_남_09010.jpg,small,center,y,y,y,y
여자사람_11_남_09037.jpg,small,center,y,y,y,y
여자사람_11_남_09045.jpg,middle,center,y,y,y,y
여자사람_11_남_09055.jpg,small,center,y,y,y,y
여자사람_11_남_09093.jpg,middle,center,y,y,y,y
여자사람_11_남_09302.jpg,small,center,y,y,y,y
여자사람_11_남_09342.jpg,middle,center,y,y,y,y
여자사람_11_남_09370.jpg,middle,center,y,y,y,y
여자사람_11_남_09493.jpg,big,center,y,y,y,y
여자사람_11_남_09511.jpg,middle,center,y,y,y,y
여자사람_11_남_09573.jpg,small,center,y,y,y,y
여자사람_11_남_09588.jpg,big,center,y,y,y,y
여자사람_11_남_09654.jpg,big,center,y,y,y,y
여자사람_11_남_09791.jpg,middle,center,y,y,y,y
여자사람_11_남_09812.jpg,small,center,y,y,y,y
여자사람_11_남_09897.jpg,small,center,y,y,y,y
여자사람_11_남_09917.jpg,big,center,y,y,y,y
여자사람_11_남_09927.jpg,middle,center,y,y,y,y
여자사람_11_남_09985.jpg,middle,center,y,y,y,y
여자사람_11_남_10006.jpg,middle,center,y,y,y,y
여자사람_11_남_10070.jpg,middle,center,y,y,y,y
여자사람_11_남_10094.jpg,big,center,y,y,y,y
여자사람_11_남_10112.jpg,middle,center,y,y,y,y
여자사람_11_남_10141.jpg,middle,right,y,y,y,y
여자사람_11_남_10189.jpg,small,center,y,y,y,y
여자사람_11_남_10377.jpg,big,center,y,y,y,y
여자사람_11_남_10381.jpg,big,center,y,y,y,y
여자사람_11_남_10434.jpg,middle,center,y,y,y,y
여자사람_11_남_10611.jpg,middle,center,y,y,y,y
여자사람_11_남_10717.jpg,big,center,y,y,y,y
여자사람_11_남_10755.jpg,small,center,y,y,y,y
여자사람_11_남_10794.jpg,middle,center,y,y,y,y
여자사람_11_남_10823.jpg,big,center,y,y,y,y
여자사람_11_남_10840.jpg,small,center,y,y,y,y
여자사람_11_남_10841.jpg,small,left,y,y,y,y
여자사람_11_남_10971.jpg,middle,center,y,y,y,y
여자사람_11_남_11003.jpg,middle,center,y,y,y,y
여자사람_11_남_11026.jpg,middle,center,y,y,y,y
여자사람_11_남_11141.jpg,middle,left,y,y,y,y
여자사람_11_남_11221.jpg,middle,center,y,y,y,y
여자사람_11_남_11235.jpg,middle,center,y,y,y,y
여자사람_11_남_11392.jpg,big,center,y,y,y,y
여자사람_11_남_11403.jpg,small,center,y,y,y,y
여자사람_11_남_11418.jpg,big,center,y,y,y,y
여자사람_11_남_11462.jpg,middle,center,y,y,y,y
여자사람_11_남_11527.jpg,small,center,y,y,y,y
여자사람_11_남_11540.jpg,middle,center,y,y,y,y
여자사람_11_남_11573.jpg,big,center,y,y,y,y
여자사람_11_남_11609.jpg,middle,center,y,y,y,y
여자사람_11_남_11677.jpg,small,center,y,y,y,y
여자사람_11_남_11747.jpg,small,center,y,y,y,y
여자사람_11_남_11956.jpg,small,center,y,y,y,y
여자사람_11_남_12000.jpg,middle,center,y,y,y,y
여자사람_11_남_12043.jpg,small,center,y,y,y,y
여자사람_11_남_12056.jpg,small,center,y,y,y,y
여자사람_11_남_12161.jpg,small,center,y,y,y,y
여자사람_11_남_12196.jpg,middle,center,y,y,y,y
여자사람_11_남_12222.jpg,big,center,y,y,y,y
여자사람_11_남_12337.jpg,big,center,y,y,y,y
여자사람_11_남_12377.jpg,middle,center,y,y,y,y
여자사람_11_남_12407.jpg,big,center,y,y,y,y
여자사람_11_남_12455.jpg,small,center,y,y,y,y
여자사람_11_남_12470.jpg,small,center,y,y,y,y
여자사람_11_남_12471.jpg,middle,center,y,y,y,y
여자사람_11_남_12573.jpg,small,center,y,y,y,y
여자사람_11_남_12626.jpg,middle,center,y,y,y,y
여자사람_11_남_12677.jpg,middle,center,y,y,y,y
여자사람_11_남_12901.jpg,middle,center,y,y,y,y
여자사람_11_남_12997.jpg,middle,center,y,y,y,y
여자사람_11_남_12999.jpg,big,center,y,y,y,y
여자사람_11_남_13006.jpg,small,center,y,y,y,y
여자사람_11_남_13048.jpg,small,center,y,y,y,y
여자사람_11_남_13052.jpg,big,center,y,y,y,y
여자사람_11_남_13219.jpg,small,center,y,y,y,y
여자사람_11_남_13266.jpg,middle,center,y,y,y,y
여자사람_11_남_13268.jpg,big,center,y,y,y,y
여자사람_11_남_13371.jpg,middle,center,y,y,y,y
여자사람_11_남_13542.jpg,big,center,y,y,y,y
여자사람_11_남_13547.jpg,big,center,y,y,y,y
여자사람_11_남_13570.jpg,middle,center,y,y,y,y
여자사람_11_남_13586.jpg,middle,center,y,y,y,y
여자사람_11_남_13772.jpg,small,center,y,y,y,y
여자사람_11_남_13773.jpg,middle,center,y,y,y,y
여자사람_11_남_13786.jpg,small,center,y,y,y,y
여자사람_11_남_13838.jpg,middle,center,y,y,y,y
여자사람_11_남_13876.jpg,middle,center,y,y,y,y
여자사람_11_남_13902.jpg,middle,center,y,y,y,y
여자사람_11_남_13968.jpg,big,center,y,y,y,y
여자사람_12_여_00017.jpg,middle,center,y,y,y,y
여자사람_12_여_00020.jpg,big,center,y,y,y,y
여자사람_12_여_00045.jpg,middle,center,y,y,y,y
여자사람_12_여_00065.jpg,small,center,y,y,y,y
여자사람_12_여_00105.jpg,small,center,y,y,y,y
여자사람_12_여_00135.jpg,small,center,y,y,y,y
여자사람_12_여_00155.jpg,small,center,y,y,y,y
여자사람_12_여_00164.jpg,middle,left,y,y,y,y
여자사람_12_여_00188.jpg,middle,center,y,y,y,y
여자사람_12_여_00261.jpg,middle,center,y,y,y,y
여자사람_12_여_00393.jpg,small,center,y,y,y,y
여자사람_12_여_00596.jpg,middle,center,y,y,y,y
여자사람_12_여_00597.jpg,middle,center,y,y,y,y
여자사람_12_여_00644.jpg,middle,center,y,y,y,y
여자사람_12_여_00728.jpg,big,center,y,y,y,y
여자사람_12_여_00769.jpg,middle,center,y,y,y,y
여자사람_12_여_00772.jpg,small,center,y,y,y,y
여자사람_12_여_00807.jpg,small,center,y,y,y,y
여자사람_12_여_00870.jpg,middle,center,y,y,y,y
여자사람_12_여_00934.jpg,middle,center,y,y,y,y
여자사람_12_여_00949.jpg,middle,center,y,y,y,y
여자사람_12_여_00961.jpg,middle,center,y,y,y,y
여자사람_12_여_00986.jpg,small,center,y,y,y,y
여자사람_12_여_01038.jpg,middle,left,y,y,y,y
여자사람_12_여_01138.jpg,middle,center,y,y,y,y
여자사람_12_여_01155.jpg,middle,center,y,y,y,y
여자사람_12_여_01168.jpg,middle,center,y,y,y,y
여자사람_12_여_01188.jpg,middle,center,y,y,y,y
여자사람_12_여_01380.jpg,big,center,y,y,y,y
여자사람_12_여_01430.jpg,middle,center,y,y,y,y
여자사람_12_여_01448.jpg,middle,center,y,y,y,y
여자사람_12_여_01478.jpg,small,center,y,y,y,y
여자사람_12_여_01500.jpg,middle,center,y,y,y,y
여자사람_12_여_01527.jpg,middle,center,y,y,y,y
여자사람_12_여_01545.jpg,middle,center,y,y,y,y
여자사람_12_여_01560.jpg,middle,center,y,y,y,y
여자사람_12_여_01588.jpg,small,center,y,y,y,y
여자사람_12_여_01608.jpg,middle,center,y,y,y,y
여자사람_12_여_01620.jpg,middle,center,y,y,y,y
여자사람_12_여_01661.jpg,middle,center,y,y,y,y
여자사람_12_여_01671.jpg,middle,center,y,y,y,y
여자사람_12_여_01718.jpg,middle,center,y,y,y,y
여자사람_12_여_01721.jpg,middle,center,y,y,y,y
여자사람_12_여_01782.jpg,middle,center,y,y,y,y
여자사람_12_여_01836.jpg,middle,center,y,y,y,y
여자사람_12_여_01895.jpg,middle,center,y,y,y,y
여자사람_12_여_01937.jpg,big,center,y,y,y,y
여자사람_12_여_01945.jpg,small,center,y,y,y,y
여자사람_12_여_01959.jpg,big,center,y,y,y,y
여자사람_12_여_02015.jpg,middle,center,y,y,y,y
여자사람_12_여_02037.jpg,middle,center,y,y,y,y
여자사람_12_여_02102.jpg,small,center,y,y,y,y
여자사람_12_여_02108.jpg,middle,center,y,y,y,y
여자사람_12_여_02160.jpg,middle,center,y,y,y,y
여자사람_12_여_02170.jpg,small,center,y,y,y,y
여자사람_12_여_02184.jpg,middle,center,y,y,y,y
여자사람_12_여_02226.jpg,middle,center,y,y,y,y
여자사람_12_여_02256.jpg,big,center,y,y,y,y
여자사람_12_여_02287.jpg,middle,center,y,y,y,y
여자사람_12_여_02338.jpg,middle,center,y,y,y,y
여자사람_12_여_02554.jpg,small,center,y,y,y,y
여자사람_12_여_02579.jpg,middle,center,y,y,y,y
여자사람_12_여_02655.jpg,big,center,y,y,y,y
여자사람_12_여_02660.jpg,middle,center,y,y,y,y
여자사람_12_여_02778.jpg,middle,center,y,y,y,y
여자사람_12_여_02790.jpg,middle,center,y,y,y,y
여자사람_12_여_02816.jpg,small,center,y,y,y,y
여자사람_12_여_02968.jpg,big,center,y,y,y,y
여자사람_12_여_03031.jpg,big,center,y,y,y,y
여자사람_12_여_03111.jpg,middle,center,y,y,y,y
여자사람_12_여_03137.jpg,big,center,y,y,y,y
여자사람_12_여_03182.jpg,middle,center,y,y,y,y
여자사람_12_여_03260.jpg,middle,center,y,y,y,y
여자사람_12_여_03268.jpg,middle,center,y,y,y,y
여자사람_12_여_03359.jpg,middle,center,y,y,y,y
여자사람_12_여_03366.jpg,big,center,y,y,y,y
여자사람_12_여_03387.jpg,middle,center,y,y,y,y
여자사람_12_여_03421.jpg,small,center,y,y,y,y
여자사람_12_여_03514.jpg,middle,center,y,y,y,y
여자사람_12_여_03516.jpg,middle,center,y,y,y,y
여자사람_12_여_03521.jpg,middle,center,y,y,y,y
여자사람_12_여_03587.jpg,middle,center,y,y,y,y
여자사람_12_여_03651.jpg,middle,center,y,y,y,y
여자사람_12_여_03848.jpg,middle,center,y,y,y,y
여자사람_12_여_03996.jpg,big,center,y,y,y,y
여자사람_12_여_04013.jpg,middle,center,y,y,y,y
여자사람_12_여_04020.jpg,small,center,y,y,y,y
여자사람_12_여_04045.jpg,middle,center,y,y,y,y
여자사람_12_여_04067.jpg,small,left,y,y,y,y
여자사람_12_여_04070.jpg,middle,center,y,y,y,y
여자사람_12_여_04117.jpg,middle,center,y,y,y,y
여자사람_12_여_04156.jpg,middle,center,y,y,y,y
여자사람_12_여_04307.jpg,big,center,y,y,y,y
여자사람_12_여_04323.jpg,middle,center,y,y,y,y
여자사람_12_여_04377.jpg,middle,center,y,y,y,y
여자사람_12_여_04423.jpg,big,center,y,y,y,y
여자사람_12_여_04459.jpg,small,center,y,y,y,y
여자사람_12_여_04500.jpg,middle,center,y,y,y,y
여자사람_12_여_04517.jpg,small,center,y,y,y,y
여자사람_12_여_04538.jpg,middle,center,y,y,y,y
여자사람_12_여_04559.jpg,middle,center,y,y,y,y
여자사람_12_여_04561.jpg,small,center,y,y,y,y
여자사람_12_여_04580.jpg,middle,center,y,y,y,y
여자사람_12_여_04582.jpg,middle,center,y,y,y,y
여자사람_12_여_04649.jpg,middle,center,y,y,y,y
여자사람_12_여_04651.jpg,middle,center,y,y,y,y
여자사람_12_여_04654.jpg,big,center,y,y,y,y
여자사람_12_여_04715.jpg,middle,center,y,y,y,y
여자사람_12_여_04721.jpg,big,left,y,y,y,y
여자사람_12_여_04793.jpg,small,center,y,y,y,y
여자사람_12_여_04833.jpg,big,center,y,y,y,y
여자사람_12_여_04872.jpg,middle,center,y,y,y,y
여자사람_12_여_04915.jpg,big,center,y,y,y,y
여자사람_12_여_04990.jpg,middle,center,y,y,y,y
여자사람_12_여_05178.jpg,middle,center,y,y,y,y
여자사람_12_여_05271.jpg,middle,center,y,y,y,y
여자사람_12_여_05291.jpg,middle,center,y,y,y,y
여자사람_12_여_05311.jpg,middle,center,y,y,y,y
여자사람_12_여_05411.jpg,middle,center,y,y,y,n
여자사람_12_여_05452.jpg,middle,center,y,y,y,y
여자사람_12_여_05463.jpg,middle,center,y,y,y,y
여자사람_12_여_05492.jpg,middle,center,y,y,y,y
여자사람_12_여_05619.jpg,small,center,y,y,y,y
여자사람_12_여_05692.jpg,middle,center,y,y,y,y
여자사람_12_여_05748.jpg,big,center,y,y,y,y
여자사람_12_여_05824.jpg,middle,center,y,y,y,y
여자사람_12_여_05928.jpg,middle,center,y,y,y,y
여자사람_12_여_06010.jpg,middle,center,y,y,y,y
여자사람_12_여_06095.jpg,middle,center,y,y,y,y
여자사람_12_여_06140.jpg,middle,center,y,y,y,y
여자사람_12_여_06178.jpg,big,center,y,y,y,y
여자사람_12_여_06331.jpg,big,center,y,n,y,y
여자사람_12_여_06334.jpg,middle,center,y,y,y,y
여자사람_12_여_06459.jpg,middle,center,y,y,y,y
여자사람_12_여_06466.jpg,middle,center,y,y,y,y
여자사람_12_여_06473.jpg,big,center,y,y,y,y
여자사람_12_여_06546.jpg,middle,center,y,y,y,y
여자사람_12_여_06591.jpg,middle,center,y,y,y,y
여자사람_12_여_06670.jpg,small,center,y,y,y,y
여자사람_12_여_06676.jpg,middle,center,y,y,y,y
여자사람_12_여_06710.jpg,middle,center,y,y,y,y
여자사람_12_여_06826.jpg,middle,center,y,y,y,y
여자사람_12_여_06916.jpg,big,center,y,y,y,y
여자사람_12_여_07003.jpg,middle,center,y,y,y,y
여자사람_12_여_07016.jpg,middle,center,y,y,y,y
여자사람_12_여_07032.jpg,middle,center,y,y,y,y
여자사람_12_여_07070.jpg,middle,center,y,y,y,y
여자사람_12_여_07147.jpg,middle,center,y,y,y,y
여자사람_12_여_07148.jpg,middle,center,y,y,y,y
여자사람_12_여_07150.jpg,middle,center,y,y,y,y
여자사람_12_여_07189.jpg,middle,center,y,y,y,y
여자사람_12_여_07215.jpg,big,center,y,y,y,y
여자사람_12_여_07222.jpg,big,center,y,y,y,y
여자사람_12_여_07225.jpg,big,center,y,y,y,y
여자사람_12_여_07313.jpg,middle,left,y,y,y,y
여자사람_12_여_07316.jpg,middle,center,y,y,y,y
여자사람_12_여_07347.jpg,middle,center,y,y,y,y
여자사람_12_여_07365.jpg,middle,center,y,y,y,y
여자사람_12_여_07470.jpg,middle,center,y,y,y,y
여자사람_12_여_07489.jpg,middle,center,y,y,y,y
여자사람_12_여_07562.jpg,middle,center,y,y,y,y
여자사람_12_여_07589.jpg,big,center,y,y,y,y
여자사람_12_여_07663.jpg,small,center,y,y,y,y
여자사람_12_여_07679.jpg,middle,center,y,y,y,y
여자사람_12_여_07681.jpg,middle,center,y,y,y,y
여자사람_12_여_07696.jpg,big,center,y,y,y,y
여자사람_12_여_07701.jpg,small,center,y,y,y,y
여자사람_12_여_07702.jpg,middle,center,y,y,y,y
여자사람_12_여_07762.jpg,middle,center,y,y,y,y
여자사람_12_여_07926.jpg,middle,center,y,y,y,y
여자사람_12_여_07953.jpg,middle,center,y,y,y,y
여자사람_12_여_07957.jpg,big,center,y,y,y,y
여자사람_12_여_08004.jpg,small,center,y,y,y,y
여자사람_12_여_08005.jpg,small,center,y,y,y,y
여자사람_12_여_08089.jpg,middle,center,y,y,y,y
여자사람_12_여_08161.jpg,middle,center,y,y,y,y
여자사람_12_여_08164.jpg,middle,center,y,y,y,y
여자사람_12_여_08268.jpg,middle,center,y,y,y,y
여자사람_12_여_08285.jpg,middle,center,y,y,y,y
여자사람_12_여_08304.jpg,small,center,y,y,y,y
여자사람_12_여_08358.jpg,middle,center,y,y,y,y
여자사람_12_여_08359.jpg,big,center,y,y,y,y
여자사람_12_여_08380.jpg,middle,center,y,y,y,y
여자사람_12_여_08516.jpg,middle,left,y,y,y,y
여자사람_12_여_08622.jpg,big,center,y,y,y,y
여자사람_12_여_08677.jpg,middle,center,y,y,y,y
여자사람_12_여_08796.jpg,small,center,y,y,y,y
여자사람_12_여_08800.jpg,middle,center,y,y,y,y
여자사람_12_여_08861.jpg,small,center,y,y,y,y
여자사람_12_여_08863.jpg,middle,center,y,y,y,y
여자사람_12_여_08901.jpg,big,center,y,y,y,y
여자사람_12_여_08902.jpg,big,center,y,y,y,y
여자사람_12_여_08906.jpg,small,center,y,y,y,y
여자사람_12_여_09015.jpg,big,center,y,y,y,y
여자사람_12_여_09200.jpg,middle,center,y,y,y,y
여자사람_12_여_09247.jpg,small,center,y,y,y,y
여자사람_12_여_09251.jpg,big,center,y,y,y,y
여자사람_12_여_09274.jpg,middle,center,y,y,y,y
여자사람_12_여_09328.jpg,middle,center,y,y,y,y
여자사람_12_여_09335.jpg,middle,center,y,y,y,y
여자사람_12_여_09375.jpg,middle,center,y,y,y,y
여자사람_12_여_09406.jpg,middle,center,y,y,y,y
여자사람_12_여_09451.jpg,middle,center,y,y,y,y
여자사람_12_여_09532.jpg,middle,center,y,y,y,y
여자사람_12_여_09560.jpg,middle,center,y,y,y,y
여자사람_12_여_09586.jpg,big,center,y,y,y,y
여자사람_12_여_09657.jpg,middle,center,y,y,y,y
여자사람_12_여_09662.jpg,middle,center,y,y,y,y
여자사람_12_여_09669.jpg,big,center,y,y,y,y
여자사람_12_여_09730.jpg,big,center,y,y,y,y
여자사람_12_여_09732.jpg,middle,center,y,y,y,y
여자사람_12_여_09777.jpg,middle,center,y,y,y,y
여자사람_12_여_09865.jpg,small,center,y,y,y,y
여자사람_12_여_10062.jpg,big,center,y,y,y,y
여자사람_12_여_10157.jpg,middle,left,y,y,y,y
여자사람_12_여_10188.jpg,big,center,y,y,y,y
여자사람_12_여_10221.jpg,big,center,y,y,y,y
여자사람_12_여_10314.jpg,middle,center,y,y,y,y
여자사람_12_여_10339.jpg,middle,center,y,y,y,y
여자사람_12_여_10396.jpg,big,center,y,y,y,y
여자사람_12_여_10399.jpg,middle,center,y,y,y,y
여자사람_12_여_10428.jpg,middle,center,y,y,y,y
여자사람_12_여_10433.jpg,middle,center,y,y,y,y
여자사람_12_여_10459.jpg,middle,center,y,y,y,y
여자사람_12_여_10485.jpg,middle,center,y,y,y,y
여자사람_12_여_10577.jpg,small,left,y,y,y,y
여자사람_12_여_10593.jpg,middle,center,y,y,y,y
여자사람_12_여_10619.jpg,middle,center,y,y,y,y
여자사람_12_여_10718.jpg,big,center,y,y,y,y
여자사람_12_여_10780.jpg,middle,center,y,y,y,y
여자사람_12_여_10802.jpg,middle,center,y,y,y,y
여자사람_12_여_10871.jpg,middle,center,y,y,y,y
여자사람_12_여_10874.jpg,small,center,y,y,y,y
여자사람_12_여_10876.jpg,small,center,y,y,y,y
여자사람_12_여_10909.jpg,big,center,y,y,y,y
여자사람_12_여_10933.jpg,middle,center,y,y,y,y
여자사람_12_여_10958.jpg,middle,center,y,y,y,y
여자사람_12_여_11024.jpg,small,center,y,y,y,y
여자사람_12_여_11082.jpg,middle,center,y,y,y,y
여자사람_12_여_11104.jpg,middle,center,y,y,y,y
여자사람_12_여_11130.jpg,middle,center,y,y,y,y
여자사람_12_여_11135.jpg,middle,center,y,y,y,y
여자사람_12_여_11255.jpg,middle,center,y,y,y,y
여자사람_12_여_11264.jpg,middle,center,y,y,y,y
여자사람_12_여_11336.jpg,middle,center,y,y,y,y
여자사람_12_여_11341.jpg,big,center,y,y,y,y
여자사람_12_여_11369.jpg,small,center,y,y,y,y
여자사람_12_여_11416.jpg,middle,center,y,y,y,y
여자사람_12_여_11433.jpg,big,center,y,y,y,y
여자사람_12_여_11467.jpg,middle,center,y,y,y,y
여자사람_12_여_11470.jpg,big,center,y,y,y,y
여자사람_12_여_11537.jpg,middle,center,y,y,y,y
여자사람_12_여_11553.jpg,big,center,y,y,y,y
여자사람_12_여_11595.jpg,middle,center,y,y,y,y
여자사람_12_여_11687.jpg,small,center,y,y,y,y
여자사람_12_여_11761.jpg,middle,center,y,y,y,y
여자사람_12_여_11764.jpg,middle,center,y,y,y,y
여자사람_12_여_11780.jpg,middle,center,y,y,y,y
여자사람_12_여_11818.jpg,middle,center,y,y,y,y
여자사람_12_여_11856.jpg,middle,center,y,y,y,y
여자사람_12_여_11886.jpg,middle,center,y,y,y,y
여자사람_12_여_11955.jpg,middle,center,y,y,y,y
여자사람_12_여_12072.jpg,middle,center,y,y,y,y
여자사람_12_여_12112.jpg,small,left,y,y,y,y
여자사람_12_여_12116.jpg,middle,center,y,y,y,y
여자사람_12_여_12131.jpg,middle,center,y,y,y,y
여자사람_12_여_12178.jpg,middle,center,y,y,y,y
여자사람_12_여_12260.jpg,middle,center,y,y,y,y
여자사람_12_여_12372.jpg,middle,center,y,y,y,y
여자사람_12_여_12415.jpg,small,center,y,y,y,y
여자사람_12_여_12472.jpg,big,center,y,y,y,y
여자사람_12_여_12580.jpg,small,center,y,y,y,y
여자사람_12_여_12585.jpg,small,center,y,y,y,y
여자사람_12_여_12591.jpg,middle,center,y,y,y,y
여자사람_12_여_12594.jpg,small,center,y,y,y,y
여자사람_12_여_12674.jpg,middle,center,y,y,y,y
여자사람_12_여_12689.jpg,middle,center,y,y,y,y
여자사람_12_여_12711.jpg,middle,center,y,y,y,y
여자사람_12_여_12726.jpg,middle,center,y,y,y,y
여자사람_12_여_12757.jpg,middle,center,y,y,y,y
여자사람_12_여_12766.jpg,big,center,y,y,y,y
여자사람_12_여_12785.jpg,middle,center,y,y,y,y
여자사람_12_여_12789.jpg,big,center,y,y,y,y
여자사람_12_여_12792.jpg,big,center,y,y,y,y
여자사람_12_여_12797.jpg,middle,left,y,y,y,y
여자사람_12_여_12875.jpg,small,left,y,y,y,y
여자사람_12_여_12882.jpg,middle,center,y,y,y,y
여자사람_12_여_12941.jpg,middle,center,y,y,y,y
여자사람_12_여_12950.jpg,big,center,y,y,y,y
여자사람_12_여_13014.jpg,middle,center,y,y,y,y
여자사람_12_여_13068.jpg,middle,left,y,y,y,y
여자사람_12_여_13084.jpg,middle,center,y,y,y,y
여자사람_12_여_13127.jpg,middle,center,y,y,y,y
여자사람_12_여_13189.jpg,small,left,y,y,y,y
여자사람_12_여_13305.jpg,middle,left,y,y,y,n
여자사람_12_여_13337.jpg,big,center,y,y,y,y
여자사람_12_여_13361.jpg,middle,center,y,y,y,y
여자사람_12_여_13378.jpg,small,center,y,y,y,y
여자사람_12_여_13383.jpg,middle,center,y,y,y,y
여자사람_12_여_13431.jpg,middle,center,y,y,y,y
여자사람_12_여_13448.jpg,middle,center,y,y,y,y
여자사람_12_여_13507.jpg,middle,center,y,y,y,y
여자사람_12_여_13599.jpg,middle,center,y,y,y,y
여자사람_12_여_13608.jpg,middle,center,y,y,y,y
여자사람_12_여_13656.jpg,big,center,y,y,y,y
여자사람_12_여_13657.jpg,big,center,y,y,y,y
여자사람_12_여_13697.jpg,middle,center,y,y,y,y
여자사람_12_여_13723.jpg,middle,center,y,y,y,y
여자사람_12_여_13799.jpg,middle,center,y,y,y,y
여자사람_12_여_13864.jpg,middle,center,y,y,y,y
여자사람_12_여_13905.jpg,middle,center,y,y,y,y
여자사람_12_여_13945.jpg,middle,center,y,y,y,y
여자사람_12_여_13954.jpg,middle,center,y,y,y,y
여자사람_12_여_13964.jpg,middle,center,y,y,y,y
여자사람_12_남_00061.jpg,middle,center,y,y,y,y
여자사람_12_남_00124.jpg,small,center,y,y,y,y
여자사람_12_남_00168.jpg,small,center,y,y,y,y
여자사람_12_남_00325.jpg,big,center,y,y,y,y
여자사람_12_남_00327.jpg,big,center,y,y,y,y
여자사람_12_남_00361.jpg,middle,center,y,y,y,y
여자사람_12_남_00364.jpg,middle,center,y,y,y,y
여자사람_12_남_00486.jpg,middle,center,y,y,y,y
여자사람_12_남_00579.jpg,small,center,y,y,y,y
여자사람_12_남_00624.jpg,big,center,y,y,y,y
여자사람_12_남_00703.jpg,middle,center,y,y,y,y
여자사람_12_남_00801.jpg,big,center,y,y,y,y
여자사람_12_남_00876.jpg,big,center,y,y,y,y
여자사람_12_남_00959.jpg,big,center,y,y,y,y
여자사람_12_남_01071.jpg,middle,center,y,y,y,y
여자사람_12_남_01098.jpg,big,center,y,y,y,y
여자사람_12_남_01142.jpg,small,center,y,y,y,y
여자사람_12_남_01175.jpg,middle,center,y,y,y,y
여자사람_12_남_01264.jpg,small,center,y,y,y,y
여자사람_12_남_01294.jpg,middle,center,y,y,y,y
여자사람_12_남_01299.jpg,middle,center,y,y,y,y
여자사람_12_남_01375.jpg,middle,center,y,y,y,y
여자사람_12_남_01388.jpg,middle,center,y,y,y,y
여자사람_12_남_01429.jpg,middle,right,y,y,y,y
여자사람_12_남_01522.jpg,middle,center,y,y,y,y
여자사람_12_남_01541.jpg,small,center,y,y,y,y
여자사람_12_남_01655.jpg,small,center,y,y,y,y
여자사람_12_남_01676.jpg,middle,center,y,y,y,y
여자사람_12_남_01687.jpg,middle,center,y,y,y,y
여자사람_12_남_02005.jpg,small,center,y,y,y,y
여자사람_12_남_02238.jpg,small,center,y,y,y,y
여자사람_12_남_02344.jpg,middle,center,y,y,y,y
여자사람_12_남_02392.jpg,middle,center,y,y,y,y
여자사람_12_남_02417.jpg,small,center,y,y,y,y
여자사람_12_남_02419.jpg,big,center,y,y,y,y
여자사람_12_남_02436.jpg,middle,center,y,y,y,y
여자사람_12_남_02523.jpg,big,center,y,y,y,y
여자사람_12_남_02570.jpg,middle,center,y,y,y,y
여자사람_12_남_02627.jpg,middle,center,y,y,y,y
여자사람_12_남_02653.jpg,small,center,y,y,y,y
여자사람_12_남_02834.jpg,big,center,y,y,y,y
여자사람_12_남_02849.jpg,small,center,y,y,y,y
여자사람_12_남_02875.jpg,middle,center,y,y,y,y
여자사람_12_남_02930.jpg,middle,center,y,y,y,y
여자사람_12_남_02937.jpg,middle,center,y,y,y,y
여자사람_12_남_02978.jpg,small,center,y,y,y,y
여자사람_12_남_03001.jpg,middle,center,y,y,y,y
여자사람_12_남_03054.jpg,middle,center,y,y,y,y
여자사람_12_남_03106.jpg,small,center,y,y,y,y
여자사람_12_남_03114.jpg,small,center,y,y,y,y
여자사람_12_남_03115.jpg,middle,center,y,y,y,y
여자사람_12_남_03134.jpg,big,center,y,y,y,y
여자사람_12_남_03171.jpg,middle,center,y,y,y,y
여자사람_12_남_03231.jpg,middle,center,y,y,y,y
여자사람_12_남_03292.jpg,middle,center,y,y,y,y
여자사람_12_남_03442.jpg,big,center,y,y,y,y
여자사람_12_남_03466.jpg,middle,center,y,y,y,y
여자사람_12_남_03499.jpg,middle,center,y,y,y,y
여자사람_12_남_03523.jpg,middle,center,y,y,y,y
여자사람_12_남_03548.jpg,small,center,y,y,y,y
여자사람_12_남_03617.jpg,big,center,y,y,y,y
여자사람_12_남_03647.jpg,middle,center,y,y,y,y
여자사람_12_남_03720.jpg,middle,center,y,y,y,y
여자사람_12_남_03730.jpg,small,center,y,y,y,y
여자사람_12_남_03779.jpg,middle,center,y,y,y,y
여자사람_12_남_03786.jpg,big,center,y,y,y,y
여자사람_12_남_03954.jpg,middle,center,y,y,y,y
여자사람_12_남_03972.jpg,big,center,y,y,y,y
여자사람_12_남_03986.jpg,big,center,y,y,y,y
여자사람_12_남_04068.jpg,middle,center,y,y,y,y
여자사람_12_남_04109.jpg,middle,center,y,y,y,y
여자사람_12_남_04170.jpg,big,center,y,y,y,y
여자사람_12_남_04177.jpg,middle,center,y,y,y,y
여자사람_12_남_04214.jpg,small,center,y,y,y,y
여자사람_12_남_04327.jpg,small,center,y,y,y,y
여자사람_12_남_04380.jpg,small,center,y,y,y,y
여자사람_12_남_04408.jpg,middle,center,y,y,y,y
여자사람_12_남_04418.jpg,middle,center,y,y,y,y
여자사람_12_남_04503.jpg,middle,center,y,y,y,y
여자사람_12_남_04573.jpg,middle,center,y,y,y,y
여자사람_12_남_04640.jpg,middle,center,y,y,y,y
여자사람_12_남_04742.jpg,middle,center,y,y,y,y
여자사람_12_남_04777.jpg,middle,center,y,y,y,y
여자사람_12_남_04816.jpg,middle,center,y,y,y,y
여자사람_12_남_05036.jpg,big,center,y,y,y,y
여자사람_12_남_05067.jpg,middle,center,y,y,y,y
여자사람_12_남_05097.jpg,middle,center,y,y,y,y
여자사람_12_남_05111.jpg,big,center,y,y,y,y
여자사람_12_남_05162.jpg,big,center,y,y,y,y
여자사람_12_남_05190.jpg,small,center,y,y,y,y
여자사람_12_남_05477.jpg,middle,center,y,y,y,y
여자사람_12_남_05537.jpg,big,center,y,y,y,y
여자사람_12_남_05589.jpg,middle,center,y,y,y,y
여자사람_12_남_05722.jpg,small,center,y,y,y,y
여자사람_12_남_05776.jpg,small,center,y,y,y,y
여자사람_12_남_05873.jpg,small,center,y,y,y,y
여자사람_12_남_05945.jpg,small,center,y,y,y,y
여자사람_12_남_06008.jpg,small,center,y,y,y,y
여자사람_12_남_06023.jpg,small,center,y,y,y,y
여자사람_12_남_06096.jpg,small,center,y,y,y,y
여자사람_12_남_06138.jpg,middle,center,y,y,y,y
여자사람_12_남_06163.jpg,middle,center,y,y,y,y
여자사람_12_남_06210.jpg,middle,center,y,y,y,y
여자사람_12_남_06266.jpg,middle,center,y,y,y,y
여자사람_12_남_06328.jpg,big,center,y,y,y,y
여자사람_12_남_06329.jpg,big,center,y,y,y,y
여자사람_12_남_06342.jpg,middle,center,y,y,y,y
여자사람_12_남_06387.jpg,middle,center,y,y,y,y
여자사람_12_남_06478.jpg,small,center,y,y,y,y
여자사람_12_남_06514.jpg,small,center,y,y,y,y
여자사람_12_남_06536.jpg,small,center,y,y,y,y
여자사람_12_남_06557.jpg,big,center,y,y,y,y
여자사람_12_남_06627.jpg,middle,center,y,y,y,y
여자사람_12_남_06638.jpg,middle,center,y,y,y,y
여자사람_12_남_06693.jpg,middle,left,y,y,y,y
여자사람_12_남_06699.jpg,middle,center,y,y,y,y
여자사람_12_남_06715.jpg,middle,center,y,y,y,y
여자사람_12_남_06779.jpg,middle,left,y,y,y,y
여자사람_12_남_06788.jpg,big,center,y,y,y,y
여자사람_12_남_06907.jpg,big,center,y,y,y,y
여자사람_12_남_06995.jpg,middle,center,y,y,y,y
여자사람_12_남_07062.jpg,big,center,y,y,y,y
여자사람_12_남_07224.jpg,small,center,y,y,y,y
여자사람_12_남_07262.jpg,middle,center,y,y,y,y
여자사람_12_남_07269.jpg,big,center,y,y,y,y
여자사람_12_남_07297.jpg,middle,center,y,y,y,y
여자사람_12_남_07303.jpg,small,center,y,y,y,y
여자사람_12_남_07327.jpg,middle,center,y,y,y,y
여자사람_12_남_07388.jpg,middle,center,y,y,y,y
여자사람_12_남_07430.jpg,big,center,y,y,y,y
여자사람_12_남_07469.jpg,middle,center,y,y,y,y
여자사람_12_남_07609.jpg,big,center,y,y,y,y
여자사람_12_남_07642.jpg,big,center,y,y,y,y
여자사람_12_남_07655.jpg,middle,left,y,y,y,y
여자사람_12_남_07840.jpg,big,center,y,y,y,y
여자사람_12_남_07932.jpg,middle,left,y,y,y,y
여자사람_12_남_07936.jpg,middle,center,y,y,y,y
여자사람_12_남_08009.jpg,middle,center,y,y,y,y
여자사람_12_남_08011.jpg,big,center,y,y,y,y
여자사람_12_남_08029.jpg,small,center,y,y,y,y
여자사람_12_남_08066.jpg,middle,center,y,y,y,y
여자사람_12_남_08104.jpg,middle,center,y,y,y,y
여자사람_12_남_08117.jpg,middle,center,y,y,y,y
여자사람_12_남_08171.jpg,middle,center,y,y,y,y
여자사람_12_남_08173.jpg,middle,center,y,y,y,y
여자사람_12_남_08324.jpg,small,right,y,y,y,y
여자사람_12_남_08376.jpg,middle,center,y,y,y,y
여자사람_12_남_08444.jpg,big,center,y,y,y,y
여자사람_12_남_08473.jpg,middle,center,y,y,y,y
여자사람_12_남_08491.jpg,middle,center,y,y,y,y
여자사람_12_남_08512.jpg,small,left,y,y,y,y
여자사람_12_남_08590.jpg,middle,center,y,y,y,y
여자사람_12_남_08630.jpg,big,center,y,y,y,y
여자사람_12_남_08661.jpg,small,center,y,y,y,y
여자사람_12_남_08738.jpg,middle,center,y,y,y,y
여자사람_12_남_08809.jpg,middle,center,y,y,y,y
여자사람_12_남_08849.jpg,middle,center,y,y,y,y
여자사람_12_남_08853.jpg,big,center,y,y,y,y
여자사람_12_남_08929.jpg,middle,center,y,y,y,y
여자사람_12_남_09026.jpg,small,center,y,y,y,y
여자사람_12_남_09029.jpg,big,center,y,y,y,y
여자사람_12_남_09071.jpg,middle,center,y,y,y,y
여자사람_12_남_09075.jpg,middle,center,y,y,y,y
여자사람_12_남_09094.jpg,middle,center,y,y,y,y
여자사람_12_남_09304.jpg,big,center,y,y,y,y
여자사람_12_남_09347.jpg,small,center,y,y,y,y
여자사람_12_남_09420.jpg,small,center,y,y,y,y
여자사람_12_남_09479.jpg,middle,center,y,y,y,y
여자사람_12_남_09524.jpg,small,center,y,y,y,y
여자사람_12_남_09542.jpg,middle,center,y,y,y,y
여자사람_12_남_09556.jpg,middle,center,y,y,y,y
여자사람_12_남_09651.jpg,middle,center,y,y,y,y
여자사람_12_남_09697.jpg,big,center,y,y,y,y
여자사람_12_남_09787.jpg,middle,center,y,y,y,y
여자사람_12_남_09817.jpg,middle,center,y,y,y,y
여자사람_12_남_09876.jpg,small,center,y,y,y,y
여자사람_12_남_09934.jpg,middle,center,y,y,y,y
여자사람_12_남_09987.jpg,middle,center,y,y,y,y
여자사람_12_남_10073.jpg,middle,center,y,y,y,y
여자사람_12_남_10122.jpg,middle,center,y,y,y,y
여자사람_12_남_10175.jpg,middle,center,y,y,y,y
여자사람_12_남_10179.jpg,small,center,y,y,y,y
여자사람_12_남_10204.jpg,big,center,y,y,y,y
여자사람_12_남_10293.jpg,middle,center,y,y,y,y
여자사람_12_남_10332.jpg,small,center,y,y,y,y
여자사람_12_남_10379.jpg,small,center,y,y,y,y
여자사람_12_남_10408.jpg,middle,center,y,y,y,y
여자사람_12_남_10476.jpg,middle,center,y,y,y,y
여자사람_12_남_10518.jpg,small,center,y,y,y,y
여자사람_12_남_10542.jpg,middle,center,y,y,y,y
여자사람_12_남_10966.jpg,small,center,y,y,y,y
여자사람_12_남_11004.jpg,middle,center,y,y,y,y
여자사람_12_남_11009.jpg,middle,center,y,y,y,y
여자사람_12_남_11011.jpg,middle,center,y,y,y,y
여자사람_12_남_11067.jpg,middle,center,y,y,y,y
여자사람_12_남_11078.jpg,middle,center,y,y,y,y
여자사람_12_남_11116.jpg,middle,center,y,y,y,y
여자사람_12_남_11117.jpg,big,center,y,y,y,y
여자사람_12_남_11192.jpg,middle,center,y,y,y,y
여자사람_12_남_11290.jpg,small,center,y,y,y,y
여자사람_12_남_11324.jpg,middle,center,y,y,y,y
여자사람_12_남_11382.jpg,big,center,y,y,y,y
여자사람_12_남_11401.jpg,small,center,y,y,y,y
여자사람_12_남_11477.jpg,middle,center,y,y,y,y
여자사람_12_남_11505.jpg,middle,center,y,y,y,y
여자사람_12_남_11548.jpg,middle,center,y,y,y,y
여자사람_12_남_11562.jpg,middle,center,y,n,y,y
여자사람_12_남_11600.jpg,small,center,y,y,y,y
여자사람_12_남_11630.jpg,middle,left,y,y,y,y
여자사람_12_남_11698.jpg,big,center,y,y,y,y
여자사람_12_남_11742.jpg,big,center,y,y,y,y
여자사람_12_남_11919.jpg,middle,left,y,y,y,y
여자사람_12_남_11923.jpg,middle,center,y,y,y,y
여자사람_12_남_11943.jpg,middle,center,y,y,y,y
여자사람_12_남_11977.jpg,middle,center,y,y,y,y
여자사람_12_남_11979.jpg,middle,center,y,y,y,y
여자사람_12_남_12026.jpg,middle,left,y,y,y,y
여자사람_12_남_12169.jpg,middle,center,y,y,y,y
여자사람_12_남_12170.jpg,middle,center,y,y,y,y
여자사람_12_남_12354.jpg,middle,center,y,y,y,y
여자사람_12_남_12357.jpg,middle,center,y,y,y,y
여자사람_12_남_12395.jpg,big,center,y,y,y,y
여자사람_12_남_12564.jpg,middle,center,y,y,y,y
여자사람_12_남_12604.jpg,big,center,y,y,y,y
여자사람_12_남_12840.jpg,middle,center,y,y,y,y
여자사람_12_남_12842.jpg,middle,center,y,y,y,y
여자사람_12_남_12854.jpg,big,center,y,y,y,y
여자사람_12_남_12908.jpg,middle,center,y,y,y,y
여자사람_12_남_13001.jpg,middle,center,y,y,y,y
여자사람_12_남_13130.jpg,big,center,y,y,y,y
여자사람_12_남_13292.jpg,middle,center,y,y,y,y
여자사람_12_남_13295.jpg,middle,center,y,y,y,y
여자사람_12_남_13424.jpg,middle,center,y,y,y,y
여자사람_12_남_13446.jpg,middle,center,y,y,y,y
여자사람_12_남_13587.jpg,middle,center,y,y,y,y
여자사람_12_남_13630.jpg,small,center,y,y,y,y
여자사람_12_남_13706.jpg,small,center,y,y,y,y
여자사람_12_남_13728.jpg,middle,center,y,y,y,y
여자사람_12_남_13818.jpg,middle,center,y,y,y,y
여자사람_12_남_13827.jpg,small,center,y,y,y,y
여자사람_12_남_13855.jpg,middle,center,y,y,y,y
여자사람_12_남_13896.jpg,middle,center,y,y,y,y
여자사람_12_남_13977.jpg,big,left,y,y,y,y
여자사람_13_여_00034.jpg,big,center,y,y,y,y
여자사람_13_여_00179.jpg,big,center,y,y,y,y
여자사람_13_여_00189.jpg,middle,center,y,y,y,y
여자사람_13_여_00198.jpg,middle,center,y,y,y,y
여자사람_13_여_00342.jpg,middle,center,y,y,y,y
여자사람_13_여_00410.jpg,middle,center,y,y,y,y
여자사람_13_여_00532.jpg,middle,center,y,y,y,y
여자사람_13_여_00533.jpg,big,center,y,y,y,y
여자사람_13_여_00544.jpg,middle,center,y,y,y,y
여자사람_13_여_00570.jpg,middle,center,y,y,y,y
여자사람_13_여_00582.jpg,middle,center,y,y,y,y
여자사람_13_여_00584.jpg,middle,center,y,y,y,y
여자사람_13_여_00589.jpg,big,center,y,y,y,y
여자사람_13_여_00655.jpg,middle,center,y,y,y,y
여자사람_13_여_00695.jpg,small,center,y,y,y,y
여자사람_13_여_00780.jpg,middle,center,y,y,y,y
여자사람_13_여_00922.jpg,middle,center,y,y,y,y
여자사람_13_여_00946.jpg,middle,left,y,y,y,y
여자사람_13_여_00977.jpg,middle,center,y,y,y,y
여자사람_13_여_01053.jpg,middle,center,y,y,y,y
여자사람_13_여_01059.jpg,small,center,y,y,y,y
여자사람_13_여_01367.jpg,middle,center,y,y,y,y
여자사람_13_여_01376.jpg,middle,center,y,y,y,y
여자사람_13_여_01421.jpg,big,center,y,y,y,y
여자사람_13_여_01461.jpg,big,center,y,y,y,y
여자사람_13_여_01537.jpg,middle,center,y,y,y,y
여자사람_13_여_01625.jpg,middle,center,y,y,y,y
여자사람_13_여_01658.jpg,small,center,y,y,y,y
여자사람_13_여_01724.jpg,big,center,y,y,y,y
여자사람_13_여_01902.jpg,big,center,y,y,y,y
여자사람_13_여_01975.jpg,middle,center,y,y,y,y
여자사람_13_여_01976.jpg,big,center,y,y,y,y
여자사람_13_여_02009.jpg,middle,center,y,y,y,y
여자사람_13_여_02029.jpg,middle,center,y,y,y,y
여자사람_13_여_02067.jpg,big,center,y,y,y,y
여자사람_13_여_02156.jpg,big,center,y,y,y,y
여자사람_13_여_02169.jpg,middle,center,y,y,y,y
여자사람_13_여_02209.jpg,middle,center,y,y,y,y
여자사람_13_여_02271.jpg,middle,center,y,y,y,y
여자사람_13_여_02279.jpg,small,center,y,y,y,y
여자사람_13_여_02288.jpg,big,center,y,y,y,y
여자사람_13_여_02302.jpg,big,center,y,y,y,y
여자사람_13_여_02317.jpg,middle,center,y,y,y,y
여자사람_13_여_02365.jpg,middle,left,y,y,y,y
여자사람_13_여_02402.jpg,middle,center,y,y,y,y
여자사람_13_여_02456.jpg,middle,center,y,y,y,y
여자사람_13_여_02472.jpg,big,center,y,y,y,y
여자사람_13_여_02494.jpg,middle,center,y,y,y,y
여자사람_13_여_02616.jpg,middle,center,y,y,y,y
여자사람_13_여_02622.jpg,middle,center,y,y,y,y
여자사람_13_여_02659.jpg,small,center,y,y,y,n
여자사람_13_여_02759.jpg,big,center,y,y,y,y
여자사람_13_여_02768.jpg,middle,center,y,y,y,y
여자사람_13_여_02770.jpg,middle,center,y,y,y,y
여자사람_13_여_02830.jpg,middle,left,y,y,y,y
여자사람_13_여_02836.jpg,middle,center,y,y,y,y
여자사람_13_여_02848.jpg,middle,center,y,y,y,y
여자사람_13_여_02873.jpg,middle,center,y,y,y,y
여자사람_13_여_02951.jpg,middle,center,y,y,y,y
여자사람_13_여_03041.jpg,middle,left,y,y,y,y
여자사람_13_여_03077.jpg,big,center,y,y,y,y
여자사람_13_여_03129.jpg,small,center,y,y,y,y
여자사람_13_여_03215.jpg,middle,center,y,y,y,y
여자사람_13_여_03273.jpg,middle,center,y,y,y,y
여자사람_13_여_03288.jpg,middle,center,y,y,y,y
여자사람_13_여_03333.jpg,middle,center,y,y,y,y
여자사람_13_여_03354.jpg,big,center,y,y,y,y
여자사람_13_여_03397.jpg,middle,center,y,y,y,y
여자사람_13_여_03398.jpg,middle,center,y,y,y,y
여자사람_13_여_03589.jpg,middle,center,y,y,y,y
여자사람_13_여_03614.jpg,big,center,y,y,y,y
여자사람_13_여_03771.jpg,middle,center,y,y,y,y
여자사람_13_여_03821.jpg,middle,center,y,y,y,y
여자사람_13_여_03901.jpg,middle,center,y,y,y,y
여자사람_13_여_04082.jpg,middle,center,y,y,y,y
여자사람_13_여_04092.jpg,middle,center,y,y,y,y
여자사람_13_여_04137.jpg,big,center,y,y,y,y
여자사람_13_여_04146.jpg,middle,center,y,y,y,y
여자사람_13_여_04184.jpg,middle,center,y,y,y,y
여자사람_13_여_04238.jpg,middle,center,y,y,y,y
여자사람_13_여_04364.jpg,middle,center,y,y,y,y
여자사람_13_여_04409.jpg,middle,center,y,y,y,y
여자사람_13_여_04422.jpg,middle,center,y,y,y,y
여자사람_13_여_04474.jpg,small,center,y,y,y,y
여자사람_13_여_04516.jpg,middle,center,y,y,y,y
여자사람_13_여_04558.jpg,big,center,y,y,y,y
여자사람_13_여_04752.jpg,big,center,y,y,y,y
여자사람_13_여_04770.jpg,big,center,y,y,y,y
여자사람_13_여_04813.jpg,middle,center,y,y,y,y
여자사람_13_여_04979.jpg,middle,center,y,y,y,y
여자사람_13_여_05139.jpg,small,center,y,y,y,y
여자사람_13_여_05152.jpg,middle,center,y,y,y,y
여자사람_13_여_05327.jpg,middle,center,y,y,y,y
여자사람_13_여_05448.jpg,small,center,y,y,y,y
여자사람_13_여_05501.jpg,middle,center,y,y,y,y
여자사람_13_여_05534.jpg,middle,center,y,y,y,y
여자사람_13_여_05544.jpg,big,center,y,y,y,y
여자사람_13_여_05549.jpg,big,center,y,y,y,y
여자사람_13_여_05611.jpg,big,center,y,y,y,y
여자사람_13_여_05625.jpg,small,center,y,y,y,y
여자사람_13_여_05640.jpg,middle,center,y,y,y,y
여자사람_13_여_05708.jpg,middle,center,y,y,y,y
여자사람_13_여_05749.jpg,middle,center,y,y,y,y
여자사람_13_여_05760.jpg,middle,center,y,y,y,y
여자사람_13_여_05789.jpg,middle,center,y,y,y,y
여자사람_13_여_05889.jpg,small,center,y,y,y,y
여자사람_13_여_05895.jpg,big,center,y,y,y,y
여자사람_13_여_05919.jpg,middle,center,y,y,y,y
여자사람_13_여_05940.jpg,big,center,y,y,y,y
여자사람_13_여_06056.jpg,big,center,y,y,y,y
여자사람_13_여_06083.jpg,middle,center,y,y,y,y
여자사람_13_여_06199.jpg,middle,center,y,y,y,y
여자사람_13_여_06219.jpg,small,center,y,y,y,y
여자사람_13_여_06332.jpg,middle,center,y,y,y,y
여자사람_13_여_06351.jpg,middle,center,y,y,y,y
여자사람_13_여_06366.jpg,big,center,y,y,y,y
여자사람_13_여_06393.jpg,middle,center,y,y,y,y
여자사람_13_여_06450.jpg,middle,center,y,y,y,y
여자사람_13_여_06508.jpg,middle,center,y,y,y,y
여자사람_13_여_06577.jpg,middle,center,y,y,y,y
여자사람_13_여_06589.jpg,middle,center,y,y,y,y
여자사람_13_여_06598.jpg,middle,center,y,y,y,y
여자사람_13_여_06656.jpg,middle,center,y,y,y,y
여자사람_13_여_06660.jpg,big,center,y,y,y,y
여자사람_13_여_06867.jpg,small,center,y,y,y,y
여자사람_13_여_06876.jpg,middle,center,y,y,y,y
여자사람_13_여_06941.jpg,big,center,y,y,y,y
여자사람_13_여_07132.jpg,middle,center,y,y,y,y
여자사람_13_여_07168.jpg,middle,center,y,y,y,y
여자사람_13_여_07293.jpg,big,center,y,y,y,y
여자사람_13_여_07314.jpg,middle,center,y,y,y,y
여자사람_13_여_07319.jpg,big,center,y,y,y,y
여자사람_13_여_07326.jpg,middle,center,y,y,y,y
여자사람_13_여_07383.jpg,middle,center,y,y,y,y
여자사람_13_여_07385.jpg,middle,center,y,y,y,y
여자사람_13_여_07418.jpg,big,center,y,y,y,y
여자사람_13_여_07419.jpg,middle,center,y,y,y,y
여자사람_13_여_07445.jpg,middle,center,y,y,y,y
여자사람_13_여_07454.jpg,middle,center,y,y,y,y
여자사람_13_여_07508.jpg,middle,center,y,y,y,y
여자사람_13_여_07557.jpg,middle,center,y,y,y,y
여자사람_13_여_07567.jpg,middle,center,y,y,y,y
여자사람_13_여_07591.jpg,big,center,y,y,y,y
여자사람_13_여_07613.jpg,middle,center,y,y,y,y
여자사람_13_여_07616.jpg,middle,center,y,y,y,y
여자사람_13_여_07623.jpg,middle,center,y,y,y,y
여자사람_13_여_07738.jpg,middle,center,y,y,y,y
여자사람_13_여_07742.jpg,middle,center,y,y,y,y
여자사람_13_여_07781.jpg,middle,center,y,y,y,y
여자사람_13_여_07787.jpg,middle,center,y,y,y,y
여자사람_13_여_07827.jpg,big,center,y,y,y,y
여자사람_13_여_07868.jpg,big,center,y,y,y,y
여자사람_13_여_07964.jpg,middle,center,y,y,y,y
여자사람_13_여_08007.jpg,small,center,y,y,y,y
여자사람_13_여_08078.jpg,middle,center,y,y,y,y
여자사람_13_여_08086.jpg,middle,center,y,y,y,y
여자사람_13_여_08139.jpg,middle,center,y,y,y,y
여자사람_13_여_08190.jpg,middle,center,y,y,y,y
여자사람_13_여_08220.jpg,middle,center,y,y,y,y
여자사람_13_여_08286.jpg,big,center,y,y,y,y
여자사람_13_여_08342.jpg,middle,center,y,y,y,y
여자사람_13_여_08357.jpg,big,center,y,y,y,y
여자사람_13_여_08377.jpg,middle,center,y,y,y,y
여자사람_13_여_08383.jpg,big,center,y,y,y,y
여자사람_13_여_08587.jpg,middle,center,y,y,y,y
여자사람_13_여_08636.jpg,big,center,y,y,y,y
여자사람_13_여_08660.jpg,middle,center,y,y,y,y
여자사람_13_여_08665.jpg,small,center,y,y,y,y
여자사람_13_여_08666.jpg,middle,center,y,y,y,y
여자사람_13_여_08678.jpg,small,center,y,y,y,y
여자사람_13_여_08798.jpg,middle,left,y,y,y,y
여자사람_13_여_08893.jpg,middle,center,y,y,y,y
여자사람_13_여_08965.jpg,middle,center,y,y,y,y
여자사람_13_여_09022.jpg,small,center,y,y,y,y
여자사람_13_여_09333.jpg,middle,center,y,y,y,y
여자사람_13_여_09358.jpg,middle,center,y,y,y,y
여자사람_13_여_09361.jpg,middle,center,y,y,y,y
여자사람_13_여_09533.jpg,middle,center,y,y,y,y
여자사람_13_여_09629.jpg,small,center,y,y,y,y
여자사람_13_여_09639.jpg,middle,center,y,y,y,y
여자사람_13_여_09736.jpg,big,center,y,y,y,y
여자사람_13_여_09766.jpg,middle,center,y,y,y,y
여자사람_13_여_09788.jpg,middle,center,y,y,y,y
여자사람_13_여_09818.jpg,big,center,y,y,y,y
여자사람_13_여_09847.jpg,big,center,y,y,y,y
여자사람_13_여_09891.jpg,small,center,y,y,y,y
여자사람_13_여_09900.jpg,big,center,y,y,y,y
여자사람_13_여_09978.jpg,middle,center,y,y,y,y
여자사람_13_여_09981.jpg,small,center,y,y,y,y
여자사람_13_여_10009.jpg,big,center,y,y,y,y
여자사람_13_여_10045.jpg,middle,center,y,y,y,y
여자사람_13_여_10082.jpg,small,center,y,y,y,y
여자사람_13_여_10174.jpg,middle,center,y,y,y,y
여자사람_13_여_10294.jpg,middle,center,y,y,y,y
여자사람_13_여_10475.jpg,middle,center,y,y,y,y
여자사람_13_여_10504.jpg,small,center,y,y,y,y
여자사람_13_여_10588.jpg,middle,center,y,y,y,y
여자사람_13_여_10744.jpg,middle,left,y,y,y,y
여자사람_13_여_10899.jpg,middle,center,y,y,y,y
여자사람_13_여_10913.jpg,middle,center,y,y,y,y
여자사람_13_여_10928.jpg,middle,center,y,y,y,y
여자사람_13_여_10970.jpg,middle,center,y,y,y,y
여자사람_13_여_11001.jpg,big,center,y,y,y,y
여자사람_13_여_11021.jpg,big,center,y,y,y,y
여자사람_13_여_11109.jpg,big,center,y,y,y,y
여자사람_13_여_11171.jpg,middle,center,y,y,y,y
여자사람_13_여_11294.jpg,big,center,y,y,y,y
여자사람_13_여_11303.jpg,small,center,y,y,y,y
여자사람_13_여_11334.jpg,middle,center,y,y,y,y
여자사람_13_여_11350.jpg,middle,center,y,y,y,y
여자사람_13_여_11366.jpg,middle,center,y,y,y,y
여자사람_13_여_11529.jpg,middle,center,y,y,y,y
여자사람_13_여_11588.jpg,middle,center,y,y,y,y
여자사람_13_여_11640.jpg,small,left,y,y,y,y
여자사람_13_여_11643.jpg,middle,center,y,y,y,y
여자사람_13_여_11649.jpg,middle,center,y,y,y,y
여자사람_13_여_11661.jpg,middle,center,y,y,y,y
여자사람_13_여_11676.jpg,middle,center,y,y,y,y
여자사람_13_여_11733.jpg,middle,center,y,y,y,y
여자사람_13_여_11773.jpg,middle,center,y,y,y,y
여자사람_13_여_11795.jpg,big,center,y,y,y,y
여자사람_13_여_11838.jpg,middle,center,y,y,y,y
여자사람_13_여_11975.jpg,small,left,y,y,y,y
여자사람_13_여_11983.jpg,small,right,y,y,y,y
여자사람_13_여_12046.jpg,middle,center,y,y,y,y
여자사람_13_여_12066.jpg,middle,center,y,y,y,y
여자사람_13_여_12139.jpg,middle,center,y,y,y,y
여자사람_13_여_12156.jpg,middle,center,y,y,y,y
여자사람_13_여_12183.jpg,middle,center,y,y,y,y
여자사람_13_여_12312.jpg,middle,center,y,y,y,y
여자사람_13_여_12342.jpg,big,center,y,y,y,y
여자사람_13_여_12344.jpg,middle,center,y,y,y,y
여자사람_13_여_12445.jpg,middle,center,y,y,y,y
여자사람_13_여_12511.jpg,big,center,y,y,y,y
여자사람_13_여_12588.jpg,middle,center,y,y,y,y
여자사람_13_여_12803.jpg,middle,center,y,y,y,y
여자사람_13_여_12813.jpg,small,center,y,y,y,y
여자사람_13_여_12895.jpg,small,center,y,y,y,y
여자사람_13_여_12929.jpg,middle,center,y,y,y,y
여자사람_13_여_12989.jpg,middle,center,y,y,y,y
여자사람_13_여_12992.jpg,small,center,y,y,y,y
여자사람_13_여_13063.jpg,middle,center,y,y,y,y
여자사람_13_여_13066.jpg,middle,center,y,y,y,y
여자사람_13_여_13141.jpg,middle,center,y,y,y,y
여자사람_13_여_13191.jpg,middle,center,y,y,y,y
여자사람_13_여_13226.jpg,middle,left,y,y,y,y
여자사람_13_여_13362.jpg,middle,center,y,y,y,y
여자사람_13_여_13368.jpg,middle,center,y,y,y,y
여자사람_13_여_13384.jpg,small,center,y,y,y,y
여자사람_13_여_13393.jpg,middle,center,y,y,y,y
여자사람_13_여_13460.jpg,big,center,y,y,y,y
여자사람_13_여_13558.jpg,middle,center,y,y,y,y
여자사람_13_여_13563.jpg,middle,center,y,y,y,y
여자사람_13_여_13640.jpg,middle,center,y,y,y,y
여자사람_13_여_13668.jpg,middle,center,y,y,y,y
여자사람_13_여_13691.jpg,middle,center,y,y,y,y
여자사람_13_여_13753.jpg,middle,center,y,y,y,y
여자사람_13_여_13834.jpg,small,center,y,y,y,y
여자사람_13_여_13848.jpg,middle,center,y,y,y,y
여자사람_13_남_00047.jpg,middle,center,y,y,y,y
여자사람_13_남_00193.jpg,big,center,y,y,y,y
여자사람_13_남_00267.jpg,middle,center,y,y,y,y
여자사람_13_남_00345.jpg,middle,center,y,y,y,y
여자사람_13_남_00422.jpg,middle,center,y,y,y,y
여자사람_13_남_00459.jpg,big,center,y,y,y,y
여자사람_13_남_00475.jpg,middle,center,y,y,y,y
여자사람_13_남_00527.jpg,middle,left,y,y,y,y
여자사람_13_남_00554.jpg,big,center,y,y,y,y
여자사람_13_남_00766.jpg,big,center,y,y,y,y
여자사람_13_남_00768.jpg,middle,center,y,y,y,y
여자사람_13_남_00777.jpg,middle,center,y,y,y,y
여자사람_13_남_00837.jpg,big,center,y,y,y,y
여자사람_13_남_00854.jpg,middle,center,y,y,y,y
여자사람_13_남_00871.jpg,middle,center,y,y,y,y
여자사람_13_남_01032.jpg,middle,center,y,y,y,y
여자사람_13_남_01060.jpg,middle,left,y,y,y,y
여자사람_13_남_01115.jpg,big,center,y,y,y,y
여자사람_13_남_01261.jpg,middle,center,y,y,y,y
여자사람_13_남_01267.jpg,big,center,y,y,y,y
여자사람_13_남_01326.jpg,small,center,y,y,y,y
여자사람_13_남_01467.jpg,middle,center,y,y,y,y
여자사람_13_남_01539.jpg,big,center,y,y,y,y
여자사람_13_남_01631.jpg,small,center,y,y,y,y
여자사람_13_남_01719.jpg,middle,center,y,y,y,y
여자사람_13_남_01797.jpg,middle,center,y,y,y,y
여자사람_13_남_01814.jpg,middle,center,y,y,y,y
여자사람_13_남_01832.jpg,big,center,y,y,y,y
여자사람_13_남_01860.jpg,middle,center,y,y,y,y
여자사람_13_남_01892.jpg,big,center,y,y,y,y
여자사람_13_남_01943.jpg,middle,center,y,y,y,y
여자사람_13_남_02004.jpg,middle,center,y,y,y,y
여자사람_13_남_02010.jpg,middle,left,y,y,y,y
여자사람_13_남_02185.jpg,middle,center,y,y,y,y
여자사람_13_남_02191.jpg,big,left,y,y,y,y
여자사람_13_남_02241.jpg,middle,center,y,y,y,y
여자사람_13_남_02382.jpg,middle,center,y,y,y,y
여자사람_13_남_02397.jpg,middle,center,y,y,y,y
여자사람_13_남_02588.jpg,middle,center,y,y,y,y
여자사람_13_남_02706.jpg,middle,center,y,y,y,y
여자사람_13_남_02767.jpg,small,center,y,y,y,y
여자사람_13_남_02773.jpg,middle,center,y,y,y,y
여자사람_13_남_02868.jpg,big,center,y,y,y,y
여자사람_13_남_03122.jpg,big,center,y,y,y,y
여자사람_13_남_03195.jpg,middle,center,y,y,y,y
여자사람_13_남_03222.jpg,big,center,y,y,y,y
여자사람_13_남_03250.jpg,big,center,y,y,y,y
여자사람_13_남_03297.jpg,middle,center,y,y,y,y
여자사람_13_남_03319.jpg,small,center,y,y,y,y
여자사람_13_남_03341.jpg,small,center,y,y,y,y
여자사람_13_남_03353.jpg,middle,center,y,y,y,y
여자사람_13_남_03558.jpg,middle,center,y,y,y,y
여자사람_13_남_03576.jpg,middle,center,y,y,y,y
여자사람_13_남_03583.jpg,middle,center,y,y,y,y
여자사람_13_남_03652.jpg,middle,center,y,y,y,y
여자사람_13_남_03718.jpg,big,center,y,y,y,y
여자사람_13_남_03895.jpg,middle,center,y,y,y,y
여자사람_13_남_03917.jpg,middle,center,y,y,y,y
여자사람_13_남_04017.jpg,small,center,y,y,y,y
여자사람_13_남_04021.jpg,big,center,y,y,y,y
여자사람_13_남_04056.jpg,middle,center,y,y,y,y
여자사람_13_남_04062.jpg,middle,center,y,y,y,y
여자사람_13_남_04089.jpg,big,center,y,y,y,y
여자사람_13_남_04149.jpg,middle,center,y,y,y,y
여자사람_13_남_04162.jpg,middle,center,y,y,y,y
여자사람_13_남_04178.jpg,small,center,y,y,y,y
여자사람_13_남_04185.jpg,middle,center,y,y,y,y
여자사람_13_남_04189.jpg,middle,center,y,y,y,y
여자사람_13_남_04279.jpg,middle,center,y,y,y,y
여자사람_13_남_04373.jpg,big,center,y,y,y,y
여자사람_13_남_04731.jpg,big,center,y,y,y,y
여자사람_13_남_04811.jpg,middle,center,y,y,y,y
여자사람_13_남_04854.jpg,middle,center,y,y,y,y
여자사람_13_남_04943.jpg,middle,center,y,y,y,y
여자사람_13_남_04976.jpg,middle,center,y,y,y,y
여자사람_13_남_04998.jpg,small,center,y,y,y,y
여자사람_13_남_05031.jpg,small,center,y,y,y,y
여자사람_13_남_05038.jpg,middle,center,y,y,y,y
여자사람_13_남_05044.jpg,middle,center,y,y,y,y
여자사람_13_남_05105.jpg,big,center,y,y,y,y
여자사람_13_남_05177.jpg,big,center,y,y,y,y
여자사람_13_남_05209.jpg,middle,center,y,y,y,y
여자사람_13_남_05263.jpg,middle,center,y,y,y,y
여자사람_13_남_05279.jpg,big,center,y,y,y,y
여자사람_13_남_05334.jpg,middle,center,y,y,y,y
여자사람_13_남_05374.jpg,middle,center,y,y,y,y
여자사람_13_남_05414.jpg,middle,center,y,y,y,y
여자사람_13_남_05426.jpg,middle,center,y,y,y,y
여자사람_13_남_05527.jpg,small,center,y,y,y,y
여자사람_13_남_05528.jpg,big,center,y,y,y,y
여자사람_13_남_05660.jpg,middle,center,y,y,y,y
여자사람_13_남_05796.jpg,big,center,y,y,y,y
여자사람_13_남_05806.jpg,middle,center,y,y,y,y
여자사람_13_남_05885.jpg,big,center,y,y,y,y
여자사람_13_남_05970.jpg,middle,center,y,y,y,y
여자사람_13_남_06033.jpg,middle,center,y,y,y,y
여자사람_13_남_06087.jpg,middle,center,y,y,y,y
여자사람_13_남_06134.jpg,middle,center,y,y,y,y
여자사람_13_남_06464.jpg,big,center,y,y,y,y
여자사람_13_남_06493.jpg,middle,center,y,y,y,y
여자사람_13_남_06652.jpg,middle,center,y,y,y,y
여자사람_13_남_06675.jpg,middle,center,y,y,y,y
여자사람_13_남_06745.jpg,middle,center,y,y,y,y
여자사람_13_남_06838.jpg,big,center,y,y,y,y
여자사람_13_남_06859.jpg,small,center,y,y,y,y
여자사람_13_남_07031.jpg,middle,center,y,y,y,y
여자사람_13_남_07049.jpg,middle,left,y,y,y,y
여자사람_13_남_07055.jpg,big,center,y,y,y,y
여자사람_13_남_07209.jpg,middle,center,y,y,y,y
여자사람_13_남_07392.jpg,big,center,y,y,y,y
여자사람_13_남_07399.jpg,middle,center,y,y,y,y
여자사람_13_남_07406.jpg,small,center,y,y,y,y
여자사람_13_남_07416.jpg,big,center,y,y,y,y
여자사람_13_남_07503.jpg,big,center,y,y,y,y
여자사람_13_남_07505.jpg,middle,center,y,y,y,y
여자사람_13_남_07558.jpg,middle,center,y,y,y,y
여자사람_13_남_07572.jpg,middle,center,y,y,y,y
여자사람_13_남_07618.jpg,middle,center,y,y,y,y
여자사람_13_남_07637.jpg,middle,center,y,y,y,y
여자사람_13_남_07664.jpg,middle,center,y,y,y,y
여자사람_13_남_07687.jpg,middle,center,y,y,y,y
여자사람_13_남_07725.jpg,middle,center,y,y,y,y
여자사람_13_남_07743.jpg,middle,center,y,y,y,y
여자사람_13_남_07745.jpg,big,center,y,y,y,y
여자사람_13_남_07811.jpg,middle,center,y,y,y,y
여자사람_13_남_07968.jpg,small,center,y,y,y,y
여자사람_13_남_07974.jpg,big,center,y,y,y,y
여자사람_13_남_08046.jpg,middle,center,y,y,y,y
여자사람_13_남_08072.jpg,big,center,y,y,y,y
여자사람_13_남_08100.jpg,big,center,y,y,y,y
여자사람_13_남_08124.jpg,middle,center,y,y,y,y
여자사람_13_남_08287.jpg,big,center,y,y,y,y
여자사람_13_남_08556.jpg,middle,center,y,y,y,y
여자사람_13_남_08571.jpg,small,center,y,y,y,y
여자사람_13_남_08584.jpg,middle,center,y,y,y,y
여자사람_13_남_08753.jpg,small,center,y,y,y,y
여자사람_13_남_08803.jpg,middle,center,y,y,y,y
여자사람_13_남_08914.jpg,middle,center,y,y,y,y
여자사람_13_남_08927.jpg,middle,center,y,y,y,y
여자사람_13_남_08961.jpg,middle,center,y,y,y,y
여자사람_13_남_09000.jpg,small,center,y,y,y,y
여자사람_13_남_09002.jpg,middle,center,y,y,y,y
여자사람_13_남_09021.jpg,middle,center,y,y,y,y
여자사람_13_남_09085.jpg,middle,center,y,y,y,y
여자사람_13_남_09115.jpg,small,right,y,y,y,y
여자사람_13_남_09131.jpg,middle,center,y,y,y,y
여자사람_13_남_09157.jpg,big,center,y,y,y,y
여자사람_13_남_09204.jpg,small,center,y,y,y,y
여자사람_13_남_09215.jpg,small,center,y,y,y,y
여자사람_13_남_09257.jpg,middle,center,y,y,y,y
여자사람_13_남_09356.jpg,middle,center,y,y,y,y
여자사람_13_남_09380.jpg,middle,center,y,y,y,y
여자사람_13_남_09409.jpg,middle,center,y,y,y,y
여자사람_13_남_09433.jpg,big,center,y,y,y,y
여자사람_13_남_09480.jpg,middle,center,y,y,y,y
여자사람_13_남_09569.jpg,middle,center,y,y,y,y
여자사람_13_남_09827.jpg,small,center,y,y,y,y
여자사람_13_남_09905.jpg,middle,center,y,y,y,y
여자사람_13_남_09938.jpg,middle,center,y,y,y,y
여자사람_13_남_09977.jpg,middle,left,y,y,y,y
여자사람_13_남_10037.jpg,middle,center,y,y,y,y
여자사람_13_남_10088.jpg,middle,center,y,y,y,y
여자사람_13_남_10125.jpg,middle,center,y,y,y,y
여자사람_13_남_10155.jpg,middle,center,y,y,y,y
여자사람_13_남_10253.jpg,small,center,y,y,y,y
여자사람_13_남_10269.jpg,middle,center,y,y,y,y
여자사람_13_남_10380.jpg,big,center,y,y,y,y
여자사람_13_남_10415.jpg,small,center,y,y,y,y
여자사람_13_남_10573.jpg,middle,center,y,y,y,y
여자사람_13_남_10699.jpg,middle,center,y,y,y,y
여자사람_13_남_10737.jpg,middle,center,y,y,y,y
여자사람_13_남_10800.jpg,small,center,y,y,y,y
여자사람_13_남_10835.jpg,middle,center,y,y,y,y
여자사람_13_남_10873.jpg,big,center,y,y,y,y
여자사람_13_남_10960.jpg,middle,center,y,y,y,y
여자사람_13_남_11025.jpg,middle,center,y,y,y,y
여자사람_13_남_11077.jpg,small,center,y,y,y,y
여자사람_13_남_11227.jpg,middle,center,y,y,y,y
여자사람_13_남_11249.jpg,middle,center,y,y,y,y
여자사람_13_남_11265.jpg,small,center,y,y,y,y
여자사람_13_남_11269.jpg,small,center,y,y,y,y
여자사람_13_남_11339.jpg,middle,center,y,y,y,y
여자사람_13_남_11372.jpg,big,center,y,y,y,y
여자사람_13_남_11561.jpg,middle,center,y,y,y,y
여자사람_13_남_11567.jpg,middle,center,y,y,y,y
여자사람_13_남_11592.jpg,big,center,y,y,y,y
여자사람_13_남_11754.jpg,big,center,y,y,y,y
여자사람_13_남_11763.jpg,middle,center,y,y,y,y
여자사람_13_남_11807.jpg,big,center,y,y,y,y
여자사람_13_남_11813.jpg,middle,center,y,y,y,y
여자사람_13_남_11881.jpg,middle,center,y,y,y,y
여자사람_13_남_11982.jpg,middle,center,y,y,y,y
여자사람_13_남_12001.jpg,middle,center,y,y,y,y
여자사람_13_남_12005.jpg,big,center,y,y,y,y
여자사람_13_남_12062.jpg,middle,center,y,y,y,y
여자사람_13_남_12074.jpg,big,center,y,y,y,y
여자사람_13_남_12155.jpg,middle,center,y,y,y,y
여자사람_13_남_12179.jpg,big,center,y,y,y,y
여자사람_13_남_12198.jpg,middle,center,y,y,y,y
여자사람_13_남_12201.jpg,middle,center,y,y,y,y
여자사람_13_남_12213.jpg,middle,center,y,y,y,y
여자사람_13_남_12220.jpg,middle,center,y,y,y,y
여자사람_13_남_12283.jpg,middle,center,y,y,y,y
여자사람_13_남_12341.jpg,middle,center,y,y,y,y
여자사람_13_남_12469.jpg,middle,center,y,y,y,y
여자사람_13_남_12668.jpg,middle,center,y,y,y,y
여자사람_13_남_12886.jpg,small,center,y,y,y,y
여자사람_13_남_13047.jpg,middle,center,y,y,y,y
여자사람_13_남_13065.jpg,middle,center,y,y,y,y
여자사람_13_남_13116.jpg,middle,center,y,y,y,y
여자사람_13_남_13204.jpg,big,center,y,y,y,y
여자사람_13_남_13228.jpg,middle,center,y,y,y,y
여자사람_13_남_13234.jpg,big,center,y,y,y,y
여자사람_13_남_13247.jpg,small,center,y,y,y,y
여자사람_13_남_13275.jpg,middle,center,y,y,y,y
여자사람_13_남_13409.jpg,big,center,y,y,y,y
여자사람_13_남_13435.jpg,middle,center,y,y,y,y
여자사람_13_남_13483.jpg,middle,center,y,y,y,y
여자사람_13_남_13679.jpg,middle,center,y,y,y,y
여자사람_13_남_13719.jpg,middle,center,y,y,y,y
여자사람_13_남_13737.jpg,middle,center,y,y,y,y
여자사람_13_남_13832.jpg,middle,center,y,y,y,y
여자사람_7_여_00029.jpg,middle,center,y,y,y,y
여자사람_7_여_00447.jpg,middle,center,y,y,y,y
여자사람_7_여_00708.jpg,middle,center,y,y,y,y
여자사람_7_여_01241.jpg,middle,center,y,y,y,y
여자사람_7_여_01419.jpg,middle,center,y,y,y,y
여자사람_7_여_05333.jpg,small,center,y,y,y,y
여자사람_7_여_06658.jpg,middle,center,y,y,y,y
여자사람_7_여_08088.jpg,big,center,y,y,y,y
여자사람_7_여_09226.jpg,big,center,y,n,y,y
여자사람_7_여_10953.jpg,middle,center,y,y,y,y
여자사람_7_여_11037.jpg,big,center,y,y,y,y
여자사람_7_여_11084.jpg,middle,center,y,y,y,y
여자사람_7_여_12321.jpg,middle,center,y,y,y,y
여자사람_7_여_12911.jpg,middle,center,y,y,y,y
여자사람_7_여_13463.jpg,middle,center,y,y,y,y
여자사람_7_남_00145.jpg,small,center,y,y,y,y
여자사람_7_남_01100.jpg,small,center,y,y,y,y
여자사람_7_남_01157.jpg,middle,center,y,y,y,y
여자사람_7_남_01606.jpg,middle,center,y,y,y,y
여자사람_7_남_01748.jpg,middle,center,y,y,y,y
여자사람_7_남_01758.jpg,big,center,y,y,y,y
여자사람_7_남_01978.jpg,small,center,y,y,y,y
여자사람_7_남_02309.jpg,big,center,y,y,y,y
여자사람_7_남_03483.jpg,middle,center,y,y,y,y
여자사람_7_남_04365.jpg,middle,center,y,y,y,y
여자사람_7_남_04374.jpg,small,center,y,y,y,y
여자사람_7_남_05237.jpg,small,center,y,y,y,y
여자사람_7_남_05484.jpg,big,center,y,y,y,y
여자사람_7_남_06215.jpg,small,left,y,y,y,y
여자사람_7_남_06559.jpg,small,left,y,y,y,y
여자사람_7_남_11718.jpg,big,center,y,y,y,y
여자사람_7_남_11770.jpg,small,left,y,y,y,y
여자사람_8_여_00121.jpg,middle,center,y,y,y,y
여자사람_8_여_00180.jpg,small,center,y,y,y,y
여자사람_8_여_00191.jpg,big,center,y,y,y,y
여자사람_8_여_00282.jpg,small,center,y,y,y,y
여자사람_8_여_00363.jpg,middle,center,y,y,y,y
여자사람_8_여_00646.jpg,small,center,y,y,y,y
여자사람_8_여_00659.jpg,small,center,y,y,y,y
여자사람_8_여_00661.jpg,middle,left,y,y,y,y
여자사람_8_여_00759.jpg,middle,center,y,y,y,y
여자사람_8_여_00834.jpg,middle,center,y,y,y,y
여자사람_8_여_01008.jpg,middle,center,y,y,y,y
여자사람_8_여_01073.jpg,small,center,y,y,y,y
여자사람_8_여_01178.jpg,middle,center,y,y,y,y
여자사람_8_여_01317.jpg,small,center,y,y,y,y
여자사람_8_여_01464.jpg,small,center,y,y,y,y
여자사람_8_여_01678.jpg,middle,center,y,y,y,y
여자사람_8_여_01839.jpg,small,center,y,y,y,y
여자사람_8_여_01969.jpg,big,center,y,y,y,y
여자사람_8_여_02232.jpg,middle,center,y,y,y,y
여자사람_8_여_02290.jpg,middle,center,y,y,y,y
여자사람_8_여_02334.jpg,middle,center,y,y,y,y
여자사람_8_여_02335.jpg,middle,center,y,y,y,y
여자사람_8_여_02628.jpg,middle,center,y,y,y,y
여자사람_8_여_02839.jpg,middle,center,y,y,y,y
여자사람_8_여_02892.jpg,middle,center,y,y,y,y
여자사람_8_여_02917.jpg,big,center,y,y,y,y
여자사람_8_여_03000.jpg,middle,center,y,y,y,y
여자사람_8_여_03180.jpg,small,center,y,y,y,y
여자사람_8_여_03323.jpg,middle,right,y,y,y,y
여자사람_8_여_03364.jpg,small,center,y,y,y,y
여자사람_8_여_03517.jpg,small,center,y,y,y,y
여자사람_8_여_03620.jpg,small,center,y,y,y,y
여자사람_8_여_03672.jpg,middle,center,y,y,y,y
여자사람_8_여_03674.jpg,big,center,y,y,y,y
여자사람_8_여_04022.jpg,small,center,y,y,y,y
여자사람_8_여_04523.jpg,middle,center,y,y,y,y
여자사람_8_여_04553.jpg,middle,center,y,y,y,y
여자사람_8_여_04806.jpg,small,center,y,y,y,n
여자사람_8_여_04966.jpg,big,center,y,y,y,y
여자사람_8_여_05100.jpg,small,center,y,y,y,y
여자사람_8_여_05123.jpg,big,center,y,y,y,y
여자사람_8_여_05272.jpg,big,center,y,y,y,y
여자사람_8_여_05363.jpg,middle,center,y,y,y,y
여자사람_8_여_05389.jpg,small,left,y,y,y,y
여자사람_8_여_05485.jpg,small,center,y,y,y,y
여자사람_8_여_05643.jpg,middle,center,y,y,y,y
여자사람_8_여_05732.jpg,middle,center,y,y,y,y
여자사람_8_여_05809.jpg,middle,center,y,y,y,y
여자사람_8_여_06265.jpg,small,center,y,y,y,y
여자사람_8_여_06304.jpg,middle,center,y,y,y,y
여자사람_8_여_06312.jpg,small,center,y,y,y,y
여자사람_8_여_06314.jpg,small,center,y,y,y,y
여자사람_8_여_06569.jpg,middle,center,y,y,y,y
여자사람_8_여_06594.jpg,middle,center,y,y,y,y
여자사람_8_여_06701.jpg,small,left,y,y,y,y
여자사람_8_여_07043.jpg,small,center,y,y,y,y
여자사람_8_여_07171.jpg,small,left,y,y,y,y
여자사람_8_여_07186.jpg,middle,center,y,y,y,y
여자사람_8_여_07270.jpg,middle,center,y,y,y,y
여자사람_8_여_07329.jpg,middle,center,y,y,y,y
여자사람_8_여_07337.jpg,middle,center,y,y,y,y
여자사람_8_여_07423.jpg,middle,center,y,y,y,y
여자사람_8_여_07479.jpg,middle,center,y,y,y,y
여자사람_8_여_07646.jpg,middle,center,y,y,y,y
여자사람_8_여_07726.jpg,small,center,y,y,y,y
여자사람_8_여_07805.jpg,middle,center,y,y,y,y
여자사람_8_여_08042.jpg,middle,center,y,y,y,y
여자사람_8_여_08241.jpg,middle,center,y,y,y,y
여자사람_8_여_08278.jpg,middle,center,y,y,y,y
여자사람_8_여_08410.jpg,middle,center,y,y,y,y
여자사람_8_여_08480.jpg,middle,center,y,y,y,y
여자사람_8_여_08527.jpg,middle,center,y,y,y,y
여자사람_8_여_08574.jpg,middle,center,y,y,y,y
여자사람_8_여_08698.jpg,big,center,y,y,y,y
여자사람_8_여_08868.jpg,middle,center,y,y,y,y
여자사람_8_여_09222.jpg,small,center,y,y,y,y
여자사람_8_여_09332.jpg,big,left,y,y,y,y
여자사람_8_여_09534.jpg,middle,center,y,y,y,y
여자사람_8_여_09557.jpg,middle,center,y,y,y,y
여자사람_8_여_09591.jpg,small,center,y,y,y,y
여자사람_8_여_09679.jpg,middle,center,y,y,y,y
여자사람_8_여_09853.jpg,middle,center,y,y,y,y
여자사람_8_여_10046.jpg,small,right,y,y,y,y
여자사람_8_여_10308.jpg,middle,center,y,y,y,y
여자사람_8_여_10477.jpg,middle,center,y,y,y,y
여자사람_8_여_10609.jpg,big,center,y,y,y,y
여자사람_8_여_10620.jpg,small,center,y,y,y,y
여자사람_8_여_10686.jpg,middle,center,y,y,y,y
여자사람_8_여_10905.jpg,big,center,y,y,y,y
여자사람_8_여_10915.jpg,small,center,y,y,y,y
여자사람_8_여_11102.jpg,middle,center,y,y,y,y
여자사람_8_여_11110.jpg,middle,center,y,y,y,y
여자사람_8_여_11278.jpg,middle,center,y,y,y,y
여자사람_8_여_11474.jpg,middle,center,y,y,y,y
여자사람_8_여_11695.jpg,small,center,y,y,y,y
여자사람_8_여_11736.jpg,small,center,y,y,y,y
여자사람_8_여_11820.jpg,middle,center,y,y,y,y
여자사람_8_여_11951.jpg,middle,center,y,y,y,y
여자사람_8_여_12126.jpg,middle,center,y,y,y,y
여자사람_8_여_12356.jpg,middle,center,y,y,y,y
여자사람_8_여_12418.jpg,middle,center,y,y,y,y
여자사람_8_여_12425.jpg,middle,center,y,y,y,y
여자사람_8_여_12490.jpg,small,center,y,y,y,y
여자사람_8_여_12507.jpg,middle,center,y,y,y,y
여자사람_8_여_12603.jpg,small,center,y,y,y,y
여자사람_8_여_12611.jpg,middle,center,y,y,y,y
여자사람_8_여_12802.jpg,small,center,y,y,y,y
여자사람_8_여_13028.jpg,middle,center,y,y,y,y
여자사람_8_여_13202.jpg,small,center,y,y,y,y
여자사람_8_여_13332.jpg,small,center,y,y,y,y
여자사람_8_여_13503.jpg,small,center,y,y,y,y
여자사람_8_여_13511.jpg,middle,center,y,y,y,y
여자사람_8_여_13688.jpg,small,center,y,y,y,y
여자사람_8_여_13888.jpg,middle,center,y,y,y,y
여자사람_8_남_00023.jpg,middle,center,y,y,y,y
여자사람_8_남_00213.jpg,middle,center,y,y,y,y
여자사람_8_남_00241.jpg,middle,center,y,y,y,y
여자사람_8_남_00272.jpg,middle,center,y,y,y,y
여자사람_8_남_00286.jpg,small,center,y,y,y,y
여자사람_8_남_00306.jpg,middle,center,y,y,y,y
여자사람_8_남_00343.jpg,big,center,y,y,y,y
여자사람_8_남_00367.jpg,big,center,y,y,y,y
여자사람_8_남_00383.jpg,middle,left,y,y,y,y
여자사람_8_남_00388.jpg,big,center,y,y,y,y
여자사람_8_남_00496.jpg,middle,center,y,y,y,y
여자사람_8_남_00846.jpg,middle,left,y,y,y,y
여자사람_8_남_00945.jpg,middle,center,y,y,y,y
여자사람_8_남_01085.jpg,small,center,y,y,y,y
여자사람_8_남_01145.jpg,small,center,y,y,y,y
여자사람_8_남_01491.jpg,middle,center,y,y,y,y
여자사람_8_남_01602.jpg,small,center,y,y,y,y
여자사람_8_남_01662.jpg,big,center,y,y,y,y
여자사람_8_남_01730.jpg,middle,center,y,y,y,y
여자사람_8_남_01777.jpg,middle,center,y,y,y,y
여자사람_8_남_01854.jpg,middle,center,y,y,y,y
여자사람_8_남_01876.jpg,big,center,y,y,y,y
여자사람_8_남_01894.jpg,small,left,y,y,y,y
여자사람_8_남_01899.jpg,small,center,y,y,y,y
여자사람_8_남_02020.jpg,middle,center,y,y,y,y
여자사람_8_남_02090.jpg,small,center,y,y,y,y
여자사람_8_남_02096.jpg,middle,center,y,y,y,y
여자사람_8_남_02135.jpg,small,center,y,y,y,y
여자사람_8_남_02222.jpg,middle,center,y,y,y,y
여자사람_8_남_02259.jpg,small,center,y,y,y,y
여자사람_8_남_02379.jpg,middle,center,y,y,y,y
여자사람_8_남_02470.jpg,small,center,y,y,y,y
여자사람_8_남_02669.jpg,middle,center,y,y,y,y
여자사람_8_남_02671.jpg,small,center,y,y,y,y
여자사람_8_남_02712.jpg,small,center,y,y,y,y
여자사람_8_남_02907.jpg,middle,center,y,y,y,y
여자사람_8_남_03023.jpg,middle,center,y,y,y,y
여자사람_8_남_03622.jpg,big,center,y,y,y,y
여자사람_8_남_03877.jpg,big,center,y,y,y,y
여자사람_8_남_03984.jpg,small,center,y,y,y,y
여자사람_8_남_04182.jpg,middle,center,y,y,y,y
여자사람_8_남_04431.jpg,big,center,y,y,y,y
여자사람_8_남_04463.jpg,middle,center,y,y,y,y
여자사람_8_남_04499.jpg,big,center,y,y,y,y
여자사람_8_남_04543.jpg,middle,center,y,y,y,y
여자사람_8_남_04607.jpg,small,center,y,y,y,y
여자사람_8_남_04646.jpg,middle,center,y,y,y,y
여자사람_8_남_04755.jpg,middle,center,y,y,y,y
여자사람_8_남_05040.jpg,big,center,y,n,y,y
여자사람_8_남_05046.jpg,big,center,y,y,y,y
여자사람_8_남_05112.jpg,middle,center,y,y,y,y
여자사람_8_남_05136.jpg,middle,center,y,y,y,y
여자사람_8_남_05170.jpg,middle,center,y,y,y,y
여자사람_8_남_05181.jpg,middle,center,y,y,y,y
여자사람_8_남_05198.jpg,middle,center,y,y,y,y
여자사람_8_남_05243.jpg,big,center,y,y,y,y
여자사람_8_남_05252.jpg,big,left,y,y,y,y
여자사람_8_남_05299.jpg,big,center,y,y,y,y
여자사람_8_남_05368.jpg,small,center,y,y,y,y
여자사람_8_남_05457.jpg,small,center,y,y,y,y
여자사람_8_남_05792.jpg,small,center,y,y,y,y
여자사람_8_남_05829.jpg,middle,center,y,y,y,y
여자사람_8_남_05890.jpg,middle,center,y,y,y,y
여자사람_8_남_05911.jpg,middle,center,y,y,y,y
여자사람_8_남_06068.jpg,middle,center,y,y,y,y
여자사람_8_남_06100.jpg,middle,center,y,y,y,y
여자사람_8_남_06124.jpg,small,center,y,y,y,y
여자사람_8_남_06165.jpg,big,center,y,y,y,y
여자사람_8_남_06170.jpg,middle,center,y,y,y,y
여자사람_8_남_06174.jpg,middle,center,y,y,y,y
여자사람_8_남_06179.jpg,middle,center,y,y,y,y
여자사람_8_남_06414.jpg,middle,center,y,y,y,y
여자사람_8_남_06571.jpg,big,center,y,y,y,y
여자사람_8_남_06625.jpg,small,center,y,y,y,y
여자사람_8_남_06632.jpg,big,center,y,y,y,y
여자사람_8_남_06663.jpg,small,center,y,y,y,y
여자사람_8_남_06714.jpg,middle,center,y,y,y,y
여자사람_8_남_06823.jpg,middle,center,y,y,y,y
여자사람_8_남_06890.jpg,small,center,y,y,y,y
여자사람_8_남_06930.jpg,small,center,y,y,y,y
여자사람_8_남_06932.jpg,small,center,y,y,y,y
여자사람_8_남_07009.jpg,middle,center,y,y,y,y
여자사람_8_남_07050.jpg,big,center,y,y,y,y
여자사람_8_남_07142.jpg,big,center,y,y,y,y
여자사람_8_남_07407.jpg,middle,center,y,y,y,y
여자사람_8_남_07507.jpg,middle,center,y,y,y,y
여자사람_8_남_07512.jpg,middle,center,y,y,y,y
여자사람_8_남_07692.jpg,small,center,y,y,y,y
여자사람_8_남_07768.jpg,middle,center,y,y,y,y
여자사람_8_남_07905.jpg,middle,center,y,y,y,y
여자사람_8_남_07924.jpg,small,center,y,y,y,y
여자사람_8_남_08076.jpg,middle,center,y,y,y,y
여자사람_8_남_08293.jpg,middle,center,y,y,y,y
여자사람_8_남_08316.jpg,small,center,y,y,y,y
여자사람_8_남_08322.jpg,middle,center,y,y,y,y
여자사람_8_남_08325.jpg,small,center,y,y,y,y
여자사람_8_남_08387.jpg,small,center,y,y,y,y
여자사람_8_남_08405.jpg,big,center,y,y,y,y
여자사람_8_남_08428.jpg,middle,center,y,y,y,y
여자사람_8_남_08454.jpg,middle,left,y,y,y,y
여자사람_8_남_08506.jpg,small,left,y,y,y,y
여자사람_8_남_08576.jpg,small,left,y,y,y,y
여자사람_8_남_08664.jpg,big,center,y,y,y,y
여자사람_8_남_08781.jpg,middle,center,y,y,y,y
여자사람_8_남_08854.jpg,middle,center,y,y,y,y
여자사람_8_남_08930.jpg,middle,center,y,y,y,y
여자사람_8_남_09080.jpg,middle,center,y,y,y,y
여자사람_8_남_09146.jpg,big,center,y,y,y,y
여자사람_8_남_09174.jpg,middle,center,y,y,y,y
여자사람_8_남_09350.jpg,middle,center,y,y,y,y
여자사람_8_남_09434.jpg,middle,center,y,y,y,y
여자사람_8_남_09617.jpg,middle,center,y,y,y,y
여자사람_8_남_09646.jpg,small,center,y,y,y,y
여자사람_8_남_09768.jpg,small,center,y,y,y,y
여자사람_8_남_09839.jpg,middle,center,y,y,y,y
여자사람_8_남_09894.jpg,small,center,y,y,y,y
여자사람_8_남_10239.jpg,middle,center,y,y,y,y
여자사람_8_남_10404.jpg,middle,center,y,y,y,y
여자사람_8_남_10405.jpg,middle,center,y,y,y,y
여자사람_8_남_10449.jpg,middle,center,y,y,y,y
여자사람_8_남_10521.jpg,big,center,y,y,y,y
여자사람_8_남_10666.jpg,small,center,y,y,y,y
여자사람_8_남_10792.jpg,big,center,y,y,y,y
여자사람_8_남_11016.jpg,middle,center,y,y,y,y
여자사람_8_남_11053.jpg,big,center,y,y,y,y
여자사람_8_남_11073.jpg,middle,center,y,y,y,y
여자사람_8_남_11252.jpg,middle,center,y,y,y,y
여자사람_8_남_11276.jpg,middle,center,y,y,y,y
여자사람_8_남_11348.jpg,big,center,y,y,y,y
여자사람_8_남_11385.jpg,middle,center,y,y,y,y
여자사람_8_남_11468.jpg,big,center,y,y,y,y
여자사람_8_남_11507.jpg,middle,center,y,y,y,y
여자사람_8_남_11581.jpg,big,center,y,y,y,y
여자사람_8_남_11639.jpg,middle,center,y,y,y,y
여자사람_8_남_11683.jpg,middle,left,y,y,y,y
여자사람_8_남_11832.jpg,big,center,y,y,y,y
여자사람_8_남_11855.jpg,small,center,y,y,y,y
여자사람_8_남_12011.jpg,big,center,y,y,y,y
여자사람_8_남_12036.jpg,middle,center,y,y,y,y
여자사람_8_남_12041.jpg,middle,center,y,y,y,y
여자사람_8_남_12282.jpg,middle,center,y,y,y,y
여자사람_8_남_12398.jpg,small,center,y,y,y,y
여자사람_8_남_12399.jpg,big,center,y,y,y,y
여자사람_8_남_12458.jpg,big,center,y,y,y,y
여자사람_8_남_12552.jpg,small,center,y,y,y,y
여자사람_8_남_12678.jpg,middle,center,y,y,y,y
여자사람_8_남_12715.jpg,big,center,y,y,y,y
여자사람_8_남_12744.jpg,middle,center,y,y,y,y
여자사람_8_남_13078.jpg,middle,center,y,y,y,y
여자사람_8_남_13196.jpg,big,center,y,y,y,y
여자사람_8_남_13348.jpg,small,left,y,y,y,y
여자사람_8_남_13358.jpg,big,center,y,y,y,y
여자사람_8_남_13413.jpg,middle,center,y,y,y,y
여자사람_8_남_13421.jpg,middle,center,y,y,y,y
여자사람_8_남_13469.jpg,middle,center,y,y,y,y
여자사람_8_남_13535.jpg,middle,center,y,y,y,y
여자사람_8_남_13626.jpg,big,center,y,y,y,y
여자사람_8_남_13776.jpg,small,center,y,y,y,y
여자사람_8_남_13870.jpg,middle,center,y,y,y,y
여자사람_9_여_00158.jpg,middle,center,y,y,y,y
여자사람_9_여_00904.jpg,small,center,y,y,y,y
여자사람_9_여_01185.jpg,middle,center,y,y,y,y
여자사람_9_여_01298.jpg,middle,center,y,y,y,y
여자사람_9_여_01517.jpg,big,center,y,y,y,y
여자사람_9_여_01551.jpg,big,center,y,y,y,y
여자사람_9_여_01684.jpg,middle,center,y,y,y,y
여자사람_9_여_01830.jpg,small,center,y,y,y,y
여자사람_9_여_01917.jpg,middle,center,y,y,y,y
여자사람_9_여_02059.jpg,middle,center,y,y,y,y
여자사람_9_여_02188.jpg,middle,center,y,y,y,y
여자사람_9_여_02219.jpg,middle,center,y,y,y,y
여자사람_9_여_02231.jpg,big,center,y,y,y,y
여자사람_9_여_02233.jpg,small,center,y,y,y,y
여자사람_9_여_02518.jpg,big,center,y,y,y,y
여자사람_9_여_02630.jpg,middle,center,y,y,y,y
여자사람_9_여_02785.jpg,small,center,y,y,y,y
여자사람_9_여_02795.jpg,middle,center,y,y,y,y
여자사람_9_여_02843.jpg,small,center,y,y,y,y
여자사람_9_여_02883.jpg,middle,center,y,y,y,y
여자사람_9_여_02961.jpg,middle,center,y,y,y,y
여자사람_9_여_03191.jpg,small,center,y,y,y,y
여자사람_9_여_03470.jpg,big,center,y,y,y,y
여자사람_9_여_03773.jpg,middle,center,y,y,y,y
여자사람_9_여_03854.jpg,big,center,y,y,y,y
여자사람_9_여_04069.jpg,middle,center,y,y,y,y
여자사람_9_여_04398.jpg,small,center,y,y,y,y
여자사람_9_여_04455.jpg,big,center,y,y,y,y
여자사람_9_여_04510.jpg,big,center,y,y,y,y
여자사람_9_여_04533.jpg,middle,center,y,y,y,y
여자사람_9_여_04621.jpg,middle,center,y,y,y,y
여자사람_9_여_04695.jpg,small,center,y,y,y,y
여자사람_9_여_04882.jpg,small,center,y,y,y,y
여자사람_9_여_05118.jpg,middle,center,y,y,y,y
여자사람_9_여_05207.jpg,middle,center,y,y,y,y
여자사람_9_여_05330.jpg,middle,center,y,y,y,y
여자사람_9_여_05472.jpg,middle,center,y,y,y,y
여자사람_9_여_05526.jpg,middle,center,y,y,y,y
여자사람_9_여_05650.jpg,middle,center,y,y,y,y
여자사람_9_여_05656.jpg,middle,center,y,y,y,y
여자사람_9_여_05704.jpg,middle,center,y,y,y,y
여자사람_9_여_05725.jpg,big,center,y,y,y,y
여자사람_9_여_05747.jpg,small,center,y,y,y,y
여자사람_9_여_05750.jpg,small,left,y,y,y,y
여자사람_9_여_06011.jpg,middle,center,y,y,y,y
여자사람_9_여_06301.jpg,middle,center,y,y,y,y
여자사람_9_여_06465.jpg,middle,center,y,y,y,y
여자사람_9_여_06535.jpg,small,left,y,y,y,y
여자사람_9_여_06561.jpg,middle,center,y,y,y,y
여자사람_9_여_06639.jpg,small,center,y,y,y,y
여자사람_9_여_06790.jpg,middle,center,y,y,y,y
여자사람_9_여_07236.jpg,small,center,y,y,y,y
여자사람_9_여_07263.jpg,middle,center,y,y,y,y
여자사람_9_여_07514.jpg,small,center,y,y,y,y
여자사람_9_여_08019.jpg,middle,center,y,y,y,y
여자사람_9_여_08128.jpg,middle,center,y,y,y,y
여자사람_9_여_08283.jpg,middle,center,y,y,y,y
여자사람_9_여_08409.jpg,small,left,y,y,y,y
여자사람_9_여_08585.jpg,middle,center,y,y,y,y
여자사람_9_여_08633.jpg,middle,center,y,y,y,y
여자사람_9_여_08776.jpg,small,center,y,y,y,y
여자사람_9_여_08952.jpg,small,center,y,y,y,y
여자사람_9_여_09197.jpg,big,center,y,y,y,y
여자사람_9_여_09236.jpg,middle,center,y,y,y,y
여자사람_9_여_09310.jpg,small,center,y,y,y,y
여자사람_9_여_09394.jpg,small,center,y,y,y,y
여자사람_9_여_09428.jpg,big,center,y,y,y,y
여자사람_9_여_09604.jpg,middle,center,y,y,y,y
여자사람_9_여_09895.jpg,small,center,y,y,y,y
여자사람_9_여_10171.jpg,big,left,y,y,y,y
여자사람_9_여_10272.jpg,middle,center,y,y,y,y
여자사람_9_여_10546.jpg,small,center,y,y,y,y
여자사람_9_여_10585.jpg,middle,center,y,y,y,y
여자사람_9_여_10864.jpg,big,center,y,y,y,y
여자사람_9_여_11207.jpg,big,center,y,y,y,y
여자사람_9_여_11398.jpg,small,center,y,y,y,y
여자사람_9_여_11814.jpg,middle,center,y,y,y,y
여자사람_9_여_11864.jpg,small,center,y,y,y,y
여자사람_9_여_11926.jpg,middle,center,y,y,y,y
여자사람_9_여_12166.jpg,middle,center,y,y,y,y
여자사람_9_여_12245.jpg,big,center,y,y,y,y
여자사람_9_여_12268.jpg,small,center,y,y,y,y
여자사람_9_여_12343.jpg,middle,center,y,y,y,y
여자사람_9_여_12355.jpg,middle,center,y,y,y,y
여자사람_9_여_12373.jpg,big,center,y,y,y,y
여자사람_9_여_12436.jpg,small,center,y,y,y,y
여자사람_9_여_12498.jpg,small,center,y,y,y,y
여자사람_9_여_13119.jpg,small,center,y,y,y,y
여자사람_9_여_13353.jpg,middle,center,y,y,y,y
여자사람_9_여_13367.jpg,middle,center,y,y,y,y
여자사람_9_여_13447.jpg,middle,center,y,y,y,y
여자사람_9_여_13476.jpg,middle,center,y,y,y,y
여자사람_9_여_13526.jpg,middle,center,y,y,y,y
여자사람_9_여_13598.jpg,middle,center,y,y,y,y
여자사람_9_여_13601.jpg,small,center,y,y,y,y
여자사람_9_여_13683.jpg,middle,center,y,y,y,y
여자사람_9_여_13780.jpg,middle,center,y,y,y,y
여자사람_9_여_13956.jpg,middle,center,y,y,y,y
여자사람_9_남_00173.jpg,middle,center,y,y,y,y
여자사람_9_남_00311.jpg,middle,center,y,y,y,y
여자사람_9_남_00414.jpg,middle,center,y,y,y,y
여자사람_9_남_00520.jpg,small,center,y,y,y,y
여자사람_9_남_00633.jpg,small,center,y,y,y,y
여자사람_9_남_00635.jpg,big,center,y,y,y,y
여자사람_9_남_00684.jpg,middle,center,y,y,y,y
여자사람_9_남_00697.jpg,small,center,y,y,y,y
여자사람_9_남_00718.jpg,small,center,y,y,y,y
여자사람_9_남_00731.jpg,small,center,y,y,y,y
여자사람_9_남_00878.jpg,small,center,y,y,y,y
여자사람_9_남_00897.jpg,middle,center,y,y,y,y
여자사람_9_남_00908.jpg,middle,center,y,y,y,y
여자사람_9_남_00970.jpg,big,center,y,y,y,y
여자사람_9_남_01087.jpg,middle,center,y,y,y,y
여자사람_9_남_01182.jpg,middle,center,y,y,y,y
여자사람_9_남_01262.jpg,middle,center,y,y,y,y
여자사람_9_남_01272.jpg,small,center,y,y,y,y
여자사람_9_남_01460.jpg,big,center,y,y,y,y
여자사람_9_남_01559.jpg,middle,center,y,y,y,y
여자사람_9_남_01581.jpg,middle,center,y,y,y,y
여자사람_9_남_01642.jpg,small,center,y,y,y,y
여자사람_9_남_01689.jpg,small,center,y,y,y,y
여자사람_9_남_01710.jpg,small,center,y,y,y,y
여자사람_9_남_01717.jpg,middle,center,y,y,y,y
여자사람_9_남_01762.jpg,big,center,y,y,y,y
여자사람_9_남_01822.jpg,big,center,y,y,y,y
여자사람_9_남_01997.jpg,middle,left,y,y,y,y
여자사람_9_남_02119.jpg,middle,center,y,y,y,y
여자사람_9_남_02157.jpg,small,center,y,y,y,y
여자사람_9_남_02180.jpg,small,center,y,y,y,y
여자사람_9_남_02237.jpg,middle,center,y,y,y,y
여자사람_9_남_02281.jpg,middle,center,y,y,y,y
여자사람_9_남_02326.jpg,small,center,y,y,y,y
여자사람_9_남_02482.jpg,small,center,y,y,y,y
여자사람_9_남_02532.jpg,middle,left,y,y,y,y
여자사람_9_남_02546.jpg,small,center,y,y,y,y
여자사람_9_남_02601.jpg,big,center,y,y,y,y
여자사람_9_남_02750.jpg,big,center,y,y,y,y
여자사람_9_남_02780.jpg,small,center,y,y,y,y
여자사람_9_남_02828.jpg,middle,center,y,y,y,y
여자사람_9_남_02963.jpg,middle,center,y,y,y,y
여자사람_9_남_03045.jpg,small,center,y,y,y,y
여자사람_9_남_03099.jpg,big,center,y,y,y,y
여자사람_9_남_03179.jpg,middle,center,y,y,y,y
여자사람_9_남_03181.jpg,big,center,y,y,y,y
여자사람_9_남_03183.jpg,middle,center,y,y,y,y
여자사람_9_남_03245.jpg,small,center,y,y,y,y
여자사람_9_남_03305.jpg,big,center,y,y,y,y
여자사람_9_남_03338.jpg,middle,center,y,y,y,y
여자사람_9_남_03381.jpg,middle,left,y,y,y,y
여자사람_9_남_03400.jpg,middle,center,y,y,y,y
여자사람_9_남_03632.jpg,big,center,y,y,y,y
여자사람_9_남_03713.jpg,middle,center,y,y,y,y
여자사람_9_남_03725.jpg,small,center,y,y,y,y
여자사람_9_남_03758.jpg,middle,center,y,y,y,y
여자사람_9_남_03816.jpg,small,center,y,y,y,y
여자사람_9_남_03853.jpg,middle,center,y,y,y,y
여자사람_9_남_03935.jpg,middle,center,y,y,y,y
여자사람_9_남_04006.jpg,small,center,y,y,y,y
여자사람_9_남_04066.jpg,big,center,y,y,y,y
여자사람_9_남_04102.jpg,big,center,y,y,y,y
여자사람_9_남_04134.jpg,small,center,y,y,y,y
여자사람_9_남_04176.jpg,middle,center,y,y,y,y
여자사람_9_남_04186.jpg,small,center,y,y,y,y
여자사람_9_남_04215.jpg,big,center,y,y,y,y
여자사람_9_남_04239.jpg,small,center,y,y,y,y
여자사람_9_남_04336.jpg,big,center,y,y,y,y
여자사람_9_남_04338.jpg,middle,center,y,y,y,y
여자사람_9_남_04359.jpg,middle,center,y,y,y,y
여자사람_9_남_04447.jpg,big,center,y,y,y,y
여자사람_9_남_04464.jpg,small,center,y,y,y,y
여자사람_9_남_04648.jpg,middle,center,y,y,y,y
여자사람_9_남_04703.jpg,middle,center,y,y,y,y
여자사람_9_남_04782.jpg,middle,center,y,y,y,y
여자사람_9_남_04819.jpg,big,center,y,y,y,y
여자사람_9_남_04879.jpg,middle,center,y,y,y,y
여자사람_9_남_05082.jpg,small,center,y,y,y,y
여자사람_9_남_05217.jpg,middle,center,y,y,y,y
여자사람_9_남_05274.jpg,middle,center,y,y,y,y
여자사람_9_남_05287.jpg,small,center,y,y,y,y
여자사람_9_남_05290.jpg,small,center,y,y,y,y
여자사람_9_남_05464.jpg,big,center,y,y,y,y
여자사람_9_남_05483.jpg,middle,center,y,y,y,y
여자사람_9_남_05774.jpg,middle,center,y,y,y,y
여자사람_9_남_05845.jpg,middle,center,y,y,y,y
여자사람_9_남_05912.jpg,big,center,y,y,y,y
여자사람_9_남_05924.jpg,middle,center,y,y,y,y
여자사람_9_남_05986.jpg,big,center,y,y,y,y
여자사람_9_남_06026.jpg,middle,left,y,y,y,y
여자사람_9_남_06098.jpg,big,center,y,y,y,y
여자사람_9_남_06341.jpg,big,center,y,y,y,y
여자사람_9_남_06396.jpg,big,center,y,y,y,y
여자사람_9_남_06409.jpg,middle,center,y,y,y,y
여자사람_9_남_06435.jpg,big,center,y,y,y,y
여자사람_9_남_06634.jpg,small,left,y,y,y,y
여자사람_9_남_06685.jpg,middle,center,y,y,y,y
여자사람_9_남_06764.jpg,middle,center,y,y,y,y
여자사람_9_남_06783.jpg,middle,center,y,y,y,y
여자사람_9_남_07039.jpg,middle,center,y,y,y,y
여자사람_9_남_07097.jpg,small,center,y,y,y,y
여자사람_9_남_07098.jpg,small,center,y,y,y,y
여자사람_9_남_07144.jpg,small,center,y,y,y,y
여자사람_9_남_07223.jpg,middle,center,y,y,y,y
여자사람_9_남_07227.jpg,small,center,y,y,y,y
여자사람_9_남_07362.jpg,middle,center,y,y,y,y
여자사람_9_남_07376.jpg,big,center,y,y,y,y
여자사람_9_남_07384.jpg,small,center,y,y,y,y
여자사람_9_남_07476.jpg,middle,left,y,y,y,y
여자사람_9_남_07592.jpg,small,right,y,y,y,y
여자사람_9_남_07659.jpg,small,center,y,y,y,y
여자사람_9_남_07695.jpg,big,center,y,y,y,y
여자사람_9_남_07727.jpg,big,center,y,y,y,y
여자사람_9_남_07961.jpg,middle,center,y,y,y,y
여자사람_9_남_07986.jpg,middle,center,y,y,y,y
여자사람_9_남_08177.jpg,middle,center,y,y,y,y
여자사람_9_남_08186.jpg,middle,center,y,y,y,y
여자사람_9_남_08201.jpg,big,center,y,y,y,y
여자사람_9_남_08295.jpg,middle,center,y,y,y,y
여자사람_9_남_08366.jpg,big,center,y,y,y,y
여자사람_9_남_08390.jpg,small,center,y,y,y,y
여자사람_9_남_08425.jpg,big,center,y,y,y,y
여자사람_9_남_08464.jpg,big,center,y,y,y,y
여자사람_9_남_08495.jpg,middle,center,y,y,y,y
여자사람_9_남_08627.jpg,small,center,y,y,y,y
여자사람_9_남_08697.jpg,big,center,y,y,y,y
여자사람_9_남_08751.jpg,middle,center,y,y,y,y
여자사람_9_남_08758.jpg,middle,center,y,y,y,y
여자사람_9_남_08850.jpg,middle,center,y,y,y,y
여자사람_9_남_08857.jpg,small,left,y,y,y,y
여자사람_9_남_08945.jpg,big,center,y,y,y,y
여자사람_9_남_09027.jpg,small,center,y,y,y,y
여자사람_9_남_09141.jpg,middle,center,y,y,y,y
여자사람_9_남_09142.jpg,small,center,y,y,y,y
여자사람_9_남_09298.jpg,middle,center,y,y,y,y
여자사람_9_남_09352.jpg,middle,center,y,y,y,y
여자사람_9_남_09372.jpg,middle,center,y,y,y,y
여자사람_9_남_09615.jpg,big,center,y,y,y,y
여자사람_9_남_09620.jpg,big,center,y,y,y,y
여자사람_9_남_09711.jpg,middle,center,y,y,y,y
여자사람_9_남_09792.jpg,middle,center,y,y,y,y
여자사람_9_남_09815.jpg,small,center,y,y,y,y
여자사람_9_남_09842.jpg,middle,center,y,y,y,y
여자사람_9_남_09931.jpg,big,center,y,y,y,y
여자사람_9_남_09939.jpg,small,center,y,y,y,y
여자사람_9_남_10021.jpg,middle,center,y,y,y,y
여자사람_9_남_10032.jpg,middle,center,y,y,y,y
여자사람_9_남_10058.jpg,small,left,y,y,y,y
여자사람_9_남_10243.jpg,small,left,y,y,y,y
여자사람_9_남_10285.jpg,big,center,y,y,y,y
여자사람_9_남_10311.jpg,small,center,y,y,y,y
여자사람_9_남_10372.jpg,small,center,y,y,y,y
여자사람_9_남_10465.jpg,small,center,y,y,y,y
여자사람_9_남_10473.jpg,middle,center,y,y,y,y
여자사람_9_남_10522.jpg,middle,right,y,y,y,y
여자사람_9_남_10531.jpg,small,center,y,y,y,y
여자사람_9_남_10604.jpg,small,left,y,y,y,y
여자사람_9_남_10661.jpg,big,center,y,y,y,y
여자사람_9_남_10695.jpg,middle,center,y,y,y,y
여자사람_9_남_10765.jpg,middle,left,y,y,y,y
여자사람_9_남_10901.jpg,middle,center,y,y,y,y
여자사람_9_남_10963.jpg,middle,center,y,y,y,y
여자사람_9_남_11074.jpg,big,center,y,y,y,y
여자사람_9_남_11113.jpg,middle,center,y,y,y,y
여자사람_9_남_11142.jpg,small,center,y,y,y,y
여자사람_9_남_11149.jpg,middle,center,y,y,y,y
여자사람_9_남_11158.jpg,small,left,y,y,y,y
여자사람_9_남_11242.jpg,small,center,y,y,y,y
여자사람_9_남_11301.jpg,middle,center,y,y,y,y
여자사람_9_남_11317.jpg,big,center,y,y,y,y
여자사람_9_남_11498.jpg,big,center,y,y,y,y
여자사람_9_남_11510.jpg,middle,center,y,y,y,y
여자사람_9_남_11652.jpg,middle,center,y,y,y,y
여자사람_9_남_11708.jpg,big,center,y,y,y,y
여자사람_9_남_11730.jpg,small,left,y,y,y,y
여자사람_9_남_11830.jpg,middle,center,y,y,y,y
여자사람_9_남_11854.jpg,middle,center,y,y,y,y
여자사람_9_남_11858.jpg,middle,center,y,y,y,y
여자사람_9_남_12040.jpg,middle,center,y,y,y,y
여자사람_9_남_12078.jpg,small,center,y,y,y,y
여자사람_9_남_12136.jpg,small,center,y,y,y,y
여자사람_9_남_12352.jpg,middle,center,y,y,y,y
여자사람_9_남_12380.jpg,middle,center,y,y,y,y
여자사람_9_남_12434.jpg,big,center,y,y,y,y
여자사람_9_남_12559.jpg,small,center,y,y,y,y
여자사람_9_남_12708.jpg,small,left,y,y,y,y
여자사람_9_남_12836.jpg,big,center,y,y,y,y
여자사람_9_남_12910.jpg,big,center,y,y,y,y
여자사람_9_남_13101.jpg,middle,center,y,y,y,y
여자사람_9_남_13125.jpg,small,center,y,y,y,y
여자사람_9_남_13249.jpg,middle,center,y,y,y,y
여자사람_9_남_13284.jpg,big,center,y,y,y,y
여자사람_9_남_13331.jpg,middle,center,y,y,y,y
여자사람_9_남_13389.jpg,big,center,y,y,y,y
여자사람_9_남_13471.jpg,middle,center,y,y,y,y
여자사람_9_남_13579.jpg,middle,center,y,y,y,y
여자사람_9_남_13807.jpg,small,center,y,y,y,y
여자사람_9_남_13867.jpg,middle,center,y,y,y,y
여자사람_9_남_13948.jpg,big,center,y,y,y,y
여자사람_9_남_13993.jpg,middle,center,y,y,y,y
